scenario_id,variant,scenario_type,difficulty,memory_dependency,context_dependency,ndcg_at_5,precision_at_5,mean_graded_relevance,hcsr,mean_violation_count,unknown_hard_rate,expired_rate,trace_completeness,grounding,evidence_resolution_rate,abstention_rate,handoff_success,decision_log_completeness,turn_count,response_turns,total_latency_ms,task_success,partial_task_score,grounded_claim_count,clarification_efficiency
SC-A-01,full,complete,easy,none,medium,0.8415580415114009,1.0,2.6,1.0,0.0,0.0,0.0,1.0,0.5,1.0,0.0,1.0,1.0,1.0,1.0,31067.777000000002,1.0,1.0,14.0,-1.0
SC-A-01,no_context,complete,easy,none,medium,0.6548086577531306,0.6,1.8,0.6,0.4000000000000001,0.0,0.0,1.0,0.5,1.0,0.0,1.0,1.0,1.0,1.0,74984.82133333334,0.0,0.75,14.0,-1.0
SC-A-01,no_memory,complete,easy,none,medium,0.8415580415114009,1.0,2.6,1.0,0.0,0.0,0.0,1.0,0.7857142857142857,1.0,0.0,1.0,1.0,1.0,1.0,17398.942,1.0,1.0,22.0,-1.0
SC-A-02,full,complete,easy,none,medium,1.0,1.0,3.0,1.0,0.0,0.0,0.0,1.0,0.47826086956521746,1.0,0.0,1.0,1.0,1.0,1.0,16743.486333333334,1.0,1.0,11.0,-1.0
SC-A-02,no_context,complete,easy,none,medium,0.5087403079104241,0.4000000000000001,1.2,0.4000000000000001,0.6,0.0,0.20000000000000004,1.0,0.42857142857142855,1.0,0.0,1.0,1.0,1.0,1.0,15258.203666666668,0.0,0.75,9.0,-1.0
SC-A-02,no_memory,complete,easy,none,medium,1.0,1.0,3.0,1.0,0.0,0.0,0.0,1.0,0.7391304347826088,1.0,0.0,1.0,1.0,1.0,1.0,30874.770666666667,1.0,1.0,17.0,-1.0
SC-A-03,full,complete,easy,none,medium,1.0,1.0,3.0,1.0,0.0,0.0,0.0,1.0,0.2857142857142857,1.0,0.0,1.0,1.0,1.0,1.0,17814.189333333332,1.0,1.0,8.0,-1.0
SC-A-03,no_context,complete,easy,none,medium,0.8687949224876581,0.8000000000000002,2.4,0.8000000000000002,0.20000000000000004,0.0,0.20000000000000004,1.0,0.4523809523809524,1.0,0.0,1.0,1.0,1.0,1.0,73891.92133333333,0.0,0.75,12.666666666666666,-1.0
SC-A-03,no_memory,complete,easy,none,medium,0.7586243475510317,1.0,3.0,1.0,0.0,0.0,0.0,1.0,0.7775742775742777,1.0,0.0,1.0,1.0,1.0,1.0,37517.185333333335,1.0,1.0,15.333333333333334,-1.0
SC-A-04,full,complete,medium,none,medium,0.8415580415114009,1.0,2.6,1.0,0.0,0.0,0.0,1.0,0.4583333333333333,1.0,0.0,1.0,1.0,1.0,1.0,21997.754,1.0,1.0,11.0,-1.0
SC-A-04,no_context,complete,medium,none,medium,0.5147714448836774,0.6,1.8,0.6,0.4000000000000001,0.10000000000000002,0.20000000000000004,1.0,0.5217391304347826,1.0,0.0,1.0,1.0,1.0,1.0,231182.86833333332,0.0,0.75,12.0,-1.0
SC-A-04,no_memory,complete,medium,none,medium,,,,,,,,,1.0,1.0,0.0,1.0,1.0,1.0,1.0,87940.91133333334,0.0,0.25,6.0,-1.0
SC-A-05,full,complete,easy,none,medium,0.9075755242149839,0.8666666666666667,2.6,1.0,0.0,0.0,0.0,1.0,0.45623188405797105,1.0,0.0,1.0,1.0,1.0,1.0,16777.606333333333,1.0,1.0,11.0,-1.0
SC-A-05,no_context,complete,easy,none,medium,0.6608397947263838,0.8000000000000002,2.4,0.8000000000000002,0.4000000000000001,0.10000000000000002,0.20000000000000004,1.0,0.49275362318840576,1.0,0.0,1.0,1.0,1.0,1.0,97829.44966666668,0.0,0.75,11.333333333333334,-1.0
SC-A-05,no_memory,complete,easy,none,medium,1.0,1.0,3.0,1.0,0.0,0.0,0.0,1.0,0.7391304347826088,1.0,0.0,1.0,1.0,1.0,1.0,26980.820333333337,1.0,1.0,17.0,-1.0
SC-A-06,full,complete,medium,none,medium,1.0,1.0,3.0,1.0,0.0,0.0,0.0,1.0,0.3333333333333333,1.0,0.0,1.0,1.0,1.0,1.0,22410.702,1.0,1.0,9.0,-1.0
SC-A-06,no_context,complete,medium,none,medium,0.49125969208957576,0.6,1.8,0.6,0.4000000000000001,0.10000000000000002,0.20000000000000004,1.0,0.5185185185185185,1.0,0.0,1.0,1.0,1.0,1.0,95473.31233333332,0.0,0.75,14.0,-1.0
SC-A-06,no_memory,complete,medium,none,medium,1.0,1.0,3.0,1.0,0.0,0.0,0.0,1.0,0.6296296296296297,1.0,0.0,1.0,1.0,1.0,1.0,19903.513,1.0,1.0,17.0,-1.0
SC-B-01,full,clarification,medium,none,low,1.0,1.0,2.0,1.0,0.0,0.0,0.0,1.0,0.5161290322580645,1.0,0.0,1.0,1.0,2.0,2.0,10755.042666666666,1.0,1.0,16.0,-2.0
SC-B-01,no_context,clarification,medium,none,low,1.0,1.0,2.0,1.0,0.0,0.0,0.0,1.0,0.7741935483870966,1.0,0.0,1.0,1.0,2.0,2.0,31934.455333333335,1.0,1.0,24.0,-2.0
SC-B-01,no_memory,clarification,medium,none,low,1.0,1.0,2.0,1.0,0.0,0.0,0.0,1.0,1.0,1.0,0.0,1.0,1.0,2.0,2.0,43467.476,1.0,1.0,23.0,-2.0
SC-B-02,full,clarification,medium,none,low,1.0,1.0,3.0,1.0,0.0,0.0,0.0,1.0,0.7142857142857143,1.0,0.0,1.0,1.0,2.0,2.0,12861.970333333333,1.0,1.0,15.0,-2.0
SC-B-02,no_context,clarification,medium,none,low,0.529634717214042,0.6,1.8,0.6,0.4000000000000001,0.0,0.4000000000000001,1.0,0.6363636363636364,1.0,0.0,1.0,1.0,2.0,2.0,33521.65733333333,0.0,0.75,14.0,-2.0
SC-B-02,no_memory,clarification,medium,none,low,1.0,1.0,3.0,1.0,0.0,0.0,0.0,1.0,1.0,1.0,0.0,1.0,1.0,2.0,2.0,24218.985,1.0,1.0,16.0,-2.0
SC-B-03,full,clarification,hard,none,low,1.0,1.0,3.0,1.0,0.0,0.0,0.0,1.0,0.9047619047619048,1.0,0.0,1.0,1.0,2.0,2.0,23217.665666666668,1.0,1.0,19.0,-2.0
SC-B-03,no_context,clarification,hard,none,low,0.8539316501572934,0.8000000000000002,2.4,0.8000000000000002,0.20000000000000004,0.0,0.20000000000000004,1.0,0.6999999999999998,1.0,0.0,1.0,1.0,2.0,2.0,64261.614,0.0,0.75,14.0,-2.0
SC-B-03,no_memory,clarification,hard,none,low,1.0,1.0,3.0,1.0,0.0,0.0,0.0,1.0,1.0,1.0,0.0,1.0,1.0,2.0,2.0,41839.74533333333,1.0,1.0,21.0,-2.0
SC-B-04,full,clarification,medium,none,low,0.8573424901769817,0.8000000000000002,1.8,1.0,0.0,0.0,0.0,1.0,0.5666666666666667,1.0,0.0,1.0,1.0,2.0,2.0,13493.333999999997,1.0,1.0,17.0,-2.0
SC-B-04,no_context,clarification,medium,none,low,0.5417552559952586,0.4000000000000001,1.0,0.6,0.4000000000000001,0.10000000000000002,0.20000000000000004,1.0,0.4375,1.0,0.0,1.0,1.0,2.0,2.0,71790.50266666667,0.0,0.75,14.0,-2.0
SC-B-04,no_memory,clarification,medium,none,low,0.7860137352654726,0.8000000000000002,1.6000000000000003,0.8000000000000002,0.20000000000000004,0.0,0.0,1.0,0.9090909090909092,1.0,0.0,1.0,1.0,2.0,2.0,46578.274333333335,0.0,0.75,20.0,-2.0
SC-B-05,full,clarification,medium,none,low,1.0,1.0,3.0,1.0,0.0,0.0,0.0,1.0,0.6842105263157894,1.0,0.0,1.0,1.0,2.0,2.0,27324.902666666665,1.0,1.0,13.0,-2.0
SC-B-05,no_context,clarification,medium,none,low,0.8539316501572934,0.8000000000000002,2.4,0.8000000000000002,0.20000000000000004,0.0,0.20000000000000004,1.0,0.631578947368421,1.0,0.0,1.0,1.0,2.0,2.0,48462.057,0.0,0.75,12.0,-2.0
SC-B-05,no_memory,clarification,medium,none,low,1.0,1.0,3.0,1.0,0.0,0.0,0.0,1.0,1.0,1.0,0.0,1.0,1.0,2.0,2.0,24396.421333333332,1.0,1.0,11.0,-2.0
SC-C-01,full,profile_dialogue_conflict,medium,medium,high,0.936475914927914,1.0,2.4,1.0,0.0,0.0,0.0,1.0,0.7777777777777778,1.0,0.0,1.0,1.0,1.0,1.0,60415.07866666667,1.0,1.0,21.0,-1.0
SC-C-01,no_context,profile_dialogue_conflict,medium,medium,high,0.5309719078307141,0.4000000000000001,1.0,0.4000000000000001,0.6,0.0,0.20000000000000004,1.0,0.8214285714285715,1.0,0.0,1.0,1.0,1.0,1.0,23383.698666666663,0.0,0.75,23.0,-1.0
SC-C-01,no_memory,profile_dialogue_conflict,medium,medium,high,0.936475914927914,1.0,2.4,1.0,0.0,0.0,0.0,1.0,0.7777777777777778,1.0,0.0,1.0,1.0,1.0,1.0,59934.39933333333,1.0,1.0,21.0,-1.0
SC-C-02,full,profile_dialogue_conflict,medium,medium,medium,1.0,1.0,2.0,1.0,0.0,0.0,0.0,1.0,0.7857142857142857,1.0,0.0,1.0,1.0,1.0,1.0,32577.715333333337,1.0,1.0,22.0,-1.0
SC-C-02,no_context,profile_dialogue_conflict,medium,medium,medium,0.5087403079104242,0.4000000000000001,0.8000000000000002,0.4000000000000001,0.6,0.10000000000000002,0.0,1.0,0.9310344827586207,1.0,0.0,1.0,1.0,1.0,1.0,151789.68600000002,0.0,0.75,27.0,-1.0
SC-C-02,no_memory,profile_dialogue_conflict,medium,medium,medium,1.0,1.0,2.0,1.0,0.0,0.0,0.0,1.0,0.7857142857142857,1.0,0.0,1.0,1.0,1.0,1.0,68922.86966666667,1.0,1.0,22.0,-1.0
SC-C-03,full,profile_dialogue_conflict,hard,medium,high,1.0,1.0,2.4,1.0,0.0,0.0,0.0,1.0,0.7692307692307693,1.0,0.0,1.0,1.0,1.0,1.0,36736.454999999994,1.0,1.0,20.0,-1.0
SC-C-03,no_context,profile_dialogue_conflict,hard,medium,high,0.2873629111569347,0.20000000000000004,0.6,0.20000000000000004,0.8000000000000002,0.0,0.20000000000000004,1.0,0.8076923076923078,1.0,0.0,1.0,1.0,1.0,1.0,87535.06366666667,0.0,0.75,21.0,-1.0
SC-C-03,no_memory,profile_dialogue_conflict,hard,medium,high,1.0,1.0,2.4,1.0,0.0,0.0,0.0,1.0,0.7692307692307693,1.0,0.0,1.0,1.0,1.0,1.0,23078.437333333335,1.0,1.0,20.0,-1.0
SC-C-04,full,profile_dialogue_conflict,medium,medium,high,0.8587958726494572,1.0,3.0,1.0,0.0,0.0,0.0,1.0,0.8431372549019608,1.0,0.0,1.0,1.0,1.0,1.0,53204.43266666667,1.0,1.0,14.333333333333334,-1.0
SC-C-04,no_context,profile_dialogue_conflict,medium,medium,high,0.6572885561341879,0.4000000000000001,1.2,0.4000000000000001,0.8000000000000002,0.13333333333333333,0.20000000000000004,1.0,0.7999999999999999,1.0,0.0,1.0,1.0,1.0,1.0,66236.35566666667,0.0,0.75,20.0,-1.0
SC-C-04,no_memory,profile_dialogue_conflict,medium,medium,high,0.8587958726494572,1.0,3.0,1.0,0.0,0.0,0.0,1.0,1.0,1.0,0.0,1.0,1.0,1.0,1.0,13220.310666666666,1.0,1.0,17.0,-1.0
SC-C-05,full,profile_dialogue_conflict,medium,low,medium,1.0,1.0,3.0,1.0,0.0,0.0,0.0,1.0,0.6376811594202898,1.0,0.0,1.0,1.0,1.0,1.0,28406.200666666668,1.0,1.0,14.666666666666666,-1.0
SC-C-05,no_context,profile_dialogue_conflict,medium,low,medium,1.0,1.0,3.0,1.0,0.0,0.0,0.0,1.0,0.43478260869565216,1.0,0.0,1.0,1.0,1.0,1.0,21350.376,1.0,1.0,10.0,-1.0
SC-C-05,no_memory,profile_dialogue_conflict,medium,low,medium,1.0,1.0,3.0,1.0,0.0,0.0,0.0,1.0,0.7391304347826088,1.0,0.0,1.0,1.0,1.0,1.0,42996.82666666667,1.0,1.0,17.0,-1.0
SC-D-01,full,preference_change,medium,high,high,0.9250256699929476,1.0,2.7999999999999994,1.0,0.0,0.0,0.0,1.0,0.4230769230769231,1.0,0.0,1.0,1.0,2.0,2.0,49616.62266666667,1.0,1.0,11.0,-2.0
SC-D-01,no_context,preference_change,medium,high,high,0.49125969208957576,0.6,1.8,0.6,0.4000000000000001,0.0,0.20000000000000004,1.0,0.4230769230769231,1.0,0.0,1.0,1.0,2.0,2.0,109860.42666666668,0.0,0.75,11.0,-2.0
SC-D-01,no_memory,preference_change,medium,high,high,0.6608397947263838,0.8000000000000002,2.4,0.8000000000000002,0.20000000000000004,0.0,0.0,1.0,0.8076923076923078,1.0,0.0,1.0,1.0,2.0,2.0,97489.81466666667,0.0,0.75,21.0,-2.0
SC-D-02,full,preference_change,medium,high,medium,1.0,1.0,2.0,1.0,0.0,0.0,0.0,1.0,0.5517241379310345,1.0,0.0,1.0,1.0,2.0,2.0,19719.043,1.0,1.0,16.0,-2.0
SC-D-02,no_context,preference_change,medium,high,medium,0.5531464700081438,0.4000000000000001,0.8000000000000002,0.4000000000000001,0.6,0.20000000000000004,0.0,1.0,0.7738095238095237,1.0,0.0,1.0,1.0,2.0,2.0,266033.0086666667,0.0,0.75,21.666666666666668,-2.0
SC-D-02,no_memory,preference_change,medium,high,medium,0.47036528278595796,0.4000000000000001,0.8000000000000002,0.4000000000000001,0.6,0.13333333333333333,0.0,1.0,0.7692307692307693,1.0,0.0,1.0,1.0,2.0,2.0,92378.391,0.0,0.75,20.0,-2.0
SC-D-03,full,preference_change,hard,high,high,1.0,1.0,3.0,1.0,0.0,0.0,0.0,1.0,0.68,1.0,0.0,1.0,1.0,2.0,2.0,29858.149999999998,1.0,1.0,17.0,-2.0
SC-D-03,no_context,preference_change,hard,high,high,0.7148893217135844,0.6,1.8,0.6,0.6,0.13333333333333333,0.3333333333333333,1.0,0.5866666666666668,1.0,0.0,1.0,1.0,2.0,2.0,69294.92,0.0,0.75,14.666666666666666,-2.0
SC-D-03,no_memory,preference_change,hard,high,high,0.35938347831696166,0.4666666666666666,1.4000000000000001,0.4666666666666666,0.5333333333333333,0.06666666666666667,0.0,1.0,1.0,1.0,0.0,1.0,1.0,2.0,2.0,37674.26833333333,0.0,0.75,20.333333333333332,-2.0
SC-D-04,full,preference_change,medium,high,medium,0.9250256699929476,1.0,2.7999999999999994,1.0,0.0,0.0,0.0,1.0,0.4761904761904762,1.0,0.0,1.0,1.0,2.0,2.0,49406.661,1.0,1.0,13.333333333333334,-2.0
SC-D-04,no_context,preference_change,medium,high,medium,0.6608397947263838,0.8000000000000002,2.4,0.8000000000000002,0.4000000000000001,0.10000000000000002,0.20000000000000004,1.0,0.511904761904762,1.0,0.0,1.0,1.0,2.0,2.0,141056.22133333332,0.0,0.75,14.333333333333334,-2.0
SC-D-04,no_memory,preference_change,medium,high,medium,0.8777221344374128,1.0,2.7999999999999994,1.0,0.0,0.0,0.0,1.0,0.7777777777777778,1.0,0.0,1.0,1.0,2.0,2.0,73830.59733333334,1.0,1.0,21.0,-2.0
SC-D-05,full,preference_change,medium,high,high,1.0,1.0,3.0,1.0,0.0,0.0,0.0,1.0,0.5,1.0,0.0,1.0,1.0,2.0,2.0,14148.556666666665,1.0,1.0,10.0,-2.0
SC-D-05,no_context,preference_change,medium,high,high,0.8539316501572934,0.8000000000000002,2.4,0.8000000000000002,0.20000000000000004,0.0,0.20000000000000004,1.0,0.5238095238095238,1.0,0.0,1.0,1.0,2.0,2.0,144406.81233333334,0.0,0.75,11.0,-2.0
SC-D-05,no_memory,preference_change,medium,high,high,1.0,1.0,3.0,1.0,0.0,0.0,0.0,1.0,0.6999999999999998,1.0,0.0,1.0,1.0,2.0,2.0,35423.62433333333,1.0,1.0,14.0,-2.0
SC-D-06,full,preference_change,medium,high,medium,0.8415580415114009,1.0,2.6,1.0,0.0,0.0,0.0,1.0,0.7857142857142857,1.0,0.0,1.0,1.0,2.0,2.0,14433.663,1.0,1.0,22.0,-2.0
SC-D-06,no_context,preference_change,medium,high,medium,0.6548086577531306,0.6,1.8,0.6,0.4000000000000001,0.0,0.0,1.0,0.8571428571428571,1.0,0.0,1.0,1.0,2.0,2.0,55460.85566666666,0.0,0.75,24.0,-2.0
SC-D-06,no_memory,preference_change,medium,high,medium,,,,,,,,,,,,1.0,1.0,2.0,2.0,95633.87733333332,0.0,0.0,0.0,-1003.0
SC-D-07,full,preference_change,medium,high,medium,0.8510488233360478,1.0,3.0,1.0,0.0,0.0,0.0,1.0,0.714975845410628,1.0,0.0,1.0,1.0,2.0,2.0,92204.58066666666,1.0,1.0,13.333333333333334,-2.0
SC-D-07,no_context,preference_change,medium,high,medium,0.5087403079104241,0.4000000000000001,1.2,0.4000000000000001,0.6,0.0,0.20000000000000004,1.0,0.7142857142857143,1.0,0.0,1.0,1.0,2.0,2.0,44829.56766666667,0.0,0.75,15.0,-2.0
SC-D-07,no_memory,preference_change,medium,high,medium,,,,,,,,,,,,1.0,1.0,2.0,2.0,171547.912,0.0,0.0,0.0,-1003.0
SC-D-08,full,preference_change,medium,high,medium,1.0,1.0,3.0,1.0,0.0,0.0,0.0,1.0,0.6190476190476191,1.0,0.0,1.0,1.0,2.0,2.0,27368.996,1.0,1.0,17.333333333333332,-2.0
SC-D-08,no_context,preference_change,medium,high,medium,0.8687949224876581,0.8000000000000002,2.4,0.8000000000000002,0.20000000000000004,0.0,0.20000000000000004,1.0,0.7261904761904762,1.0,0.0,1.0,1.0,2.0,2.0,14603.9,0.0,0.75,20.333333333333332,-2.0
SC-D-08,no_memory,preference_change,medium,high,medium,,,,,,,,,,,,1.0,1.0,2.0,2.0,208271.92966666666,0.0,0.0,0.0,-1003.0
SC-D-09,full,preference_change,hard,high,medium,0.8415580415114009,1.0,2.6,1.0,0.0,0.0,0.0,1.0,0.9166666666666666,1.0,0.0,1.0,1.0,2.0,2.0,75947.23433333333,0.3333333333333333,0.5,10.0,-2.0
SC-D-09,no_context,preference_change,hard,high,medium,0.5147714448836774,0.6,1.8,0.6,0.4000000000000001,0.10000000000000002,0.20000000000000004,1.0,0.5072463768115941,1.0,0.0,1.0,1.0,2.0,2.0,30558.29466666667,0.0,0.75,11.666666666666666,-2.0
SC-D-09,no_memory,preference_change,hard,high,medium,,,,,,,,,,,,1.0,1.0,2.0,2.0,141427.24366666665,0.0,0.0,0.0,-1003.0
SC-D-10,full,preference_change,medium,high,medium,1.0,1.0,3.0,1.0,0.0,0.0,0.0,1.0,0.6956521739130435,1.0,0.0,1.0,1.0,2.0,2.0,56681.02599999999,1.0,1.0,16.0,-2.0
SC-D-10,no_context,preference_change,medium,high,medium,0.529634717214042,0.6,1.8,0.6,0.6,0.10000000000000002,0.4000000000000001,1.0,0.8260869565217391,1.0,0.0,1.0,1.0,2.0,2.0,69659.55433333333,0.0,0.75,19.0,-2.0
SC-D-10,no_memory,preference_change,medium,high,medium,,,,,,,,,,,,1.0,1.0,2.0,2.0,63042.33666666667,0.0,0.0,0.0,-1003.0
SC-D-11,full,preference_change,medium,high,medium,0.8649021552349447,1.0,2.6666666666666665,1.0,0.0,0.0,0.0,1.0,0.7659259259259259,1.0,0.0,1.0,1.0,3.0,3.0,62817.94566666667,1.0,1.0,19.666666666666668,-3.0
SC-D-11,no_context,preference_change,medium,high,medium,0.4703652827859579,0.4000000000000001,1.2,0.4000000000000001,0.6,0.10000000000000002,0.0,1.0,0.8205128205128206,1.0,0.0,1.0,1.0,3.0,3.0,12155.204,0.0,0.75,21.333333333333332,-3.0
SC-D-11,no_memory,preference_change,medium,high,medium,,,,,,,,,,,,1.0,1.0,3.0,3.0,215746.81900000002,0.0,0.0,0.0,-1004.0
SC-D-12,full,preference_change,hard,high,high,0.9478815954653227,1.0,2.4,1.0,0.0,0.0,0.0,1.0,0.6543209876543209,1.0,0.0,1.0,1.0,3.0,3.0,64257.996333333336,1.0,1.0,17.666666666666668,-3.0
SC-D-12,no_context,preference_change,hard,high,high,0.4554594382818065,0.20000000000000004,0.6,0.20000000000000004,0.8000000000000002,0.0,0.0,1.0,0.7857142857142857,1.0,0.0,1.0,1.0,3.0,3.0,20157.450666666668,0.0,0.75,22.0,-3.0
SC-D-12,no_memory,preference_change,hard,high,high,,,,,,,,,,,,1.0,1.0,3.0,3.0,63267.97,0.0,0.0,0.0,-1004.0
SC-E-01,full,multiple_hard,hard,none,high,1.0,1.0,3.0,1.0,0.0,0.0,0.0,1.0,0.75,1.0,0.0,1.0,1.0,1.0,1.0,34939.46633333334,1.0,1.0,6.0,-1.0
SC-E-01,no_context,multiple_hard,hard,none,high,1.0,0.20000000000000004,0.6,0.20000000000000004,1.0,0.10000000000000002,0.0,1.0,0.8846153846153846,1.0,0.0,1.0,1.0,1.0,1.0,26771.235333333334,0.0,0.75,23.0,-1.0
SC-E-01,no_memory,multiple_hard,hard,none,high,1.0,1.0,3.0,1.0,0.0,0.0,0.0,1.0,0.75,1.0,0.0,1.0,1.0,1.0,1.0,71501.35033333332,1.0,1.0,6.0,-1.0
SC-E-02,full,multiple_hard,hard,none,high,,,,,,,,,1.0,1.0,0.0,1.0,1.0,1.0,1.0,46871.14166666666,1.0,1.0,6.0,-1.0
SC-E-02,no_context,multiple_hard,hard,none,high,0.0,0.0,0.0,0.0,1.2,0.0,0.20000000000000004,1.0,0.88,1.0,0.0,1.0,1.0,1.0,1.0,322025.6026666667,0.0,0.5,22.0,-1.0
SC-E-02,no_memory,multiple_hard,hard,none,high,,,,,,,,,1.0,1.0,0.0,1.0,1.0,1.0,1.0,27002.63266666667,1.0,1.0,6.0,-1.0
SC-E-03,full,multiple_hard,hard,none,high,0.7428223494387413,1.0,3.0,1.0,0.0,0.0,0.0,1.0,0.6153846153846154,1.0,0.0,1.0,1.0,1.0,1.0,26583.29133333333,1.0,1.0,8.0,-1.0
SC-E-03,no_context,multiple_hard,hard,none,high,0.651615141503056,0.4000000000000001,1.2,0.4000000000000001,1.0,0.15,0.20000000000000004,1.0,0.5925925925925926,1.0,0.0,1.0,1.0,1.0,1.0,44666.82866666667,0.0,0.75,16.0,-1.0
SC-E-03,no_memory,multiple_hard,hard,none,high,0.7428223494387413,1.0,3.0,1.0,0.0,0.0,0.0,1.0,0.7692307692307693,1.0,0.0,1.0,1.0,1.0,1.0,21318.529,1.0,1.0,10.0,-1.0
SC-E-04,full,multiple_hard,hard,none,high,,,,,,,,,1.0,1.0,0.0,1.0,1.0,1.0,1.0,24805.202333333335,1.0,1.0,6.0,-1.0
SC-E-04,no_context,multiple_hard,hard,none,high,,,,0.0,1.8,0.15,0.20000000000000004,1.0,0.782608695652174,1.0,0.0,1.0,1.0,1.0,1.0,83240.65566666667,0.0,0.5,18.0,-1.0
SC-E-04,no_memory,multiple_hard,hard,none,high,,,,,,,,,1.0,1.0,0.0,1.0,1.0,1.0,1.0,20058.124,1.0,1.0,6.0,-1.0
SC-E-05,full,multiple_hard,hard,none,high,1.0,1.0,2.0,1.0,0.0,0.0,0.0,1.0,0.5714285714285714,1.0,0.0,1.0,1.0,1.0,1.0,22826.406333333332,1.0,1.0,4.0,-1.0
SC-E-05,no_context,multiple_hard,hard,none,high,0.0,0.0,0.0,0.0,2.2,0.20000000000000004,0.4000000000000001,1.0,0.7307692307692308,1.0,0.0,1.0,1.0,1.0,1.0,90438.784,0.0,0.75,19.0,-1.0
SC-E-05,no_memory,multiple_hard,hard,none,high,1.0,1.0,2.0,1.0,0.0,0.0,0.0,1.0,0.6666666666666666,1.0,0.0,1.0,1.0,1.0,1.0,16210.731333333335,1.0,1.0,4.666666666666667,-1.0
SC-F-01,full,soft_tradeoff,medium,none,low,1.0,1.0,3.0,1.0,0.0,0.0,0.0,1.0,1.0,1.0,0.0,1.0,1.0,1.0,1.0,25867.13266666667,1.0,1.0,23.0,-1.0
SC-F-01,no_context,soft_tradeoff,medium,none,low,1.0,1.0,3.0,1.0,0.0,0.0,0.0,1.0,1.0,1.0,0.0,1.0,1.0,1.0,1.0,53152.746999999996,1.0,1.0,23.0,-1.0
SC-F-01,no_memory,soft_tradeoff,medium,none,low,1.0,1.0,3.0,1.0,0.0,0.0,0.0,1.0,1.0,1.0,0.0,1.0,1.0,1.0,1.0,28518.766333333333,1.0,1.0,23.0,-1.0
SC-F-02,full,soft_tradeoff,medium,none,low,1.0,1.0,3.0,1.0,0.0,0.0,0.0,1.0,0.9710144927536232,1.0,0.0,1.0,1.0,1.0,1.0,78321.004,1.0,1.0,22.333333333333332,-1.0
SC-F-02,no_context,soft_tradeoff,medium,none,low,1.0,1.0,3.0,1.0,0.0,0.0,0.0,1.0,1.0,1.0,0.0,1.0,1.0,1.0,1.0,37638.806666666664,1.0,1.0,23.0,-1.0
SC-F-02,no_memory,soft_tradeoff,medium,none,low,1.0,1.0,3.0,1.0,0.0,0.0,0.0,1.0,0.927536231884058,1.0,0.0,1.0,1.0,1.0,1.0,55881.34733333333,1.0,1.0,21.333333333333332,-1.0
SC-F-03,full,soft_tradeoff,easy,none,low,1.0,1.0,3.0,1.0,0.0,0.0,0.0,1.0,0.8076416337285902,1.0,0.0,1.0,1.0,1.0,1.0,39698.30533333333,1.0,1.0,18.0,-1.0
SC-F-03,no_context,soft_tradeoff,easy,none,low,1.0,1.0,3.0,1.0,0.0,0.0,0.0,1.0,0.9090909090909092,1.0,0.0,1.0,1.0,1.0,1.0,33970.666333333334,1.0,1.0,20.0,-1.0
SC-F-03,no_memory,soft_tradeoff,easy,none,low,1.0,1.0,3.0,1.0,0.0,0.0,0.0,1.0,1.0,1.0,0.0,1.0,1.0,1.0,1.0,110256.81966666666,1.0,1.0,22.333333333333332,-1.0
SC-F-04,full,soft_tradeoff,medium,none,low,1.0,1.0,3.0,1.0,0.0,0.0,0.0,1.0,0.9,1.0,0.0,1.0,1.0,1.0,1.0,23234.498333333333,1.0,1.0,18.0,-1.0
SC-F-04,no_context,soft_tradeoff,medium,none,low,0.6608397947263838,0.8000000000000002,2.4,0.8000000000000002,0.20000000000000004,0.0,0.20000000000000004,1.0,1.0,1.0,0.0,1.0,1.0,1.0,1.0,13540.110333333332,0.0,0.75,20.0,-1.0
SC-F-04,no_memory,soft_tradeoff,medium,none,low,1.0,1.0,3.0,1.0,0.0,0.0,0.0,1.0,1.0,1.0,0.0,1.0,1.0,1.0,1.0,63368.30766666667,1.0,1.0,20.0,-1.0
SC-G-01,full,ambiguous_role,hard,none,low,0.3316685127789668,0.8000000000000002,1.8,1.0,0.0,0.0,0.0,1.0,0.5517241379310345,1.0,0.0,1.0,1.0,1.0,1.0,38909.128333333334,0.0,0.5,16.0,-1000001.0
SC-G-01,no_context,ambiguous_role,hard,none,low,0.3316685127789668,0.8000000000000002,1.8,1.0,0.0,0.0,0.0,1.0,0.7126436781609197,1.0,0.0,1.0,1.0,1.0,1.0,144309.018,0.0,0.5,20.666666666666668,-1000001.0
SC-G-01,no_memory,ambiguous_role,hard,none,low,0.3316685127789668,0.8000000000000002,1.8,1.0,0.0,0.0,0.0,1.0,0.7931034482758621,1.0,0.0,1.0,1.0,1.0,1.0,68180.803,0.0,0.5,23.0,-1000001.0
SC-G-02,full,ambiguous_role,hard,none,low,0.6477522099264775,1.0,2.4,1.0,0.0,0.0,0.0,1.0,0.8541666666666666,1.0,0.0,1.0,1.0,1.0,1.0,26886.693333333333,0.0,0.5,13.666666666666666,-1000001.0
SC-G-02,no_context,ambiguous_role,hard,none,low,0.4610028261682071,0.6,1.6000000000000003,0.6,0.4000000000000001,0.0,0.4000000000000001,1.0,0.7254901960784315,1.0,0.0,1.0,1.0,1.0,1.0,195728.77399999998,0.0,0.25,12.333333333333334,-1000001.0
SC-G-02,no_memory,ambiguous_role,hard,none,low,0.6477522099264775,1.0,2.4,1.0,0.0,0.0,0.0,1.0,0.875,1.0,0.0,1.0,1.0,1.0,1.0,87101.55733333335,0.0,0.5,14.0,-1000001.0
SC-H-01,full,no_match,hard,none,high,,,,,,,,,1.0,1.0,0.0,1.0,1.0,1.0,1.0,59658.85966666666,1.0,1.0,4.0,-1.0
SC-H-01,no_context,no_match,hard,none,high,,,,0.0,1.3999999999999997,0.13333333333333333,0.20000000000000004,1.0,0.9523809523809522,1.0,0.0,1.0,1.0,1.0,1.0,188396.24466666664,0.0,0.5,20.0,-1.0
SC-H-01,no_memory,no_match,hard,none,high,,,,,,,,,1.0,1.0,0.0,1.0,1.0,1.0,1.0,96074.77766666666,1.0,1.0,4.0,-1.0
SC-H-02,full,no_match,hard,none,high,,,,,,,,,1.0,1.0,0.0,1.0,1.0,1.0,1.0,35972.79033333333,1.0,1.0,4.0,-1.0
SC-H-02,no_context,no_match,hard,none,high,,,,0.0,1.6000000000000003,0.20000000000000004,0.4000000000000001,1.0,0.8181818181818182,1.0,0.0,1.0,1.0,1.0,1.0,73584.07400000001,0.0,0.5,18.0,-1.0
SC-H-02,no_memory,no_match,hard,none,high,,,,,,,,,1.0,1.0,0.0,1.0,1.0,1.0,1.0,86360.92466666667,1.0,1.0,4.0,-1.0
SC-H-03,full,no_match,hard,none,high,,,,,,,,,1.0,1.0,0.0,1.0,1.0,1.0,1.0,25251.914999999997,1.0,1.0,4.0,-1.0
SC-H-03,no_context,no_match,hard,none,high,,,,0.0,1.6000000000000003,0.20000000000000004,0.0,1.0,0.9444444444444443,1.0,0.0,1.0,1.0,1.0,1.0,129542.90133333334,0.0,0.5,17.0,-1.0
SC-H-03,no_memory,no_match,hard,none,high,,,,,,,,,1.0,1.0,0.0,1.0,1.0,1.0,1.0,39138.50266666667,1.0,1.0,4.0,-1.0
