experiment_variant,scenario_id,run_index,run_id,success,response_type,no_match,returned,eligible,claims,dropped_claims,response_turns,session_count,legacy_rule_reparse_turns,candidate_state_version,termination_reason,total_latency_ms,run_dir
full,SC-A-01,0,run-5666f4cf16ada7ef,True,recommendation,False,5,28,14,14,1,1,0,1,recommendation,23529.273,artifacts\main_hybrid\runs\exp-2b33b808a0f8\full\SC-A-01\0
full,SC-A-01,1,run-b092f115d5e62166,True,recommendation,False,5,28,14,14,1,1,0,1,recommendation,52385.152,artifacts\main_hybrid\runs\exp-2b33b808a0f8\full\SC-A-01\1
full,SC-A-01,2,run-b2e669dbbe4fc670,True,recommendation,False,5,28,14,14,1,1,0,1,recommendation,17288.906,artifacts\main_hybrid\runs\exp-2b33b808a0f8\full\SC-A-01\2
full,SC-A-02,0,run-0cf7e0daf535a696,True,recommendation,False,5,25,11,12,1,1,0,1,recommendation,18735.956,artifacts\main_hybrid\runs\exp-2b33b808a0f8\full\SC-A-02\0
full,SC-A-02,1,run-7d86c321e8400460,True,recommendation,False,5,25,11,12,1,1,0,1,recommendation,15656.213,artifacts\main_hybrid\runs\exp-2b33b808a0f8\full\SC-A-02\1
full,SC-A-02,2,run-8edfe902496d790d,True,recommendation,False,5,25,11,12,1,1,0,1,recommendation,15838.29,artifacts\main_hybrid\runs\exp-2b33b808a0f8\full\SC-A-02\2
full,SC-A-03,0,run-f1c7a1720441050f,True,recommendation,False,5,28,8,20,1,1,0,1,recommendation,19475.391,artifacts\main_hybrid\runs\exp-2b33b808a0f8\full\SC-A-03\0
full,SC-A-03,1,run-6ea4b87277a7d89d,True,recommendation,False,5,28,8,20,1,1,0,1,recommendation,16732.974,artifacts\main_hybrid\runs\exp-2b33b808a0f8\full\SC-A-03\1
full,SC-A-03,2,run-2ca84da882aaf57d,True,recommendation,False,5,28,8,20,1,1,0,1,recommendation,17234.203,artifacts\main_hybrid\runs\exp-2b33b808a0f8\full\SC-A-03\2
full,SC-A-04,0,run-326bfbb0f8ea7d96,True,recommendation,False,5,24,11,13,1,1,0,1,recommendation,25335.778,artifacts\main_hybrid\runs\exp-2b33b808a0f8\full\SC-A-04\0
full,SC-A-04,1,run-745eb0d732d3c8be,True,recommendation,False,5,24,11,13,1,1,0,1,recommendation,16916.828,artifacts\main_hybrid\runs\exp-2b33b808a0f8\full\SC-A-04\1
full,SC-A-04,2,run-ad7e5cf3555f7cf1,True,recommendation,False,5,24,11,13,1,1,0,1,recommendation,23740.656,artifacts\main_hybrid\runs\exp-2b33b808a0f8\full\SC-A-04\2
full,SC-A-05,0,run-d079e2109bf6da9a,True,recommendation,False,5,27,7,16,1,1,0,1,recommendation,17960.263,artifacts\main_hybrid\runs\exp-2b33b808a0f8\full\SC-A-05\0
full,SC-A-05,1,run-1827ab6678b4100e,True,recommendation,False,5,6,19,6,1,1,0,1,recommendation,16073.694,artifacts\main_hybrid\runs\exp-2b33b808a0f8\full\SC-A-05\1
full,SC-A-05,2,run-17af457d3e773d12,True,recommendation,False,5,27,7,16,1,1,0,1,recommendation,16298.862,artifacts\main_hybrid\runs\exp-2b33b808a0f8\full\SC-A-05\2
full,SC-A-06,0,run-64c414548a26e255,True,recommendation,False,5,28,9,18,1,1,0,1,recommendation,24173.112,artifacts\main_hybrid\runs\exp-2b33b808a0f8\full\SC-A-06\0
full,SC-A-06,1,run-9a86c7d7c5a2206a,True,recommendation,False,5,28,9,18,1,1,0,1,recommendation,17625.343,artifacts\main_hybrid\runs\exp-2b33b808a0f8\full\SC-A-06\1
full,SC-A-06,2,run-ff551810526d18de,True,recommendation,False,5,28,9,18,1,1,0,1,recommendation,25433.651,artifacts\main_hybrid\runs\exp-2b33b808a0f8\full\SC-A-06\2
full,SC-B-01,0,run-fa92f9e908dcd179,True,recommendation,False,5,42,22,9,2,1,0,1,recommendation,8402.333,artifacts\main_hybrid\runs\exp-2b33b808a0f8\full\SC-B-01\0
full,SC-B-01,1,run-7a43182838a92b4d,True,recommendation,False,5,42,13,18,2,1,0,1,recommendation,10535.92,artifacts\main_hybrid\runs\exp-2b33b808a0f8\full\SC-B-01\1
full,SC-B-01,2,run-107e053141aef5a2,True,recommendation,False,5,42,13,18,2,1,0,1,recommendation,13326.875,artifacts\main_hybrid\runs\exp-2b33b808a0f8\full\SC-B-01\2
full,SC-B-02,0,run-9e13e54cda7d586a,True,recommendation,False,5,43,15,6,2,1,0,1,recommendation,8748.228,artifacts\main_hybrid\runs\exp-2b33b808a0f8\full\SC-B-02\0
full,SC-B-02,1,run-bdbb3ee62a506ea8,True,recommendation,False,5,43,15,6,2,1,0,1,recommendation,15069.86,artifacts\main_hybrid\runs\exp-2b33b808a0f8\full\SC-B-02\1
full,SC-B-02,2,run-b6164e0a3c9ee1c7,True,recommendation,False,5,43,15,6,2,1,0,1,recommendation,14767.823,artifacts\main_hybrid\runs\exp-2b33b808a0f8\full\SC-B-02\2
full,SC-B-03,0,run-03911a9fa173759b,True,recommendation,False,5,43,15,6,2,1,0,1,recommendation,8435.273,artifacts\main_hybrid\runs\exp-2b33b808a0f8\full\SC-B-03\0
full,SC-B-03,1,run-cf376438c8a0f3d5,True,recommendation,False,5,43,21,0,2,1,0,1,recommendation,46945.637,artifacts\main_hybrid\runs\exp-2b33b808a0f8\full\SC-B-03\1
full,SC-B-03,2,run-1ccf8759fdd4aeaf,True,recommendation,False,5,43,21,0,2,1,0,1,recommendation,14272.087,artifacts\main_hybrid\runs\exp-2b33b808a0f8\full\SC-B-03\2
full,SC-B-04,0,run-36dc5599241ff74c,True,recommendation,False,5,26,13,17,2,1,0,1,recommendation,9238.291,artifacts\main_hybrid\runs\exp-2b33b808a0f8\full\SC-B-04\0
full,SC-B-04,1,run-eb3dc172de7476ad,True,recommendation,False,5,26,19,11,2,1,0,1,recommendation,8816.38,artifacts\main_hybrid\runs\exp-2b33b808a0f8\full\SC-B-04\1
full,SC-B-04,2,run-54dd198bde19e6cf,True,recommendation,False,5,26,19,11,2,1,0,1,recommendation,22425.331,artifacts\main_hybrid\runs\exp-2b33b808a0f8\full\SC-B-04\2
full,SC-B-05,0,run-a1dd10a320d74492,True,recommendation,False,5,43,16,3,2,1,0,1,recommendation,17648.335,artifacts\main_hybrid\runs\exp-2b33b808a0f8\full\SC-B-05\0
full,SC-B-05,1,run-fb3ce97f197123d1,True,recommendation,False,5,43,10,9,2,1,0,1,recommendation,13150.07,artifacts\main_hybrid\runs\exp-2b33b808a0f8\full\SC-B-05\1
full,SC-B-05,2,run-92029ec55433f4ad,True,recommendation,False,5,43,13,6,2,1,0,1,recommendation,51176.303,artifacts\main_hybrid\runs\exp-2b33b808a0f8\full\SC-B-05\2
full,SC-C-01,0,run-2913a8bf3b14dd18,True,recommendation,False,5,8,21,6,1,1,0,1,recommendation,58938.99,artifacts\main_hybrid\runs\exp-2b33b808a0f8\full\SC-C-01\0
full,SC-C-01,1,run-421a9e310b9451d9,True,recommendation,False,5,8,21,6,1,1,0,1,recommendation,13531.999,artifacts\main_hybrid\runs\exp-2b33b808a0f8\full\SC-C-01\1
full,SC-C-01,2,run-98bc95649ddb8f4c,True,recommendation,False,5,8,21,6,1,1,0,1,recommendation,108774.247,artifacts\main_hybrid\runs\exp-2b33b808a0f8\full\SC-C-01\2
full,SC-C-02,0,run-156a83b4e0f32cfa,True,recommendation,False,5,25,22,6,1,1,0,1,recommendation,15691.162,artifacts\main_hybrid\runs\exp-2b33b808a0f8\full\SC-C-02\0
full,SC-C-02,1,run-1d989b2933796a16,True,recommendation,False,5,25,22,6,1,1,0,1,recommendation,24506.654,artifacts\main_hybrid\runs\exp-2b33b808a0f8\full\SC-C-02\1
full,SC-C-02,2,run-3ee3b3533922c3cd,True,recommendation,False,5,25,22,6,1,1,0,1,recommendation,57535.33,artifacts\main_hybrid\runs\exp-2b33b808a0f8\full\SC-C-02\2
full,SC-C-03,0,run-a2a07f1fba72c484,True,recommendation,False,5,8,20,6,1,1,0,1,recommendation,48388.364,artifacts\main_hybrid\runs\exp-2b33b808a0f8\full\SC-C-03\0
full,SC-C-03,1,run-c70b83220468c5cb,True,recommendation,False,5,8,20,6,1,1,0,1,recommendation,14639.524,artifacts\main_hybrid\runs\exp-2b33b808a0f8\full\SC-C-03\1
full,SC-C-03,2,run-4bc70e3c7d09ccca,True,recommendation,False,5,8,20,6,1,1,0,1,recommendation,47181.477,artifacts\main_hybrid\runs\exp-2b33b808a0f8\full\SC-C-03\2
full,SC-C-04,0,run-dcd3f088d2742101,True,recommendation,False,3,3,17,0,1,1,0,1,recommendation,43971.035,artifacts\main_hybrid\runs\exp-2b33b808a0f8\full\SC-C-04\0
full,SC-C-04,1,run-1bae4fcd56bdaa2f,True,recommendation,False,3,3,13,4,1,1,0,1,recommendation,32645.674,artifacts\main_hybrid\runs\exp-2b33b808a0f8\full\SC-C-04\1
full,SC-C-04,2,run-df736f776a055b72,True,recommendation,False,3,3,13,4,1,1,0,1,recommendation,82996.589,artifacts\main_hybrid\runs\exp-2b33b808a0f8\full\SC-C-04\2
full,SC-C-05,0,run-217b27c32888985d,True,recommendation,False,5,24,17,6,1,1,0,1,recommendation,24362.259,artifacts\main_hybrid\runs\exp-2b33b808a0f8\full\SC-C-05\0
full,SC-C-05,1,run-85fcaf049510f0ee,True,recommendation,False,5,24,10,13,1,1,0,1,recommendation,45893.382,artifacts\main_hybrid\runs\exp-2b33b808a0f8\full\SC-C-05\1
full,SC-C-05,2,run-3dcf417f7bfa03b2,True,recommendation,False,5,24,17,6,1,1,0,1,recommendation,14962.961,artifacts\main_hybrid\runs\exp-2b33b808a0f8\full\SC-C-05\2
full,SC-D-01,0,run-ae9c163f6630a5f8,True,recommendation,False,5,28,11,15,2,1,0,1,recommendation,51237.875,artifacts\main_hybrid\runs\exp-2b33b808a0f8\full\SC-D-01\0
full,SC-D-01,1,run-ae142c1131d1a913,True,recommendation,False,5,28,11,15,2,1,0,1,recommendation,53564.53,artifacts\main_hybrid\runs\exp-2b33b808a0f8\full\SC-D-01\1
full,SC-D-01,2,run-080f51e2e1f6de5b,True,recommendation,False,5,28,11,15,2,1,0,1,recommendation,44047.463,artifacts\main_hybrid\runs\exp-2b33b808a0f8\full\SC-D-01\2
full,SC-D-02,0,run-598aaa80449e6816,True,recommendation,False,5,8,16,13,2,1,0,1,recommendation,16462.427,artifacts\main_hybrid\runs\exp-2b33b808a0f8\full\SC-D-02\0
full,SC-D-02,1,run-eac9a626a1d8c14b,True,recommendation,False,5,8,16,13,2,1,0,1,recommendation,26682.536,artifacts\main_hybrid\runs\exp-2b33b808a0f8\full\SC-D-02\1
full,SC-D-02,2,run-3d2d41ba2235d5fd,True,recommendation,False,5,8,16,13,2,1,0,1,recommendation,16012.166,artifacts\main_hybrid\runs\exp-2b33b808a0f8\full\SC-D-02\2
full,SC-D-03,0,run-da80cb0756bb72c1,True,recommendation,False,5,11,19,6,2,1,0,1,recommendation,14886.987,artifacts\main_hybrid\runs\exp-2b33b808a0f8\full\SC-D-03\0
full,SC-D-03,1,run-024c8ebdc05e33a8,True,recommendation,False,5,11,19,6,2,1,0,1,recommendation,12360.201,artifacts\main_hybrid\runs\exp-2b33b808a0f8\full\SC-D-03\1
full,SC-D-03,2,run-fd7c4293eec328ed,True,recommendation,False,5,11,13,12,2,1,0,1,recommendation,62327.262,artifacts\main_hybrid\runs\exp-2b33b808a0f8\full\SC-D-03\2
full,SC-D-04,0,run-db0288cd0d7d2c01,True,recommendation,False,5,19,9,19,2,1,0,1,recommendation,51068.007,artifacts\main_hybrid\runs\exp-2b33b808a0f8\full\SC-D-04\0
full,SC-D-04,1,run-ebcbbda81e609372,True,recommendation,False,5,19,22,6,2,1,0,1,recommendation,17557.353,artifacts\main_hybrid\runs\exp-2b33b808a0f8\full\SC-D-04\1
full,SC-D-04,2,run-cc4aa8875144e42e,True,recommendation,False,5,19,9,19,2,1,0,1,recommendation,79594.623,artifacts\main_hybrid\runs\exp-2b33b808a0f8\full\SC-D-04\2
full,SC-D-05,0,run-f0f90499d9da1b0c,True,recommendation,False,5,24,8,12,2,1,0,1,recommendation,14972.188,artifacts\main_hybrid\runs\exp-2b33b808a0f8\full\SC-D-05\0
full,SC-D-05,1,run-755195f7318a0011,True,recommendation,False,5,24,8,12,2,1,0,1,recommendation,16223.966,artifacts\main_hybrid\runs\exp-2b33b808a0f8\full\SC-D-05\1
full,SC-D-05,2,run-6fc1c1ab955868bf,True,recommendation,False,5,24,14,6,2,1,0,1,recommendation,11249.516,artifacts\main_hybrid\runs\exp-2b33b808a0f8\full\SC-D-05\2
full,SC-E-01,0,run-66a8f123be374114,True,recommendation,False,1,1,6,2,1,1,0,1,recommendation,48606.869,artifacts\main_hybrid\runs\exp-2b33b808a0f8\full\SC-E-01\0
full,SC-E-01,1,run-47f6297369f81ccd,True,recommendation,False,1,1,6,2,1,1,0,1,recommendation,17350.807,artifacts\main_hybrid\runs\exp-2b33b808a0f8\full\SC-E-01\1
full,SC-E-01,2,run-9f21a8e6490902ba,True,recommendation,False,1,1,6,2,1,1,0,1,recommendation,38860.723,artifacts\main_hybrid\runs\exp-2b33b808a0f8\full\SC-E-01\2
full,SC-E-02,0,run-941a417fbfa17bc2,True,no_match,True,0,0,6,0,1,1,0,1,no_match,52919.818,artifacts\main_hybrid\runs\exp-2b33b808a0f8\full\SC-E-02\0
full,SC-E-02,1,run-12fb92d02cac28d4,True,no_match,True,0,0,6,0,1,1,0,1,no_match,48915.157,artifacts\main_hybrid\runs\exp-2b33b808a0f8\full\SC-E-02\1
full,SC-E-02,2,run-687c36eb4319093b,True,no_match,True,0,0,6,0,1,1,0,1,no_match,38778.45,artifacts\main_hybrid\runs\exp-2b33b808a0f8\full\SC-E-02\2
full,SC-E-03,0,run-a684c987a3ec5dee,True,recommendation,False,2,2,10,3,1,1,0,1,recommendation,40494.509,artifacts\main_hybrid\runs\exp-2b33b808a0f8\full\SC-E-03\0
full,SC-E-03,1,run-ced95cf1de255212,True,recommendation,False,2,2,7,6,1,1,0,1,recommendation,17550.509,artifacts\main_hybrid\runs\exp-2b33b808a0f8\full\SC-E-03\1
full,SC-E-03,2,run-21bdbb0a764f6a52,True,recommendation,False,2,2,7,6,1,1,0,1,recommendation,21704.856,artifacts\main_hybrid\runs\exp-2b33b808a0f8\full\SC-E-03\2
full,SC-E-04,0,run-f183f5c9ad2b506d,True,no_match,True,0,0,6,0,1,1,0,1,no_match,40147.188,artifacts\main_hybrid\runs\exp-2b33b808a0f8\full\SC-E-04\0
full,SC-E-04,1,run-d5391398dafa86db,True,no_match,True,0,0,6,0,1,1,0,1,no_match,16202.434,artifacts\main_hybrid\runs\exp-2b33b808a0f8\full\SC-E-04\1
full,SC-E-04,2,run-2b7de8cfa05c2685,True,no_match,True,0,0,6,0,1,1,0,1,no_match,18065.985,artifacts\main_hybrid\runs\exp-2b33b808a0f8\full\SC-E-04\2
full,SC-E-05,0,run-dab4f8912ef30e26,True,recommendation,False,1,1,4,3,1,1,0,1,recommendation,32469.77,artifacts\main_hybrid\runs\exp-2b33b808a0f8\full\SC-E-05\0
full,SC-E-05,1,run-7fbcf6b9cab7e077,True,recommendation,False,1,1,4,3,1,1,0,1,recommendation,21582.461,artifacts\main_hybrid\runs\exp-2b33b808a0f8\full\SC-E-05\1
full,SC-E-05,2,run-bba43343a3c8f7a7,True,recommendation,False,1,1,4,3,1,1,0,1,recommendation,14426.988,artifacts\main_hybrid\runs\exp-2b33b808a0f8\full\SC-E-05\2
full,SC-F-01,0,run-c31fdf2665c43f45,True,recommendation,False,5,43,23,0,1,1,0,1,recommendation,47052.613,artifacts\main_hybrid\runs\exp-2b33b808a0f8\full\SC-F-01\0
full,SC-F-01,1,run-aef2c0f3501e6b9f,True,recommendation,False,5,43,23,0,1,1,0,1,recommendation,15212.137,artifacts\main_hybrid\runs\exp-2b33b808a0f8\full\SC-F-01\1
full,SC-F-01,2,run-8c29734783624630,True,recommendation,False,5,43,23,0,1,1,0,1,recommendation,15336.648,artifacts\main_hybrid\runs\exp-2b33b808a0f8\full\SC-F-01\2
full,SC-F-02,0,run-7c7ff2af92c151e9,True,recommendation,False,5,44,23,0,1,1,0,1,recommendation,148320.189,artifacts\main_hybrid\runs\exp-2b33b808a0f8\full\SC-F-02\0
full,SC-F-02,1,run-3077d26358e3e6c2,True,recommendation,False,5,44,21,2,1,1,0,1,recommendation,57977.724,artifacts\main_hybrid\runs\exp-2b33b808a0f8\full\SC-F-02\1
full,SC-F-02,2,run-2c80b667b1e14131,True,recommendation,False,5,44,23,0,1,1,0,1,recommendation,28665.099,artifacts\main_hybrid\runs\exp-2b33b808a0f8\full\SC-F-02\2
full,SC-F-03,0,run-9ddf9be03d779768,True,recommendation,False,5,43,16,7,1,1,0,1,recommendation,59374.682,artifacts\main_hybrid\runs\exp-2b33b808a0f8\full\SC-F-03\0
full,SC-F-03,1,run-a34dc91443138554,True,recommendation,False,5,43,22,0,1,1,0,1,recommendation,15024.288,artifacts\main_hybrid\runs\exp-2b33b808a0f8\full\SC-F-03\1
full,SC-F-03,2,run-cca66c90ef3b41c8,True,recommendation,False,5,43,16,6,1,1,0,1,recommendation,44695.946,artifacts\main_hybrid\runs\exp-2b33b808a0f8\full\SC-F-03\2
full,SC-F-04,0,run-d7f33141b5694988,True,recommendation,False,5,44,20,0,1,1,0,1,recommendation,15304.507,artifacts\main_hybrid\runs\exp-2b33b808a0f8\full\SC-F-04\0
full,SC-F-04,1,run-1ad5774f2ec38993,True,recommendation,False,5,44,20,0,1,1,0,1,recommendation,14770.248,artifacts\main_hybrid\runs\exp-2b33b808a0f8\full\SC-F-04\1
full,SC-F-04,2,run-22c72107573a4b60,True,recommendation,False,5,44,14,6,1,1,0,1,recommendation,39628.74,artifacts\main_hybrid\runs\exp-2b33b808a0f8\full\SC-F-04\2
full,SC-G-01,0,run-49d441481d22eaff,True,recommendation,False,5,37,16,13,1,1,0,1,recommendation,32919.353,artifacts\main_hybrid\runs\exp-2b33b808a0f8\full\SC-G-01\0
full,SC-G-01,1,run-1584d685946fcbab,True,recommendation,False,5,37,16,13,1,1,0,1,recommendation,44950.252,artifacts\main_hybrid\runs\exp-2b33b808a0f8\full\SC-G-01\1
full,SC-G-01,2,run-e397ddb5605064f3,True,recommendation,False,5,37,16,13,1,1,0,1,recommendation,38857.78,artifacts\main_hybrid\runs\exp-2b33b808a0f8\full\SC-G-01\2
full,SC-G-02,0,run-8283757cadda12d5,True,recommendation,False,5,8,16,0,1,1,0,1,recommendation,36860.417,artifacts\main_hybrid\runs\exp-2b33b808a0f8\full\SC-G-02\0
full,SC-G-02,1,run-4171e29a7613b1bb,True,recommendation,False,5,8,16,0,1,1,0,1,recommendation,19332.06,artifacts\main_hybrid\runs\exp-2b33b808a0f8\full\SC-G-02\1
full,SC-G-02,2,run-4cfc7acc42bc677f,True,recommendation,False,5,41,9,7,1,1,0,1,recommendation,24467.603,artifacts\main_hybrid\runs\exp-2b33b808a0f8\full\SC-G-02\2
full,SC-H-01,0,run-43c4da5d1e40deed,True,no_match,True,0,0,4,0,1,1,0,1,no_match,52882.784,artifacts\main_hybrid\runs\exp-2b33b808a0f8\full\SC-H-01\0
full,SC-H-01,1,run-d6bc8b2743ea5575,True,no_match,True,0,0,4,0,1,1,0,1,no_match,43891.551,artifacts\main_hybrid\runs\exp-2b33b808a0f8\full\SC-H-01\1
full,SC-H-01,2,run-0b241366a68aba6a,True,no_match,True,0,0,4,0,1,1,0,1,no_match,82202.244,artifacts\main_hybrid\runs\exp-2b33b808a0f8\full\SC-H-01\2
full,SC-H-02,0,run-654b90f4ea145d67,True,no_match,True,0,0,4,0,1,1,0,1,no_match,13880.837,artifacts\main_hybrid\runs\exp-2b33b808a0f8\full\SC-H-02\0
full,SC-H-02,1,run-a8d5484d741c645d,True,no_match,True,0,0,4,0,1,1,0,1,no_match,12836.422,artifacts\main_hybrid\runs\exp-2b33b808a0f8\full\SC-H-02\1
full,SC-H-02,2,run-8eb43eb6eddc29f4,True,no_match,True,0,0,4,0,1,1,0,1,no_match,81201.112,artifacts\main_hybrid\runs\exp-2b33b808a0f8\full\SC-H-02\2
full,SC-H-03,0,run-978c7a8b98891c5e,True,no_match,True,0,0,4,0,1,1,0,1,no_match,15090.684,artifacts\main_hybrid\runs\exp-2b33b808a0f8\full\SC-H-03\0
full,SC-H-03,1,run-0b43fa2950981ced,True,no_match,True,0,0,4,0,1,1,0,1,no_match,15043.899,artifacts\main_hybrid\runs\exp-2b33b808a0f8\full\SC-H-03\1
full,SC-H-03,2,run-ad742266be315739,True,no_match,True,0,0,4,0,1,1,0,1,no_match,45621.162,artifacts\main_hybrid\runs\exp-2b33b808a0f8\full\SC-H-03\2
full,SC-D-06,0,run-2883d20895417f2d,True,recommendation,False,5,28,22,6,2,1,0,1,recommendation,14938.838,artifacts\main_hybrid\runs\exp-2b33b808a0f8\full\SC-D-06\0
full,SC-D-06,1,run-48f83c5035a70d6d,True,recommendation,False,5,28,22,6,2,1,0,1,recommendation,14039.675,artifacts\main_hybrid\runs\exp-2b33b808a0f8\full\SC-D-06\1
full,SC-D-06,2,run-3a63d8383c08c8ac,True,recommendation,False,5,28,22,6,2,1,0,1,recommendation,14322.476,artifacts\main_hybrid\runs\exp-2b33b808a0f8\full\SC-D-06\2
full,SC-D-07,0,run-3f6da378062ee821,True,recommendation,False,5,25,17,6,2,1,0,1,recommendation,105485.652,artifacts\main_hybrid\runs\exp-2b33b808a0f8\full\SC-D-07\0
full,SC-D-07,1,run-303c21611e8d6d35,True,recommendation,False,2,2,6,3,2,1,0,1,recommendation,59407.359,artifacts\main_hybrid\runs\exp-2b33b808a0f8\full\SC-D-07\1
full,SC-D-07,2,run-314cd6efe084d5fe,True,recommendation,False,5,25,17,6,2,1,0,1,recommendation,111720.731,artifacts\main_hybrid\runs\exp-2b33b808a0f8\full\SC-D-07\2
full,SC-D-08,0,run-56a885c3be5ad659,True,recommendation,False,5,28,16,12,2,1,0,1,recommendation,22309.932,artifacts\main_hybrid\runs\exp-2b33b808a0f8\full\SC-D-08\0
full,SC-D-08,1,run-622791b4d7dc0c20,True,recommendation,False,5,28,14,14,2,1,0,1,recommendation,44815.815,artifacts\main_hybrid\runs\exp-2b33b808a0f8\full\SC-D-08\1
full,SC-D-08,2,run-299407f942ccfe44,True,recommendation,False,5,28,22,6,2,1,0,1,recommendation,14981.241,artifacts\main_hybrid\runs\exp-2b33b808a0f8\full\SC-D-08\2
full,SC-D-09,0,run-85eabeb58e5c97e7,True,recommendation,False,5,24,18,6,2,1,0,1,recommendation,89503.117,artifacts\main_hybrid\runs\exp-2b33b808a0f8\full\SC-D-09\0
full,SC-D-09,1,run-8c6292478d058b13,True,no_match,True,0,0,6,0,2,1,0,1,no_match,83917.938,artifacts\main_hybrid\runs\exp-2b33b808a0f8\full\SC-D-09\1
full,SC-D-09,2,run-6696f865d45b6987,True,no_match,True,0,0,6,0,2,1,0,1,no_match,54420.648,artifacts\main_hybrid\runs\exp-2b33b808a0f8\full\SC-D-09\2
full,SC-D-10,0,run-5e07d16f1f5b2987,True,recommendation,False,5,27,18,5,2,1,0,1,recommendation,44582.155,artifacts\main_hybrid\runs\exp-2b33b808a0f8\full\SC-D-10\0
full,SC-D-10,1,run-760ccd016850aaab,True,recommendation,False,5,27,12,11,2,1,0,1,recommendation,89240.786,artifacts\main_hybrid\runs\exp-2b33b808a0f8\full\SC-D-10\1
full,SC-D-10,2,run-1b7414577607656b,True,recommendation,False,5,27,18,5,2,1,0,1,recommendation,36220.137,artifacts\main_hybrid\runs\exp-2b33b808a0f8\full\SC-D-10\2
full,SC-D-11,0,run-5f615659d79c5e37,True,recommendation,False,5,28,19,6,3,1,0,1,recommendation,147459.571,artifacts\main_hybrid\runs\exp-2b33b808a0f8\full\SC-D-11\0
full,SC-D-11,1,run-1b3af856ea0d78ba,True,recommendation,False,5,8,21,6,3,1,0,1,recommendation,26943.747,artifacts\main_hybrid\runs\exp-2b33b808a0f8\full\SC-D-11\1
full,SC-D-11,2,run-2e6341eef0f780f9,True,recommendation,False,5,28,19,6,3,1,0,1,recommendation,14050.519,artifacts\main_hybrid\runs\exp-2b33b808a0f8\full\SC-D-11\2
full,SC-D-12,0,run-f8641a2b2b522c65,True,recommendation,False,5,8,18,9,3,1,0,1,recommendation,15850.902,artifacts\main_hybrid\runs\exp-2b33b808a0f8\full\SC-D-12\0
full,SC-D-12,1,run-8628fb2f21bdfa9a,True,recommendation,False,5,8,17,10,3,1,0,1,recommendation,150363.711,artifacts\main_hybrid\runs\exp-2b33b808a0f8\full\SC-D-12\1
full,SC-D-12,2,run-5ab8996c310b76bc,True,recommendation,False,5,8,18,9,3,1,0,1,recommendation,26559.376,artifacts\main_hybrid\runs\exp-2b33b808a0f8\full\SC-D-12\2
no_memory,SC-A-01,0,run-f2913fb769b7d837,True,recommendation,False,5,28,22,6,1,1,0,1,recommendation,19405.226,artifacts\main_hybrid\runs\exp-2b33b808a0f8\no_memory\SC-A-01\0
no_memory,SC-A-01,1,run-548b9449d2e5ac2b,True,recommendation,False,5,28,22,6,1,1,0,1,recommendation,17723.602,artifacts\main_hybrid\runs\exp-2b33b808a0f8\no_memory\SC-A-01\1
no_memory,SC-A-01,2,run-cfbfb19332bde82e,True,recommendation,False,5,28,22,6,1,1,0,1,recommendation,15067.998,artifacts\main_hybrid\runs\exp-2b33b808a0f8\no_memory\SC-A-01\2
no_memory,SC-A-02,0,run-7b8861c80024d738,True,recommendation,False,5,25,17,6,1,1,0,1,recommendation,14779.315,artifacts\main_hybrid\runs\exp-2b33b808a0f8\no_memory\SC-A-02\0
no_memory,SC-A-02,1,run-cacf78bafbbad965,True,recommendation,False,5,25,17,6,1,1,0,1,recommendation,29899.415,artifacts\main_hybrid\runs\exp-2b33b808a0f8\no_memory\SC-A-02\1
no_memory,SC-A-02,2,run-cec16e049668dcae,True,recommendation,False,5,25,17,6,1,1,0,1,recommendation,47945.582,artifacts\main_hybrid\runs\exp-2b33b808a0f8\no_memory\SC-A-02\2
no_memory,SC-A-03,0,run-427de9f5f80631bb,True,recommendation,False,2,2,10,3,1,1,0,1,recommendation,14875.312,artifacts\main_hybrid\runs\exp-2b33b808a0f8\no_memory\SC-A-03\0
no_memory,SC-A-03,1,run-13a88125b47c3116,True,recommendation,False,5,28,22,6,1,1,0,1,recommendation,47517.953,artifacts\main_hybrid\runs\exp-2b33b808a0f8\no_memory\SC-A-03\1
no_memory,SC-A-03,2,run-65fb89d7c4ce4fff,True,recommendation,False,3,3,14,4,1,1,0,1,recommendation,50158.291,artifacts\main_hybrid\runs\exp-2b33b808a0f8\no_memory\SC-A-03\2
no_memory,SC-A-04,0,run-eeb7dfd13c9983fc,True,no_match,True,0,0,6,0,1,1,0,1,no_match,23834.426,artifacts\main_hybrid\runs\exp-2b33b808a0f8\no_memory\SC-A-04\0
no_memory,SC-A-04,1,run-561879026bd8c4cc,True,no_match,True,0,0,6,0,1,1,0,1,no_match,20067.633,artifacts\main_hybrid\runs\exp-2b33b808a0f8\no_memory\SC-A-04\1
no_memory,SC-A-04,2,run-b788fe5ef4d59d69,True,no_match,True,0,0,6,0,1,1,0,1,no_match,219920.675,artifacts\main_hybrid\runs\exp-2b33b808a0f8\no_memory\SC-A-04\2
no_memory,SC-A-05,0,run-f1776cca757489d5,True,recommendation,False,5,27,17,6,1,1,0,1,recommendation,34657.249,artifacts\main_hybrid\runs\exp-2b33b808a0f8\no_memory\SC-A-05\0
no_memory,SC-A-05,1,run-40302b8b799e3bf1,True,recommendation,False,5,27,17,6,1,1,0,1,recommendation,27954.548,artifacts\main_hybrid\runs\exp-2b33b808a0f8\no_memory\SC-A-05\1
no_memory,SC-A-05,2,run-a43e1603dbdaba0d,True,recommendation,False,5,27,17,6,1,1,0,1,recommendation,18330.664,artifacts\main_hybrid\runs\exp-2b33b808a0f8\no_memory\SC-A-05\2
no_memory,SC-A-06,0,run-41743e06e2fc2011,True,recommendation,False,5,28,9,18,1,1,0,1,recommendation,29484.545,artifacts\main_hybrid\runs\exp-2b33b808a0f8\no_memory\SC-A-06\0
no_memory,SC-A-06,1,run-97bca49872a1b9c7,True,recommendation,False,5,28,21,6,1,1,0,1,recommendation,14184.58,artifacts\main_hybrid\runs\exp-2b33b808a0f8\no_memory\SC-A-06\1
no_memory,SC-A-06,2,run-47b9d87d8c408db1,True,recommendation,False,5,28,21,6,1,1,0,1,recommendation,16041.414,artifacts\main_hybrid\runs\exp-2b33b808a0f8\no_memory\SC-A-06\2
no_memory,SC-B-01,0,run-54dfa16175253c38,True,recommendation,False,5,42,23,0,2,1,0,1,recommendation,13438.645,artifacts\main_hybrid\runs\exp-2b33b808a0f8\no_memory\SC-B-01\0
no_memory,SC-B-01,1,run-e08a8eb7877cb862,True,recommendation,False,5,42,23,0,2,1,0,1,recommendation,108870.953,artifacts\main_hybrid\runs\exp-2b33b808a0f8\no_memory\SC-B-01\1
no_memory,SC-B-01,2,run-6d394564f18187f9,True,recommendation,False,5,42,23,0,2,1,0,1,recommendation,8092.83,artifacts\main_hybrid\runs\exp-2b33b808a0f8\no_memory\SC-B-01\2
no_memory,SC-B-02,0,run-cf74c3eb23037fe3,True,recommendation,False,5,43,16,0,2,1,0,1,recommendation,10158.037,artifacts\main_hybrid\runs\exp-2b33b808a0f8\no_memory\SC-B-02\0
no_memory,SC-B-02,1,run-5db7b7d90d3ff8ce,True,recommendation,False,5,43,16,0,2,1,0,1,recommendation,51558.612,artifacts\main_hybrid\runs\exp-2b33b808a0f8\no_memory\SC-B-02\1
no_memory,SC-B-02,2,run-7f00802c340e2617,True,recommendation,False,5,43,16,0,2,1,0,1,recommendation,10940.306,artifacts\main_hybrid\runs\exp-2b33b808a0f8\no_memory\SC-B-02\2
no_memory,SC-B-03,0,run-380eeaa24d9d57c1,True,recommendation,False,5,43,21,0,2,1,0,1,recommendation,9725.077,artifacts\main_hybrid\runs\exp-2b33b808a0f8\no_memory\SC-B-03\0
no_memory,SC-B-03,1,run-a314881a5962c263,True,recommendation,False,5,43,21,0,2,1,0,1,recommendation,76347.712,artifacts\main_hybrid\runs\exp-2b33b808a0f8\no_memory\SC-B-03\1
no_memory,SC-B-03,2,run-0150d84e23782b10,True,recommendation,False,5,43,21,0,2,1,0,1,recommendation,39446.447,artifacts\main_hybrid\runs\exp-2b33b808a0f8\no_memory\SC-B-03\2
no_memory,SC-B-04,0,run-fad00c5c2a4305ab,True,recommendation,False,5,42,22,0,2,1,0,1,recommendation,49207.44,artifacts\main_hybrid\runs\exp-2b33b808a0f8\no_memory\SC-B-04\0
no_memory,SC-B-04,1,run-2231a5437da60871,True,recommendation,False,5,42,16,6,2,1,0,1,recommendation,80017.776,artifacts\main_hybrid\runs\exp-2b33b808a0f8\no_memory\SC-B-04\1
no_memory,SC-B-04,2,run-802196ca10c28e03,True,recommendation,False,5,42,22,0,2,1,0,1,recommendation,10509.607,artifacts\main_hybrid\runs\exp-2b33b808a0f8\no_memory\SC-B-04\2
no_memory,SC-B-05,0,run-9ad54128801f5701,True,recommendation,False,5,43,11,0,2,1,0,1,recommendation,9040.672,artifacts\main_hybrid\runs\exp-2b33b808a0f8\no_memory\SC-B-05\0
no_memory,SC-B-05,1,run-6587340871fe07d2,True,recommendation,False,5,43,11,0,2,1,0,1,recommendation,55177.855,artifacts\main_hybrid\runs\exp-2b33b808a0f8\no_memory\SC-B-05\1
no_memory,SC-B-05,2,run-e975e5cc647b3523,True,recommendation,False,5,43,11,0,2,1,0,1,recommendation,8970.737,artifacts\main_hybrid\runs\exp-2b33b808a0f8\no_memory\SC-B-05\2
no_memory,SC-C-01,0,run-4be88edbdd58b0b7,True,recommendation,False,5,8,21,6,1,1,0,1,recommendation,11830.169,artifacts\main_hybrid\runs\exp-2b33b808a0f8\no_memory\SC-C-01\0
no_memory,SC-C-01,1,run-2c5ed9ccf72ab3ff,True,recommendation,False,5,8,21,6,1,1,0,1,recommendation,90534.401,artifacts\main_hybrid\runs\exp-2b33b808a0f8\no_memory\SC-C-01\1
no_memory,SC-C-01,2,run-f31bacd7825a158b,True,recommendation,False,5,8,21,6,1,1,0,1,recommendation,77438.628,artifacts\main_hybrid\runs\exp-2b33b808a0f8\no_memory\SC-C-01\2
no_memory,SC-C-02,0,run-382a40867248c3e0,True,recommendation,False,5,25,22,6,1,1,0,1,recommendation,79595.785,artifacts\main_hybrid\runs\exp-2b33b808a0f8\no_memory\SC-C-02\0
no_memory,SC-C-02,1,run-bf37e2d5cbe4f3b9,True,recommendation,False,5,25,22,6,1,1,0,1,recommendation,90630.697,artifacts\main_hybrid\runs\exp-2b33b808a0f8\no_memory\SC-C-02\1
no_memory,SC-C-02,2,run-efdb047898d3bc26,True,recommendation,False,5,25,22,6,1,1,0,1,recommendation,36542.127,artifacts\main_hybrid\runs\exp-2b33b808a0f8\no_memory\SC-C-02\2
no_memory,SC-C-03,0,run-dda79e04e10eeb3f,True,recommendation,False,5,8,20,6,1,1,0,1,recommendation,18726.383,artifacts\main_hybrid\runs\exp-2b33b808a0f8\no_memory\SC-C-03\0
no_memory,SC-C-03,1,run-4a9abd6b049cfa48,True,recommendation,False,5,8,20,6,1,1,0,1,recommendation,34538.901,artifacts\main_hybrid\runs\exp-2b33b808a0f8\no_memory\SC-C-03\1
no_memory,SC-C-03,2,run-533b1ebf9907abc5,True,recommendation,False,5,8,20,6,1,1,0,1,recommendation,15970.028,artifacts\main_hybrid\runs\exp-2b33b808a0f8\no_memory\SC-C-03\2
no_memory,SC-C-04,0,run-5227c4f1697e16f5,True,recommendation,False,3,3,17,0,1,1,0,1,recommendation,14669.167,artifacts\main_hybrid\runs\exp-2b33b808a0f8\no_memory\SC-C-04\0
no_memory,SC-C-04,1,run-1946c1edcbdbbdda,True,recommendation,False,3,3,17,0,1,1,0,1,recommendation,11369.922,artifacts\main_hybrid\runs\exp-2b33b808a0f8\no_memory\SC-C-04\1
no_memory,SC-C-04,2,run-9c2aac4f207303c4,True,recommendation,False,3,3,17,0,1,1,0,1,recommendation,13621.843,artifacts\main_hybrid\runs\exp-2b33b808a0f8\no_memory\SC-C-04\2
no_memory,SC-C-05,0,run-9e50adaa1bc80ca9,True,recommendation,False,5,24,17,6,1,1,0,1,recommendation,63022.237,artifacts\main_hybrid\runs\exp-2b33b808a0f8\no_memory\SC-C-05\0
no_memory,SC-C-05,1,run-f4b4966e3d0cf978,True,recommendation,False,5,24,17,6,1,1,0,1,recommendation,33290.38,artifacts\main_hybrid\runs\exp-2b33b808a0f8\no_memory\SC-C-05\1
no_memory,SC-C-05,2,run-95f0926102c7f977,True,recommendation,False,5,24,17,6,1,1,0,1,recommendation,32677.863,artifacts\main_hybrid\runs\exp-2b33b808a0f8\no_memory\SC-C-05\2
no_memory,SC-D-01,0,run-d96c8c1fd86b590a,True,recommendation,False,5,43,21,5,2,1,0,1,recommendation,171939.581,artifacts\main_hybrid\runs\exp-2b33b808a0f8\no_memory\SC-D-01\0
no_memory,SC-D-01,1,run-c98546e59cb90ee4,True,recommendation,False,5,43,21,5,2,1,0,1,recommendation,10970.815,artifacts\main_hybrid\runs\exp-2b33b808a0f8\no_memory\SC-D-01\1
no_memory,SC-D-01,2,run-08239fa79adec9bb,True,recommendation,False,5,43,21,5,2,1,0,1,recommendation,109559.048,artifacts\main_hybrid\runs\exp-2b33b808a0f8\no_memory\SC-D-01\2
no_memory,SC-D-02,0,run-cb9e6b2ad617099c,True,recommendation,False,5,25,20,6,2,1,0,1,recommendation,88231.614,artifacts\main_hybrid\runs\exp-2b33b808a0f8\no_memory\SC-D-02\0
no_memory,SC-D-02,1,run-05d091d23664cc1e,True,recommendation,False,5,25,20,6,2,1,0,1,recommendation,81952.134,artifacts\main_hybrid\runs\exp-2b33b808a0f8\no_memory\SC-D-02\1
no_memory,SC-D-02,2,run-7dfc02679606cd15,True,recommendation,False,5,25,20,6,2,1,0,1,recommendation,106951.425,artifacts\main_hybrid\runs\exp-2b33b808a0f8\no_memory\SC-D-02\2
no_memory,SC-D-03,0,run-3e6218c854422e8d,True,recommendation,False,5,11,20,0,2,1,0,1,recommendation,14251.056,artifacts\main_hybrid\runs\exp-2b33b808a0f8\no_memory\SC-D-03\0
no_memory,SC-D-03,1,run-25eaa2510fbfbaff,True,recommendation,False,5,11,20,0,2,1,0,1,recommendation,49807.985,artifacts\main_hybrid\runs\exp-2b33b808a0f8\no_memory\SC-D-03\1
no_memory,SC-D-03,2,run-602d62632c3acac1,True,recommendation,False,5,43,21,0,2,1,0,1,recommendation,48963.764,artifacts\main_hybrid\runs\exp-2b33b808a0f8\no_memory\SC-D-03\2
no_memory,SC-D-04,0,run-0d5710fb6ccbec61,True,recommendation,False,5,19,21,6,2,1,0,1,recommendation,31685.726,artifacts\main_hybrid\runs\exp-2b33b808a0f8\no_memory\SC-D-04\0
no_memory,SC-D-04,1,run-7ea589e15513aeaf,True,recommendation,False,5,19,21,6,2,1,0,1,recommendation,19412.357,artifacts\main_hybrid\runs\exp-2b33b808a0f8\no_memory\SC-D-04\1
no_memory,SC-D-04,2,run-b2e91be99045ef34,True,recommendation,False,5,19,21,6,2,1,0,1,recommendation,170393.709,artifacts\main_hybrid\runs\exp-2b33b808a0f8\no_memory\SC-D-04\2
no_memory,SC-D-05,0,run-06c033c5a4b3310b,True,recommendation,False,5,45,14,6,2,1,0,1,recommendation,29838.186,artifacts\main_hybrid\runs\exp-2b33b808a0f8\no_memory\SC-D-05\0
no_memory,SC-D-05,1,run-f4f7ab268273a712,True,recommendation,False,5,45,14,6,2,1,0,1,recommendation,33335.863,artifacts\main_hybrid\runs\exp-2b33b808a0f8\no_memory\SC-D-05\1
no_memory,SC-D-05,2,run-f8a130cde8a86849,True,recommendation,False,5,45,14,6,2,1,0,1,recommendation,43096.824,artifacts\main_hybrid\runs\exp-2b33b808a0f8\no_memory\SC-D-05\2
no_memory,SC-E-01,0,run-05bc48ddb286d994,True,recommendation,False,1,1,6,2,1,1,0,1,recommendation,109468.927,artifacts\main_hybrid\runs\exp-2b33b808a0f8\no_memory\SC-E-01\0
no_memory,SC-E-01,1,run-2e5d894151df8e29,True,recommendation,False,1,1,6,2,1,1,0,1,recommendation,51573.782,artifacts\main_hybrid\runs\exp-2b33b808a0f8\no_memory\SC-E-01\1
no_memory,SC-E-01,2,run-0218897335c9fc07,True,recommendation,False,1,1,6,2,1,1,0,1,recommendation,53461.342,artifacts\main_hybrid\runs\exp-2b33b808a0f8\no_memory\SC-E-01\2
no_memory,SC-E-02,0,run-842fb0083a059689,True,no_match,True,0,0,6,0,1,1,0,1,no_match,49396.723,artifacts\main_hybrid\runs\exp-2b33b808a0f8\no_memory\SC-E-02\0
no_memory,SC-E-02,1,run-3c31f70eb83b2a7b,True,no_match,True,0,0,6,0,1,1,0,1,no_match,17186.058,artifacts\main_hybrid\runs\exp-2b33b808a0f8\no_memory\SC-E-02\1
no_memory,SC-E-02,2,run-151b3dd024910f90,True,no_match,True,0,0,6,0,1,1,0,1,no_match,14425.117,artifacts\main_hybrid\runs\exp-2b33b808a0f8\no_memory\SC-E-02\2
no_memory,SC-E-03,0,run-5d1d938973316806,True,recommendation,False,2,2,10,3,1,1,0,1,recommendation,15601.612,artifacts\main_hybrid\runs\exp-2b33b808a0f8\no_memory\SC-E-03\0
no_memory,SC-E-03,1,run-30e0ad5088f869ef,True,recommendation,False,2,2,10,3,1,1,0,1,recommendation,18456.399,artifacts\main_hybrid\runs\exp-2b33b808a0f8\no_memory\SC-E-03\1
no_memory,SC-E-03,2,run-bc9a7105af8438b3,True,recommendation,False,2,2,10,3,1,1,0,1,recommendation,29897.576,artifacts\main_hybrid\runs\exp-2b33b808a0f8\no_memory\SC-E-03\2
no_memory,SC-E-04,0,run-6a5ea73285e50401,True,no_match,True,0,0,6,0,1,1,0,1,no_match,26000.58,artifacts\main_hybrid\runs\exp-2b33b808a0f8\no_memory\SC-E-04\0
no_memory,SC-E-04,1,run-a42244e03c1b1264,True,no_match,True,0,0,6,0,1,1,0,1,no_match,19300.621,artifacts\main_hybrid\runs\exp-2b33b808a0f8\no_memory\SC-E-04\1
no_memory,SC-E-04,2,run-4c1ebcfbe4f53149,True,no_match,True,0,0,6,0,1,1,0,1,no_match,14873.171,artifacts\main_hybrid\runs\exp-2b33b808a0f8\no_memory\SC-E-04\2
no_memory,SC-E-05,0,run-301d12a0643a19b5,True,recommendation,False,1,1,5,2,1,1,0,1,recommendation,15458.518,artifacts\main_hybrid\runs\exp-2b33b808a0f8\no_memory\SC-E-05\0
no_memory,SC-E-05,1,run-8d7056559f3f4415,True,recommendation,False,1,1,5,2,1,1,0,1,recommendation,16392.946,artifacts\main_hybrid\runs\exp-2b33b808a0f8\no_memory\SC-E-05\1
no_memory,SC-E-05,2,run-a214e052b5c1b167,True,recommendation,False,1,1,4,3,1,1,0,1,recommendation,16780.73,artifacts\main_hybrid\runs\exp-2b33b808a0f8\no_memory\SC-E-05\2
no_memory,SC-F-01,0,run-cc57ad8a8d2714d7,True,recommendation,False,5,43,23,0,1,1,0,1,recommendation,28075.693,artifacts\main_hybrid\runs\exp-2b33b808a0f8\no_memory\SC-F-01\0
no_memory,SC-F-01,1,run-0ed59ea471f8c823,True,recommendation,False,5,43,23,0,1,1,0,1,recommendation,29717.403,artifacts\main_hybrid\runs\exp-2b33b808a0f8\no_memory\SC-F-01\1
no_memory,SC-F-01,2,run-5f8c41dc5117d3f7,True,recommendation,False,5,43,23,0,1,1,0,1,recommendation,27763.203,artifacts\main_hybrid\runs\exp-2b33b808a0f8\no_memory\SC-F-01\2
no_memory,SC-F-02,0,run-a6aad9d55897ddf3,True,recommendation,False,5,44,23,0,1,1,0,1,recommendation,40192.145,artifacts\main_hybrid\runs\exp-2b33b808a0f8\no_memory\SC-F-02\0
no_memory,SC-F-02,1,run-d60faf210ac29cea,True,recommendation,False,5,44,18,5,1,1,0,1,recommendation,107907.077,artifacts\main_hybrid\runs\exp-2b33b808a0f8\no_memory\SC-F-02\1
no_memory,SC-F-02,2,run-fde91c8a36f73bc9,True,recommendation,False,5,44,23,0,1,1,0,1,recommendation,19544.82,artifacts\main_hybrid\runs\exp-2b33b808a0f8\no_memory\SC-F-02\2
no_memory,SC-F-03,0,run-f1da5d7783f85774,True,recommendation,False,5,43,22,0,1,1,0,1,recommendation,112624.29,artifacts\main_hybrid\runs\exp-2b33b808a0f8\no_memory\SC-F-03\0
no_memory,SC-F-03,1,run-581e601a136ff413,True,recommendation,False,5,43,22,0,1,1,0,1,recommendation,112671.84,artifacts\main_hybrid\runs\exp-2b33b808a0f8\no_memory\SC-F-03\1
no_memory,SC-F-03,2,run-581d182fa373e4a8,True,recommendation,False,5,43,23,0,1,1,0,1,recommendation,105474.329,artifacts\main_hybrid\runs\exp-2b33b808a0f8\no_memory\SC-F-03\2
no_memory,SC-F-04,0,run-89afe7e7549c985c,True,recommendation,False,5,44,20,0,1,1,0,1,recommendation,46117.887,artifacts\main_hybrid\runs\exp-2b33b808a0f8\no_memory\SC-F-04\0
no_memory,SC-F-04,1,run-9119299991896d57,True,recommendation,False,5,44,20,0,1,1,0,1,recommendation,36022.898,artifacts\main_hybrid\runs\exp-2b33b808a0f8\no_memory\SC-F-04\1
no_memory,SC-F-04,2,run-803b3c372bc924c5,True,recommendation,False,5,44,20,0,1,1,0,1,recommendation,107964.138,artifacts\main_hybrid\runs\exp-2b33b808a0f8\no_memory\SC-F-04\2
no_memory,SC-G-01,0,run-82e3fe2420e8e987,True,recommendation,False,5,37,23,6,1,1,0,1,recommendation,36886.881,artifacts\main_hybrid\runs\exp-2b33b808a0f8\no_memory\SC-G-01\0
no_memory,SC-G-01,1,run-b4f674eb9d401efd,True,recommendation,False,5,9,23,6,1,1,0,1,recommendation,41828.332,artifacts\main_hybrid\runs\exp-2b33b808a0f8\no_memory\SC-G-01\1
no_memory,SC-G-01,2,run-f1ea2e8a09c56c99,True,recommendation,False,5,37,23,6,1,1,0,1,recommendation,125827.196,artifacts\main_hybrid\runs\exp-2b33b808a0f8\no_memory\SC-G-01\2
no_memory,SC-G-02,0,run-1654ed83a69b048a,True,recommendation,False,5,41,16,0,1,1,0,1,recommendation,12115.671,artifacts\main_hybrid\runs\exp-2b33b808a0f8\no_memory\SC-G-02\0
no_memory,SC-G-02,1,run-fe5d76e33ccd3a62,True,recommendation,False,5,41,10,6,1,1,0,1,recommendation,124179.647,artifacts\main_hybrid\runs\exp-2b33b808a0f8\no_memory\SC-G-02\1
no_memory,SC-G-02,2,run-b13893f95aaaa626,True,recommendation,False,5,41,16,0,1,1,0,1,recommendation,125009.354,artifacts\main_hybrid\runs\exp-2b33b808a0f8\no_memory\SC-G-02\2
no_memory,SC-H-01,0,run-8afa7a95f562dcea,True,no_match,True,0,0,4,0,1,1,0,1,no_match,116947.889,artifacts\main_hybrid\runs\exp-2b33b808a0f8\no_memory\SC-H-01\0
no_memory,SC-H-01,1,run-2813894979f3f4f6,True,no_match,True,0,0,4,0,1,1,0,1,no_match,90404.383,artifacts\main_hybrid\runs\exp-2b33b808a0f8\no_memory\SC-H-01\1
no_memory,SC-H-01,2,run-c256df132aaf443e,True,no_match,True,0,0,4,0,1,1,0,1,no_match,80872.061,artifacts\main_hybrid\runs\exp-2b33b808a0f8\no_memory\SC-H-01\2
no_memory,SC-H-02,0,run-37a26e9a7aa1bb5e,True,no_match,True,0,0,4,0,1,1,0,1,no_match,78623.1,artifacts\main_hybrid\runs\exp-2b33b808a0f8\no_memory\SC-H-02\0
no_memory,SC-H-02,1,run-44cfbdfc60cdf7a8,True,no_match,True,0,0,4,0,1,1,0,1,no_match,81095.993,artifacts\main_hybrid\runs\exp-2b33b808a0f8\no_memory\SC-H-02\1
no_memory,SC-H-02,2,run-6c62556cc962947a,True,no_match,True,0,0,4,0,1,1,0,1,no_match,99363.681,artifacts\main_hybrid\runs\exp-2b33b808a0f8\no_memory\SC-H-02\2
no_memory,SC-H-03,0,run-232de825d4745424,True,no_match,True,0,0,4,0,1,1,0,1,no_match,12891.913,artifacts\main_hybrid\runs\exp-2b33b808a0f8\no_memory\SC-H-03\0
no_memory,SC-H-03,1,run-00852482d4b4c234,True,no_match,True,0,0,4,0,1,1,0,1,no_match,92237.262,artifacts\main_hybrid\runs\exp-2b33b808a0f8\no_memory\SC-H-03\1
no_memory,SC-H-03,2,run-4e1f40a2ad2c8126,True,no_match,True,0,0,4,0,1,1,0,1,no_match,12286.333,artifacts\main_hybrid\runs\exp-2b33b808a0f8\no_memory\SC-H-03\2
no_memory,SC-D-06,0,run-216044657eb87ff3,True,clarification,,0,0,0,0,2,1,0,1,,53119.095,artifacts\main_hybrid\runs\exp-2b33b808a0f8\no_memory\SC-D-06\0
no_memory,SC-D-06,1,run-57a00392269b71b3,True,clarification,,0,0,0,0,2,1,0,1,,204434.819,artifacts\main_hybrid\runs\exp-2b33b808a0f8\no_memory\SC-D-06\1
no_memory,SC-D-06,2,run-9b239ddb59288b0f,True,clarification,,0,0,0,0,2,1,0,1,,29347.718,artifacts\main_hybrid\runs\exp-2b33b808a0f8\no_memory\SC-D-06\2
no_memory,SC-D-07,0,run-1a09e19bcff0be07,True,clarification,,0,0,0,0,2,1,0,1,,206578.035,artifacts\main_hybrid\runs\exp-2b33b808a0f8\no_memory\SC-D-07\0
no_memory,SC-D-07,1,run-51311ab0573abfa7,True,clarification,,0,0,0,0,2,1,0,1,,203814.646,artifacts\main_hybrid\runs\exp-2b33b808a0f8\no_memory\SC-D-07\1
no_memory,SC-D-07,2,run-cbc95ddfadf29d3f,True,clarification,,0,0,0,0,2,1,0,1,,104251.055,artifacts\main_hybrid\runs\exp-2b33b808a0f8\no_memory\SC-D-07\2
no_memory,SC-D-08,0,run-ac5ea2e907023cc2,True,clarification,,0,0,0,0,2,1,0,1,,256342.083,artifacts\main_hybrid\runs\exp-2b33b808a0f8\no_memory\SC-D-08\0
no_memory,SC-D-08,1,run-4849c0353e3b4045,True,clarification,,0,0,0,0,2,1,0,1,,112059.454,artifacts\main_hybrid\runs\exp-2b33b808a0f8\no_memory\SC-D-08\1
no_memory,SC-D-08,2,run-2a9dab44b0309817,True,clarification,,0,0,0,0,2,1,0,1,,256414.252,artifacts\main_hybrid\runs\exp-2b33b808a0f8\no_memory\SC-D-08\2
no_memory,SC-D-09,0,run-430913cf0f0349e6,True,clarification,,0,0,0,0,2,1,0,1,,123147.947,artifacts\main_hybrid\runs\exp-2b33b808a0f8\no_memory\SC-D-09\0
no_memory,SC-D-09,1,run-8d90546c77a96b87,True,clarification,,0,0,0,0,2,1,0,1,,214445.474,artifacts\main_hybrid\runs\exp-2b33b808a0f8\no_memory\SC-D-09\1
no_memory,SC-D-09,2,run-d7683e463153cc99,True,clarification,,0,0,0,0,2,1,0,1,,86688.31,artifacts\main_hybrid\runs\exp-2b33b808a0f8\no_memory\SC-D-09\2
no_memory,SC-D-10,0,run-8700058383f86da0,True,clarification,,0,0,0,0,2,1,0,1,,55533.208,artifacts\main_hybrid\runs\exp-2b33b808a0f8\no_memory\SC-D-10\0
no_memory,SC-D-10,1,run-37c965a2dafb88e8,True,clarification,,0,0,0,0,2,1,0,1,,63533.073,artifacts\main_hybrid\runs\exp-2b33b808a0f8\no_memory\SC-D-10\1
no_memory,SC-D-10,2,run-3ebe8618afb52d4e,True,clarification,,0,0,0,0,2,1,0,1,,70060.729,artifacts\main_hybrid\runs\exp-2b33b808a0f8\no_memory\SC-D-10\2
no_memory,SC-D-11,0,run-846aed52cbc808ce,True,clarification,,0,0,0,0,3,1,0,1,,169149.721,artifacts\main_hybrid\runs\exp-2b33b808a0f8\no_memory\SC-D-11\0
no_memory,SC-D-11,1,run-8aca743bd03d8122,True,clarification,,0,0,0,0,3,1,0,1,,350872.384,artifacts\main_hybrid\runs\exp-2b33b808a0f8\no_memory\SC-D-11\1
no_memory,SC-D-11,2,run-6eed83f1da34e0b6,True,clarification,,0,0,0,0,3,1,0,1,,127218.352,artifacts\main_hybrid\runs\exp-2b33b808a0f8\no_memory\SC-D-11\2
no_memory,SC-D-12,0,run-214eacebcb97aaf4,True,clarification,,0,0,0,0,3,1,0,1,,84298.7,artifacts\main_hybrid\runs\exp-2b33b808a0f8\no_memory\SC-D-12\0
no_memory,SC-D-12,1,run-52c7be08bce20f55,True,clarification,,0,0,0,0,3,1,0,1,,76616.905,artifacts\main_hybrid\runs\exp-2b33b808a0f8\no_memory\SC-D-12\1
no_memory,SC-D-12,2,run-281480c459e405aa,True,clarification,,0,0,0,0,3,1,0,1,,28888.305,artifacts\main_hybrid\runs\exp-2b33b808a0f8\no_memory\SC-D-12\2
no_context,SC-A-01,0,run-8f48500d07fefa0d,True,recommendation,False,5,50,14,14,1,1,0,1,recommendation,109568.115,artifacts\main_hybrid\runs\exp-2b33b808a0f8\no_context\SC-A-01\0
no_context,SC-A-01,1,run-f463dfc540bd3689,True,recommendation,False,5,50,14,14,1,1,0,1,recommendation,83423.63,artifacts\main_hybrid\runs\exp-2b33b808a0f8\no_context\SC-A-01\1
no_context,SC-A-01,2,run-31ef47d02bf73873,True,recommendation,False,5,50,14,14,1,1,0,1,recommendation,31962.719,artifacts\main_hybrid\runs\exp-2b33b808a0f8\no_context\SC-A-01\2
no_context,SC-A-02,0,run-e302498980455d8f,True,recommendation,False,5,50,9,12,1,1,0,1,recommendation,13794.129,artifacts\main_hybrid\runs\exp-2b33b808a0f8\no_context\SC-A-02\0
no_context,SC-A-02,1,run-fea9b296c7fc9671,True,recommendation,False,5,50,9,12,1,1,0,1,recommendation,17072.664,artifacts\main_hybrid\runs\exp-2b33b808a0f8\no_context\SC-A-02\1
no_context,SC-A-02,2,run-df03869a77162cae,True,recommendation,False,5,50,9,12,1,1,0,1,recommendation,14907.818,artifacts\main_hybrid\runs\exp-2b33b808a0f8\no_context\SC-A-02\2
no_context,SC-A-03,0,run-9c95744bf1e4fc1c,True,recommendation,False,5,50,8,20,1,1,0,1,recommendation,81370.776,artifacts\main_hybrid\runs\exp-2b33b808a0f8\no_context\SC-A-03\0
no_context,SC-A-03,1,run-b9c91e3ca797b757,True,recommendation,False,5,50,22,6,1,1,0,1,recommendation,48771.826,artifacts\main_hybrid\runs\exp-2b33b808a0f8\no_context\SC-A-03\1
no_context,SC-A-03,2,run-5f40de771364165d,True,recommendation,False,5,50,8,20,1,1,0,1,recommendation,91533.162,artifacts\main_hybrid\runs\exp-2b33b808a0f8\no_context\SC-A-03\2
no_context,SC-A-04,0,run-cbfe7f989bdcbfd8,True,recommendation,False,5,50,9,14,1,1,0,1,recommendation,176169.697,artifacts\main_hybrid\runs\exp-2b33b808a0f8\no_context\SC-A-04\0
no_context,SC-A-04,1,run-8f35f254ebb2acd3,True,recommendation,False,5,50,18,5,1,1,0,1,recommendation,349717.307,artifacts\main_hybrid\runs\exp-2b33b808a0f8\no_context\SC-A-04\1
no_context,SC-A-04,2,run-652d659454d8ad9e,True,recommendation,False,5,50,9,14,1,1,0,1,recommendation,167661.601,artifacts\main_hybrid\runs\exp-2b33b808a0f8\no_context\SC-A-04\2
no_context,SC-A-05,0,run-68434cd370855dde,True,recommendation,False,5,50,18,5,1,1,0,1,recommendation,151897.119,artifacts\main_hybrid\runs\exp-2b33b808a0f8\no_context\SC-A-05\0
no_context,SC-A-05,1,run-f55733a3b9a826e4,True,recommendation,False,5,50,8,15,1,1,0,1,recommendation,57496.475,artifacts\main_hybrid\runs\exp-2b33b808a0f8\no_context\SC-A-05\1
no_context,SC-A-05,2,run-30a6c9b3eb5dce42,True,recommendation,False,5,50,8,15,1,1,0,1,recommendation,84094.755,artifacts\main_hybrid\runs\exp-2b33b808a0f8\no_context\SC-A-05\2
no_context,SC-A-06,0,run-baff06b1798fd2ab,True,recommendation,False,5,50,10,17,1,1,0,1,recommendation,168943.108,artifacts\main_hybrid\runs\exp-2b33b808a0f8\no_context\SC-A-06\0
no_context,SC-A-06,1,run-7292d545a817f7b7,True,recommendation,False,5,50,10,17,1,1,0,1,recommendation,93528.23,artifacts\main_hybrid\runs\exp-2b33b808a0f8\no_context\SC-A-06\1
no_context,SC-A-06,2,run-2b6895cdd016ae4c,True,recommendation,False,5,50,22,5,1,1,0,1,recommendation,23948.599,artifacts\main_hybrid\runs\exp-2b33b808a0f8\no_context\SC-A-06\2
no_context,SC-B-01,0,run-60c27be7bfd13181,True,recommendation,False,5,50,25,6,2,1,0,1,recommendation,45724.061,artifacts\main_hybrid\runs\exp-2b33b808a0f8\no_context\SC-B-01\0
no_context,SC-B-01,1,run-9fd3eacdb49f1187,True,recommendation,False,5,50,25,6,2,1,0,1,recommendation,21009.678,artifacts\main_hybrid\runs\exp-2b33b808a0f8\no_context\SC-B-01\1
no_context,SC-B-01,2,run-5f72dfbc37ae3836,True,recommendation,False,5,50,22,9,2,1,0,1,recommendation,29069.627,artifacts\main_hybrid\runs\exp-2b33b808a0f8\no_context\SC-B-01\2
no_context,SC-B-02,0,run-67793a64b66d5a38,True,recommendation,False,5,50,16,6,2,1,0,1,recommendation,53202.144,artifacts\main_hybrid\runs\exp-2b33b808a0f8\no_context\SC-B-02\0
no_context,SC-B-02,1,run-fd184a609106633b,True,recommendation,False,5,50,16,6,2,1,0,1,recommendation,19360.492,artifacts\main_hybrid\runs\exp-2b33b808a0f8\no_context\SC-B-02\1
no_context,SC-B-02,2,run-08aa8b26c1ded7ed,True,recommendation,False,5,50,10,12,2,1,0,1,recommendation,28002.336,artifacts\main_hybrid\runs\exp-2b33b808a0f8\no_context\SC-B-02\2
no_context,SC-B-03,0,run-0fff7d537f846b2d,True,recommendation,False,5,50,14,6,2,1,0,1,recommendation,87524.69,artifacts\main_hybrid\runs\exp-2b33b808a0f8\no_context\SC-B-03\0
no_context,SC-B-03,1,run-1cfdaa86b78a0a26,True,recommendation,False,5,50,14,6,2,1,0,1,recommendation,85831.773,artifacts\main_hybrid\runs\exp-2b33b808a0f8\no_context\SC-B-03\1
no_context,SC-B-03,2,run-126bc4b511c1bdab,True,recommendation,False,5,50,14,6,2,1,0,1,recommendation,19428.379,artifacts\main_hybrid\runs\exp-2b33b808a0f8\no_context\SC-B-03\2
no_context,SC-B-04,0,run-cbf903a67be76d0a,True,recommendation,False,5,50,14,18,2,1,0,1,recommendation,16620.721,artifacts\main_hybrid\runs\exp-2b33b808a0f8\no_context\SC-B-04\0
no_context,SC-B-04,1,run-86e0fb3cb34a86b9,True,recommendation,False,5,50,14,18,2,1,0,1,recommendation,22096.551,artifacts\main_hybrid\runs\exp-2b33b808a0f8\no_context\SC-B-04\1
no_context,SC-B-04,2,run-c5596c6cf2999ecc,True,recommendation,False,5,50,14,18,2,1,0,1,recommendation,176654.236,artifacts\main_hybrid\runs\exp-2b33b808a0f8\no_context\SC-B-04\2
no_context,SC-B-05,0,run-27bf28105ca06fd4,True,recommendation,False,5,50,10,9,2,1,0,1,recommendation,16920.02,artifacts\main_hybrid\runs\exp-2b33b808a0f8\no_context\SC-B-05\0
no_context,SC-B-05,1,run-b0542bb5dad78106,True,recommendation,False,5,50,16,3,2,1,0,1,recommendation,97040.975,artifacts\main_hybrid\runs\exp-2b33b808a0f8\no_context\SC-B-05\1
no_context,SC-B-05,2,run-2db70520b400e899,True,recommendation,False,5,50,10,9,2,1,0,1,recommendation,31425.176,artifacts\main_hybrid\runs\exp-2b33b808a0f8\no_context\SC-B-05\2
no_context,SC-C-01,0,run-2b307fc83ae74fb5,True,recommendation,False,5,50,23,5,1,1,0,1,recommendation,19663.377,artifacts\main_hybrid\runs\exp-2b33b808a0f8\no_context\SC-C-01\0
no_context,SC-C-01,1,run-26c66a98702e0a01,True,recommendation,False,5,50,23,5,1,1,0,1,recommendation,12699.871,artifacts\main_hybrid\runs\exp-2b33b808a0f8\no_context\SC-C-01\1
no_context,SC-C-01,2,run-54c829c9332d7705,True,recommendation,False,5,50,23,5,1,1,0,1,recommendation,37787.848,artifacts\main_hybrid\runs\exp-2b33b808a0f8\no_context\SC-C-01\2
no_context,SC-C-02,0,run-5f9908a782b1c6e3,True,recommendation,False,5,50,26,3,1,1,0,1,recommendation,54855.224,artifacts\main_hybrid\runs\exp-2b33b808a0f8\no_context\SC-C-02\0
no_context,SC-C-02,1,run-82a20b31b2b8e7ef,True,recommendation,False,5,50,26,3,1,1,0,1,recommendation,43864.16,artifacts\main_hybrid\runs\exp-2b33b808a0f8\no_context\SC-C-02\1
no_context,SC-C-02,2,run-374dc2e21f594ec4,True,recommendation,False,5,50,29,0,1,1,0,1,recommendation,356649.674,artifacts\main_hybrid\runs\exp-2b33b808a0f8\no_context\SC-C-02\2
no_context,SC-C-03,0,run-2a9c3ec6dd6e9d8f,True,recommendation,False,5,50,21,5,1,1,0,1,recommendation,15162.702,artifacts\main_hybrid\runs\exp-2b33b808a0f8\no_context\SC-C-03\0
no_context,SC-C-03,1,run-637de2634f99fe17,True,recommendation,False,5,50,21,5,1,1,0,1,recommendation,159057.728,artifacts\main_hybrid\runs\exp-2b33b808a0f8\no_context\SC-C-03\1
no_context,SC-C-03,2,run-22c666cf37db328f,True,recommendation,False,5,50,21,5,1,1,0,1,recommendation,88384.761,artifacts\main_hybrid\runs\exp-2b33b808a0f8\no_context\SC-C-03\2
no_context,SC-C-04,0,run-f6d8a6bffd539b01,True,recommendation,False,5,50,25,0,1,1,0,1,recommendation,89393.263,artifacts\main_hybrid\runs\exp-2b33b808a0f8\no_context\SC-C-04\0
no_context,SC-C-04,1,run-9d7b92b6a9bd860a,True,recommendation,False,5,50,16,9,1,1,0,1,recommendation,79663.901,artifacts\main_hybrid\runs\exp-2b33b808a0f8\no_context\SC-C-04\1
no_context,SC-C-04,2,run-024dd76a95551a07,True,recommendation,False,5,50,19,6,1,1,0,1,recommendation,29651.903,artifacts\main_hybrid\runs\exp-2b33b808a0f8\no_context\SC-C-04\2
no_context,SC-C-05,0,run-3ceaa0e4676003ac,True,recommendation,False,5,50,10,13,1,1,0,1,recommendation,29508.033,artifacts\main_hybrid\runs\exp-2b33b808a0f8\no_context\SC-C-05\0
no_context,SC-C-05,1,run-188a8d0550ccc9f1,True,recommendation,False,5,50,10,13,1,1,0,1,recommendation,14551.395,artifacts\main_hybrid\runs\exp-2b33b808a0f8\no_context\SC-C-05\1
no_context,SC-C-05,2,run-b59197931236a821,True,recommendation,False,5,50,10,13,1,1,0,1,recommendation,19991.7,artifacts\main_hybrid\runs\exp-2b33b808a0f8\no_context\SC-C-05\2
no_context,SC-D-01,0,run-62573029114c0f29,True,recommendation,False,5,50,11,15,2,1,0,1,recommendation,169149.355,artifacts\main_hybrid\runs\exp-2b33b808a0f8\no_context\SC-D-01\0
no_context,SC-D-01,1,run-f2b06819f6cdf5c3,True,recommendation,False,5,50,11,15,2,1,0,1,recommendation,76291.576,artifacts\main_hybrid\runs\exp-2b33b808a0f8\no_context\SC-D-01\1
no_context,SC-D-01,2,run-48010f9c27336ede,True,recommendation,False,5,50,11,15,2,1,0,1,recommendation,84140.349,artifacts\main_hybrid\runs\exp-2b33b808a0f8\no_context\SC-D-01\2
no_context,SC-D-02,0,run-07debd3836121a4c,True,recommendation,False,5,50,14,14,2,1,0,1,recommendation,93877.562,artifacts\main_hybrid\runs\exp-2b33b808a0f8\no_context\SC-D-02\0
no_context,SC-D-02,1,run-e791d1ca36891afd,True,recommendation,False,5,50,28,0,2,1,0,1,recommendation,356054.502,artifacts\main_hybrid\runs\exp-2b33b808a0f8\no_context\SC-D-02\1
no_context,SC-D-02,2,run-19ef64ede03e3f70,True,recommendation,False,5,50,23,5,2,1,0,1,recommendation,348166.962,artifacts\main_hybrid\runs\exp-2b33b808a0f8\no_context\SC-D-02\2
no_context,SC-D-03,0,run-a5cfa0e1e29cea11,True,recommendation,False,5,50,20,5,2,1,0,1,recommendation,149091.891,artifacts\main_hybrid\runs\exp-2b33b808a0f8\no_context\SC-D-03\0
no_context,SC-D-03,1,run-ecc7ecbcc7f2b4d6,True,recommendation,False,5,50,10,15,2,1,0,1,recommendation,31352.745,artifacts\main_hybrid\runs\exp-2b33b808a0f8\no_context\SC-D-03\1
no_context,SC-D-03,2,run-d1062de1551992e2,True,recommendation,False,5,50,14,11,2,1,0,1,recommendation,27440.124,artifacts\main_hybrid\runs\exp-2b33b808a0f8\no_context\SC-D-03\2
no_context,SC-D-04,0,run-ee78a1a347e718c6,True,recommendation,False,5,50,10,18,2,1,0,1,recommendation,26109.026,artifacts\main_hybrid\runs\exp-2b33b808a0f8\no_context\SC-D-04\0
no_context,SC-D-04,1,run-36f70902baf2605c,True,recommendation,False,5,50,23,5,2,1,0,1,recommendation,173951.331,artifacts\main_hybrid\runs\exp-2b33b808a0f8\no_context\SC-D-04\1
no_context,SC-D-04,2,run-bad7bc9b35ba648e,True,recommendation,False,5,50,10,18,2,1,0,1,recommendation,223108.307,artifacts\main_hybrid\runs\exp-2b33b808a0f8\no_context\SC-D-04\2
no_context,SC-D-05,0,run-3ca09ee4663ee36e,True,recommendation,False,5,50,15,6,2,1,0,1,recommendation,24181.033,artifacts\main_hybrid\runs\exp-2b33b808a0f8\no_context\SC-D-05\0
no_context,SC-D-05,1,run-33025bf9675b9c53,True,recommendation,False,5,50,9,12,2,1,0,1,recommendation,351785.529,artifacts\main_hybrid\runs\exp-2b33b808a0f8\no_context\SC-D-05\1
no_context,SC-D-05,2,run-50b2b7111a212006,True,recommendation,False,5,50,9,12,2,1,0,1,recommendation,57253.875,artifacts\main_hybrid\runs\exp-2b33b808a0f8\no_context\SC-D-05\2
no_context,SC-E-01,0,run-a91e83d95f4150ea,True,recommendation,False,5,50,23,3,1,1,0,1,recommendation,20866.798,artifacts\main_hybrid\runs\exp-2b33b808a0f8\no_context\SC-E-01\0
no_context,SC-E-01,1,run-121bae4857799859,True,recommendation,False,5,50,23,3,1,1,0,1,recommendation,17823.079,artifacts\main_hybrid\runs\exp-2b33b808a0f8\no_context\SC-E-01\1
no_context,SC-E-01,2,run-2cd8b7888af1dfd8,True,recommendation,False,5,50,23,3,1,1,0,1,recommendation,41623.829,artifacts\main_hybrid\runs\exp-2b33b808a0f8\no_context\SC-E-01\2
no_context,SC-E-02,0,run-fd0875ba4dfb44d6,True,recommendation,False,5,50,25,0,1,1,0,1,recommendation,356330.84,artifacts\main_hybrid\runs\exp-2b33b808a0f8\no_context\SC-E-02\0
no_context,SC-E-02,1,run-de51ed580b1ab50d,True,recommendation,False,5,50,16,9,1,1,0,1,recommendation,252933.306,artifacts\main_hybrid\runs\exp-2b33b808a0f8\no_context\SC-E-02\1
no_context,SC-E-02,2,run-6ddc9f9b58c14914,True,recommendation,False,5,50,25,0,1,1,0,1,recommendation,356812.662,artifacts\main_hybrid\runs\exp-2b33b808a0f8\no_context\SC-E-02\2
no_context,SC-E-03,0,run-d7b85c1dbc2e2b84,True,recommendation,False,5,50,16,11,1,1,0,1,recommendation,54970.688,artifacts\main_hybrid\runs\exp-2b33b808a0f8\no_context\SC-E-03\0
no_context,SC-E-03,1,run-175d816b8367baac,True,recommendation,False,5,50,16,11,1,1,0,1,recommendation,40071.324,artifacts\main_hybrid\runs\exp-2b33b808a0f8\no_context\SC-E-03\1
no_context,SC-E-03,2,run-dc695ad65d795df3,True,recommendation,False,5,50,16,11,1,1,0,1,recommendation,38958.474,artifacts\main_hybrid\runs\exp-2b33b808a0f8\no_context\SC-E-03\2
no_context,SC-E-04,0,run-6906bd9b7990509a,True,recommendation,False,5,50,18,5,1,1,0,1,recommendation,16836.966,artifacts\main_hybrid\runs\exp-2b33b808a0f8\no_context\SC-E-04\0
no_context,SC-E-04,1,run-38e71c05cfcffb71,True,recommendation,False,5,50,18,5,1,1,0,1,recommendation,83224.218,artifacts\main_hybrid\runs\exp-2b33b808a0f8\no_context\SC-E-04\1
no_context,SC-E-04,2,run-0f9dd47be805d0d2,True,recommendation,False,5,50,18,5,1,1,0,1,recommendation,149660.783,artifacts\main_hybrid\runs\exp-2b33b808a0f8\no_context\SC-E-04\2
no_context,SC-E-05,0,run-e2b8b5101f670dfe,True,recommendation,False,5,50,15,11,1,1,0,1,recommendation,105016.871,artifacts\main_hybrid\runs\exp-2b33b808a0f8\no_context\SC-E-05\0
no_context,SC-E-05,1,run-b89fda5b70005cab,True,recommendation,False,5,50,21,5,1,1,0,1,recommendation,78794.173,artifacts\main_hybrid\runs\exp-2b33b808a0f8\no_context\SC-E-05\1
no_context,SC-E-05,2,run-d9ecb9bb93d66dae,True,recommendation,False,5,50,21,5,1,1,0,1,recommendation,87505.308,artifacts\main_hybrid\runs\exp-2b33b808a0f8\no_context\SC-E-05\2
no_context,SC-F-01,0,run-626495f4dbb14cf3,True,recommendation,False,5,50,23,0,1,1,0,1,recommendation,32639.185,artifacts\main_hybrid\runs\exp-2b33b808a0f8\no_context\SC-F-01\0
no_context,SC-F-01,1,run-deef30be3782be8a,True,recommendation,False,5,50,23,0,1,1,0,1,recommendation,33950.675,artifacts\main_hybrid\runs\exp-2b33b808a0f8\no_context\SC-F-01\1
no_context,SC-F-01,2,run-82654eb217e99ef6,True,recommendation,False,5,50,23,0,1,1,0,1,recommendation,92868.381,artifacts\main_hybrid\runs\exp-2b33b808a0f8\no_context\SC-F-01\2
no_context,SC-F-02,0,run-c898b60149672477,True,recommendation,False,5,50,23,0,1,1,0,1,recommendation,50636.763,artifacts\main_hybrid\runs\exp-2b33b808a0f8\no_context\SC-F-02\0
no_context,SC-F-02,1,run-1619336f4c8443db,True,recommendation,False,5,50,23,0,1,1,0,1,recommendation,16343.918,artifacts\main_hybrid\runs\exp-2b33b808a0f8\no_context\SC-F-02\1
no_context,SC-F-02,2,run-f5d02c54d049405c,True,recommendation,False,5,50,23,0,1,1,0,1,recommendation,45935.739,artifacts\main_hybrid\runs\exp-2b33b808a0f8\no_context\SC-F-02\2
no_context,SC-F-03,0,run-c12d31a0c14e4ea4,True,recommendation,False,5,50,22,0,1,1,0,1,recommendation,50393.313,artifacts\main_hybrid\runs\exp-2b33b808a0f8\no_context\SC-F-03\0
no_context,SC-F-03,1,run-ed9ded3530a007da,True,recommendation,False,5,50,16,6,1,1,0,1,recommendation,32611.065,artifacts\main_hybrid\runs\exp-2b33b808a0f8\no_context\SC-F-03\1
no_context,SC-F-03,2,run-53706f05bed87dad,True,recommendation,False,5,50,22,0,1,1,0,1,recommendation,18907.621,artifacts\main_hybrid\runs\exp-2b33b808a0f8\no_context\SC-F-03\2
no_context,SC-F-04,0,run-d03cdd5172e2e4bb,True,recommendation,False,5,50,20,0,1,1,0,1,recommendation,12026.62,artifacts\main_hybrid\runs\exp-2b33b808a0f8\no_context\SC-F-04\0
no_context,SC-F-04,1,run-ebb905b917de9aa9,True,recommendation,False,5,50,20,0,1,1,0,1,recommendation,12548.71,artifacts\main_hybrid\runs\exp-2b33b808a0f8\no_context\SC-F-04\1
no_context,SC-F-04,2,run-d7f754d1c6032500,True,recommendation,False,5,50,20,0,1,1,0,1,recommendation,16045.001,artifacts\main_hybrid\runs\exp-2b33b808a0f8\no_context\SC-F-04\2
no_context,SC-G-01,0,run-8fd820fb0fd3fa83,True,recommendation,False,5,50,23,6,1,1,0,1,recommendation,235372.515,artifacts\main_hybrid\runs\exp-2b33b808a0f8\no_context\SC-G-01\0
no_context,SC-G-01,1,run-e69a6fbcad4061ce,True,recommendation,False,5,50,16,13,1,1,0,1,recommendation,14069.9,artifacts\main_hybrid\runs\exp-2b33b808a0f8\no_context\SC-G-01\1
no_context,SC-G-01,2,run-16a39058c7f3cf9e,True,recommendation,False,5,50,23,6,1,1,0,1,recommendation,183484.639,artifacts\main_hybrid\runs\exp-2b33b808a0f8\no_context\SC-G-01\2
no_context,SC-G-02,0,run-a191e82fe0552ab5,True,recommendation,False,5,50,10,7,1,1,0,1,recommendation,178797.203,artifacts\main_hybrid\runs\exp-2b33b808a0f8\no_context\SC-G-02\0
no_context,SC-G-02,1,run-3df61f770d52dd70,True,recommendation,False,5,50,17,0,1,1,0,1,recommendation,183081.197,artifacts\main_hybrid\runs\exp-2b33b808a0f8\no_context\SC-G-02\1
no_context,SC-G-02,2,run-48d6ce857c49a2d2,True,recommendation,False,5,50,10,7,1,1,0,1,recommendation,225307.922,artifacts\main_hybrid\runs\exp-2b33b808a0f8\no_context\SC-G-02\2
no_context,SC-H-01,0,run-fe2c6fd3e3730afe,True,recommendation,False,5,50,20,1,1,1,0,1,recommendation,186798.26,artifacts\main_hybrid\runs\exp-2b33b808a0f8\no_context\SC-H-01\0
no_context,SC-H-01,1,run-d2b9a396554a407b,True,recommendation,False,5,50,20,1,1,1,0,1,recommendation,182778.438,artifacts\main_hybrid\runs\exp-2b33b808a0f8\no_context\SC-H-01\1
no_context,SC-H-01,2,run-08eb0ce23ff8c058,True,recommendation,False,5,50,20,1,1,1,0,1,recommendation,195612.036,artifacts\main_hybrid\runs\exp-2b33b808a0f8\no_context\SC-H-01\2
no_context,SC-H-02,0,run-b322099a86af125a,True,recommendation,False,5,50,18,4,1,1,0,1,recommendation,35108.257,artifacts\main_hybrid\runs\exp-2b33b808a0f8\no_context\SC-H-02\0
no_context,SC-H-02,1,run-25bb9ab7e7a7365a,True,recommendation,False,5,50,18,4,1,1,0,1,recommendation,124644.834,artifacts\main_hybrid\runs\exp-2b33b808a0f8\no_context\SC-H-02\1
no_context,SC-H-02,2,run-64dbfef590df5805,True,recommendation,False,5,50,18,4,1,1,0,1,recommendation,60999.131,artifacts\main_hybrid\runs\exp-2b33b808a0f8\no_context\SC-H-02\2
no_context,SC-H-03,0,run-ea2e4f2c800425a8,True,recommendation,False,5,50,17,1,1,1,0,1,recommendation,167582.446,artifacts\main_hybrid\runs\exp-2b33b808a0f8\no_context\SC-H-03\0
no_context,SC-H-03,1,run-e09a9c6c7fbe74db,True,recommendation,False,5,50,17,1,1,1,0,1,recommendation,188284.6,artifacts\main_hybrid\runs\exp-2b33b808a0f8\no_context\SC-H-03\1
no_context,SC-H-03,2,run-b7f8311340d0f5c0,True,recommendation,False,5,50,17,1,1,1,0,1,recommendation,32761.658,artifacts\main_hybrid\runs\exp-2b33b808a0f8\no_context\SC-H-03\2
no_context,SC-D-06,0,run-809856b19e987477,True,recommendation,False,5,50,24,4,2,1,0,1,recommendation,36174.446,artifacts\main_hybrid\runs\exp-2b33b808a0f8\no_context\SC-D-06\0
no_context,SC-D-06,1,run-f3f30df9a4b8d9a5,True,recommendation,False,5,50,24,4,2,1,0,1,recommendation,99509.68,artifacts\main_hybrid\runs\exp-2b33b808a0f8\no_context\SC-D-06\1
no_context,SC-D-06,2,run-82121d93599b573f,True,recommendation,False,5,50,24,4,2,1,0,1,recommendation,30698.441,artifacts\main_hybrid\runs\exp-2b33b808a0f8\no_context\SC-D-06\2
no_context,SC-D-07,0,run-d0fd6be062307c7b,True,recommendation,False,5,50,17,4,2,1,0,1,recommendation,38108.305,artifacts\main_hybrid\runs\exp-2b33b808a0f8\no_context\SC-D-07\0
no_context,SC-D-07,1,run-68d48029a60ec89f,True,recommendation,False,5,50,11,10,2,1,0,1,recommendation,50284.938,artifacts\main_hybrid\runs\exp-2b33b808a0f8\no_context\SC-D-07\1
no_context,SC-D-07,2,run-3620dcf5bb5744a2,True,recommendation,False,5,50,17,4,2,1,0,1,recommendation,46095.46,artifacts\main_hybrid\runs\exp-2b33b808a0f8\no_context\SC-D-07\2
no_context,SC-D-08,0,run-cb26f0bc1de44dfe,True,recommendation,False,5,50,22,6,2,1,0,1,recommendation,15269.982,artifacts\main_hybrid\runs\exp-2b33b808a0f8\no_context\SC-D-08\0
no_context,SC-D-08,1,run-13afd1c7ef164da6,True,recommendation,False,5,50,22,6,2,1,0,1,recommendation,14219.671,artifacts\main_hybrid\runs\exp-2b33b808a0f8\no_context\SC-D-08\1
no_context,SC-D-08,2,run-40d744a8e6f22616,True,recommendation,False,5,50,17,11,2,1,0,1,recommendation,14322.047,artifacts\main_hybrid\runs\exp-2b33b808a0f8\no_context\SC-D-08\2
no_context,SC-D-09,0,run-688fc7e2f44ed2f2,True,recommendation,False,5,50,9,14,2,1,0,1,recommendation,20379.387,artifacts\main_hybrid\runs\exp-2b33b808a0f8\no_context\SC-D-09\0
no_context,SC-D-09,1,run-87f02234f88d5831,True,recommendation,False,5,50,13,10,2,1,0,1,recommendation,37877.563,artifacts\main_hybrid\runs\exp-2b33b808a0f8\no_context\SC-D-09\1
no_context,SC-D-09,2,run-7ebc93e6754f1bb3,True,recommendation,False,5,50,13,10,2,1,0,1,recommendation,33417.934,artifacts\main_hybrid\runs\exp-2b33b808a0f8\no_context\SC-D-09\2
no_context,SC-D-10,0,run-81291fb5e9520a72,True,recommendation,False,5,50,19,4,2,1,0,1,recommendation,22499.781,artifacts\main_hybrid\runs\exp-2b33b808a0f8\no_context\SC-D-10\0
no_context,SC-D-10,1,run-3996e6744fffc569,True,recommendation,False,5,50,19,4,2,1,0,1,recommendation,20265.849,artifacts\main_hybrid\runs\exp-2b33b808a0f8\no_context\SC-D-10\1
no_context,SC-D-10,2,run-6c88b2e46218c519,True,recommendation,False,5,50,19,4,2,1,0,1,recommendation,166213.033,artifacts\main_hybrid\runs\exp-2b33b808a0f8\no_context\SC-D-10\2
no_context,SC-D-11,0,run-4135fc9f33a52631,True,recommendation,False,5,50,23,3,3,1,0,1,recommendation,14238.59,artifacts\main_hybrid\runs\exp-2b33b808a0f8\no_context\SC-D-11\0
no_context,SC-D-11,1,run-8b6a0be310d169fd,True,recommendation,False,5,50,23,3,3,1,0,1,recommendation,11867.108,artifacts\main_hybrid\runs\exp-2b33b808a0f8\no_context\SC-D-11\1
no_context,SC-D-11,2,run-c6b4be2a2bcc1f45,True,recommendation,False,5,50,18,8,3,1,0,1,recommendation,10359.914,artifacts\main_hybrid\runs\exp-2b33b808a0f8\no_context\SC-D-11\2
no_context,SC-D-12,0,run-7a81aa198df7a360,True,recommendation,False,5,50,18,10,3,1,0,1,recommendation,28385.315,artifacts\main_hybrid\runs\exp-2b33b808a0f8\no_context\SC-D-12\0
no_context,SC-D-12,1,run-bfc1fb37d31beee3,True,recommendation,False,5,50,24,4,3,1,0,1,recommendation,16920.029,artifacts\main_hybrid\runs\exp-2b33b808a0f8\no_context\SC-D-12\1
no_context,SC-D-12,2,run-169749d452c80c28,True,recommendation,False,5,50,24,4,3,1,0,1,recommendation,15167.008,artifacts\main_hybrid\runs\exp-2b33b808a0f8\no_context\SC-D-12\2
