scope,variant,rank,feature,jobs,mean_total_score,mean_normalized_score,mean_weight,mean_contribution,contribution_share,top_driver_jobs,top_driver_share,inactive_jobs,dominant_explanation_code
variant,full,,experience_fit,172,0.7328232325581389,0.779069767441861,0.07773479651162803,0.060868686046511675,0.08306052993711908,0,0.0,17,experience_in_range
variant,full,,industry_preference,172,0.7328232325581389,0.0,0.0,0.0,0.0,0,0.0,172,industry_not_specified
variant,full,,location_preference,172,0.7328232325581389,0.5755813953488372,0.10727454069767438,0.06462088953488378,0.08818073262948449,0,0.0,73,location_match
variant,full,,preferred_skill_match,172,0.7328232325581389,0.4883639534883718,0.11104983139534881,0.0539439593023256,0.07361114782622007,0,0.0,38,preferred_skill_coverage
variant,full,,required_skill_match,172,0.7328232325581389,0.6259651162790696,0.27762380813953463,0.17492947674418582,0.23870623770147423,72,0.4186046511627907,16,required_skill_coverage
variant,full,,role_match,172,0.7328232325581389,0.8953488372093024,0.27762380813953463,0.2490346627906979,0.33982910438219577,100,0.5813953488372093,0,role_exact
variant,full,,salary_preference,172,0.7328232325581389,0.75,0.08148100581395344,0.08028224999999994,0.10955199894488978,0,0.0,43,salary_meets_min
variant,full,,work_mode_preference,172,0.7328232325581389,0.4622093023255814,0.06721291860465123,0.04914330813953493,0.06706024857861766,0,0.0,76,work_mode_match
variant,no_context,,experience_fit,210,0.7409002857142846,0.8361904761904756,0.07850901428571438,0.06576050000000011,0.08875755788999588,0,0.0,11,experience_in_range
variant,no_context,,industry_preference,210,0.7409002857142846,0.0,0.0,0.0,0.0,0,0.0,210,industry_not_specified
variant,no_context,,location_preference,210,0.7409002857142846,0.6476190476190476,0.10906370952380964,0.0736227666666667,0.09936933226539213,0,0.0,74,location_match
variant,no_context,,preferred_skill_match,210,0.7409002857142846,0.5436428571428567,0.11215585238095252,0.06053475714285713,0.0817043241986295,0,0.0,31,preferred_skill_coverage
variant,no_context,,required_skill_match,210,0.7409002857142846,0.6150780952380952,0.28038885238095207,0.17319357142857125,0.23376097265450424,76,0.3619047619047619,17,required_skill_coverage
variant,no_context,,role_match,210,0.7409002857142846,0.9261904761904762,0.28038885238095207,0.2592626095238094,0.3499291531165498,134,0.638095238095238,0,role_exact
variant,no_context,,salary_preference,210,0.7409002857142846,0.5563285714285714,0.07340091428571421,0.059309057142857086,0.0800499855195475,0,0.0,75,salary_meets_min
variant,no_context,,work_mode_preference,210,0.7409002857142846,0.4595238095238095,0.06609345238095238,0.049217023809523856,0.06642867435538222,0,0.0,92,work_mode_not_specified
variant,no_memory,,experience_fit,127,0.7245660314960629,0.8133858267716539,0.08309881889763786,0.06849600000000003,0.09453382717731258,0,0.0,12,experience_in_range
variant,no_memory,,industry_preference,127,0.7245660314960629,0.0,0.0,0.0,0.0,0,0.0,127,industry_not_specified
variant,no_memory,,location_preference,127,0.7245660314960629,0.5118110236220472,0.09009508661417334,0.05828367716535438,0.08043942806014787,0,0.0,62,location_match
variant,no_memory,,preferred_skill_match,127,0.7245660314960629,0.48161811023622075,0.11871264566929138,0.05721600000000003,0.07896588787341037,0,0.0,29,preferred_skill_coverage
variant,no_memory,,required_skill_match,127,0.7245660314960629,0.5931732283464567,0.29678087401574804,0.17427031496062978,0.24051681611516,49,0.3858267716535433,15,required_skill_coverage
variant,no_memory,,role_match,127,0.7245660314960629,0.8976377952755905,0.29678087401574804,0.2673107559055116,0.36892532120720056,78,0.6141732283464567,0,role_exact
variant,no_memory,,salary_preference,127,0.7245660314960629,0.5275590551181102,0.05606717322834651,0.05606717322834651,0.07738035015605223,0,0.0,60,salary_meets_min
variant,no_memory,,work_mode_preference,127,0.7245660314960629,0.39763779527559057,0.05846497637795282,0.04292211023622047,0.0592383694107163,0,0.0,66,work_mode_not_specified
variant,one_shot,,experience_fit,92,0.7332026521739131,0.7717391304347829,0.0771777717391305,0.059820293478260886,0.08158766652152225,0,0.0,12,experience_in_range
variant,one_shot,,industry_preference,92,0.7332026521739131,0.0,0.0,0.0,0.0,0,0.0,92,industry_not_specified
variant,one_shot,,location_preference,92,0.7332026521739131,0.5760869565217391,0.10319593478260883,0.06351725000000004,0.08662986939787277,0,0.0,39,location_match
variant,one_shot,,preferred_skill_match,92,0.7332026521739131,0.48912173913043505,0.11025408695652189,0.05458190217391307,0.07444313248469597,0,0.0,19,preferred_skill_coverage
variant,one_shot,,required_skill_match,92,0.7332026521739131,0.6286195652173914,0.2756344130434783,0.17354260869565233,0.23669119060208832,39,0.42391304347826086,5,required_skill_coverage
variant,one_shot,,role_match,92,0.7332026521739131,0.8858695652173914,0.2756344130434783,0.24509234782608688,0.3342764065288076,53,0.5760869565217391,0,role_exact
variant,one_shot,,salary_preference,92,0.7332026521739131,0.7282608695652174,0.07739707608695659,0.07739707608695659,0.10556027839980901,0,0.0,25,salary_meets_min
variant,one_shot,,work_mode_preference,92,0.7332026521739131,0.5489130434782609,0.08070708695652183,0.059251173913043485,0.08081145606520435,0,0.0,31,work_mode_match
variant,profile_only,,experience_fit,140,0.7664872714285718,0.8907142857142862,0.09523157142857155,0.08499539285714289,0.11088950335565163,0,0.0,3,experience_in_range
variant,profile_only,,industry_preference,140,0.7664872714285718,0.0,0.0,0.0,0.0,0,0.0,140,industry_not_specified
variant,profile_only,,location_preference,140,0.7664872714285718,0.34285714285714286,0.0720790000000001,0.04335402142857145,0.05656195874951535,0,0.0,92,location_not_specified
variant,profile_only,,preferred_skill_match,140,0.7664872714285718,0.6702299999999999,0.13604499999999975,0.0924182214285713,0.12057371971268759,0,0.0,9,preferred_skill_coverage
variant,profile_only,,required_skill_match,140,0.7664872714285718,0.6095235714285715,0.34011185714285713,0.2082958714285715,0.2717538557950892,46,0.32857142857142857,11,required_skill_coverage
variant,profile_only,,role_match,140,0.7664872714285718,0.9571428571428572,0.34011185714285713,0.3254253857142856,0.4245672405071526,94,0.6714285714285714,0,role_exact
variant,profile_only,,salary_preference,140,0.7664872714285718,0.029385714285714286,0.004105107142857143,0.003377678571428572,0.004406698842021585,0,0.0,135,salary_not_specified
variant,profile_only,,work_mode_preference,140,0.7664872714285718,0.075,0.012315321428571429,0.008620700000000002,0.011247023037881401,0,0.0,126,work_mode_not_specified
variant_rank,full,1.0,experience_fit,37,0.7766647837837838,0.8027027027027026,0.07738824324324324,0.06261216216216217,0.08061671324548278,0,0.0,1,experience_in_range
variant_rank,full,1.0,industry_preference,37,0.7766647837837838,0.0,0.0,0.0,0.0,0,0.0,37,industry_not_specified
variant_rank,full,1.0,location_preference,37,0.7766647837837838,0.7837837837837838,0.1070447567567567,0.08657986486486484,0.11147649110992505,0,0.0,8,location_match
variant_rank,full,1.0,preferred_skill_match,37,0.7766647837837838,0.46845405405405405,0.1105547567567567,0.052438216216216235,0.06751718027016215,0,0.0,4,preferred_skill_coverage
variant_rank,full,1.0,required_skill_match,37,0.7766647837837838,0.6081081081081081,0.27638613513513516,0.169866918918919,0.21871330136967862,13,0.35135135135135137,3,required_skill_coverage
variant_rank,full,1.0,role_match,37,0.7766647837837838,0.9324324324324325,0.27638613513513516,0.25726654054054054,0.33124527584111646,24,0.6486486486486487,0,role_exact
variant_rank,full,1.0,salary_preference,37,0.7766647837837838,0.7837837837837838,0.08368505405405402,0.08368505405405402,0.10774925785401795,0,0.0,8,salary_meets_min
variant_rank,full,1.0,work_mode_preference,37,0.7766647837837838,0.6081081081081081,0.06855564864864866,0.06421602702702703,0.08268178030961705,0,0.0,13,work_mode_match
variant_rank,full,2.0,experience_fit,35,0.7452587142857143,0.8571428571428571,0.07768671428571428,0.06695077142857145,0.08983561029908886,0,0.0,2,experience_in_range
variant_rank,full,2.0,industry_preference,35,0.7452587142857143,0.0,0.0,0.0,0.0,0,0.0,35,industry_not_specified
variant_rank,full,2.0,location_preference,35,0.7452587142857143,0.5142857142857142,0.10727057142857138,0.058788057142857154,0.07888275040057997,0,0.0,17,location_match
variant_rank,full,2.0,preferred_skill_match,35,0.7452587142857143,0.5571342857142858,0.1109811428571428,0.061025000000000024,0.08188431591637116,0,0.0,6,preferred_skill_coverage
variant_rank,full,2.0,required_skill_match,35,0.7452587142857143,0.6333314285714287,0.2774520857142857,0.17711851428571435,0.23766044044915566,14,0.4,3,required_skill_coverage
variant_rank,full,2.0,role_match,35,0.7452587142857143,0.9142857142857143,0.2774520857142857,0.2535580571428572,0.3402282352187955,21,0.6,0,role_exact
variant_rank,full,2.0,salary_preference,35,0.7452587142857143,0.7428571428571429,0.08257602857142854,0.07963051428571426,0.10684949100130324,0,0.0,9,salary_meets_min
variant_rank,full,2.0,work_mode_preference,35,0.7452587142857143,0.45714285714285713,0.06658208571428574,0.04818780000000002,0.06465915671470561,0,0.0,15,work_mode_not_specified
variant_rank,full,3.0,experience_fit,34,0.7235198823529412,0.7676470588235292,0.07809308823529411,0.0600674411764706,0.08302113409948979,0,0.0,4,experience_in_range
variant_rank,full,3.0,industry_preference,34,0.7235198823529412,0.0,0.0,0.0,0.0,0,0.0,34,industry_not_specified
variant_rank,full,3.0,location_preference,34,0.7235198823529412,0.5,0.10774197058823524,0.0571364411764706,0.07897010513471805,0,0.0,17,location_match
variant_rank,full,3.0,preferred_skill_match,34,0.7235198823529412,0.5097970588235293,0.11156167647058818,0.056205294117647076,0.07768313696489339,0,0.0,7,preferred_skill_coverage
variant_rank,full,3.0,required_skill_match,34,0.7235198823529412,0.6323500000000001,0.27890338235294115,0.17756447058823535,0.2454175412716819,14,0.4117647058823529,4,required_skill_coverage
variant_rank,full,3.0,role_match,34,0.7235198823529412,0.9117647058823529,0.27890338235294115,0.2538709411764706,0.35088315797330016,20,0.5882352941176471,0,role_exact
variant_rank,full,3.0,salary_preference,34,0.7235198823529412,0.7352941176470589,0.07894044117647057,0.07894044117647057,0.10910611180407415,0,0.0,9,salary_meets_min
variant_rank,full,3.0,work_mode_preference,34,0.7235198823529412,0.36764705882352944,0.06585676470588238,0.039734852941176464,0.054918812751842745,0,0.0,17,work_mode_not_specified
variant_rank,full,4.0,experience_fit,33,0.7142750909090909,0.7030303030303029,0.07776999999999999,0.05531963636363637,0.07744864278163265,0,0.0,5,experience_in_range
variant_rank,full,4.0,industry_preference,33,0.7142750909090909,0.0,0.0,0.0,0.0,0,0.0,33,industry_not_specified
variant_rank,full,4.0,location_preference,33,0.7142750909090909,0.5454545454545454,0.10716466666666662,0.0616327878787879,0.08628718635609287,0,0.0,15,location_match
variant_rank,full,4.0,preferred_skill_match,33,0.7142750909090909,0.46463939393939396,0.11110012121212116,0.05050769696969698,0.07071182743530018,0,0.0,9,preferred_skill_coverage
variant_rank,full,4.0,required_skill_match,33,0.7142750909090909,0.6060545454545455,0.2777495454545454,0.1688685151515152,0.23641943741393592,13,0.3939393939393939,3,required_skill_coverage
variant_rank,full,4.0,role_match,33,0.7142750909090909,0.8939393939393939,0.2777495454545454,0.24996548484848485,0.3499568836011658,20,0.6060606060606061,0,role_exact
variant_rank,full,4.0,salary_preference,33,0.7142750909090909,0.7272727272727273,0.08097348484848484,0.07784945454545453,0.10899085735493301,0,0.0,9,salary_meets_min
variant_rank,full,4.0,work_mode_preference,33,0.7142750909090909,0.4696969696969697,0.06749333333333336,0.05013151515151516,0.07018516505693971,0,0.0,14,work_mode_match
variant_rank,full,5.0,experience_fit,33,0.6986118181818184,0.7575757575757576,0.07776999999999999,0.05883775757575758,0.08422095940043868,0,0.0,5,experience_in_range
variant_rank,full,5.0,industry_preference,33,0.6986118181818184,0.0,0.0,0.0,0.0,0,0.0,33,industry_not_specified
variant_rank,full,5.0,location_preference,33,0.6986118181818184,0.5151515151515151,0.10716466666666662,0.05688590909090911,0.08142706380054993,0,0.0,16,location_match
variant_rank,full,5.0,preferred_skill_match,33,0.6986118181818184,0.4393909090909091,0.11110012121212116,0.04922842424242424,0.07046606278511627,0,0.0,12,preferred_skill_coverage
variant_rank,full,5.0,required_skill_match,33,0.6986118181818184,0.6515060606060606,0.2777495454545454,0.1816300909090909,0.25998714333489914,18,0.5454545454545454,3,required_skill_coverage
variant_rank,full,5.0,role_match,33,0.6986118181818184,0.8181818181818182,0.2777495454545454,0.22909378787878795,0.3279271577097265,15,0.45454545454545453,0,role_exact
variant_rank,full,5.0,salary_preference,33,0.6986118181818184,0.7575757575757576,0.08097348484848484,0.08097348484848484,0.11590626259261326,0,0.0,8,salary_meets_min
variant_rank,full,5.0,work_mode_preference,33,0.6986118181818184,0.3939393939393939,0.06749333333333336,0.04196236363636364,0.060065350376656036,0,0.0,17,work_mode_not_specified
variant_rank,no_context,1.0,experience_fit,42,0.7818482857142858,0.8785714285714286,0.078449,0.06938980952380953,0.08875099017505161,0,0.0,0,experience_in_range
variant_rank,no_context,1.0,industry_preference,42,0.7818482857142858,0.0,0.0,0.0,0.0,0,0.0,42,industry_not_specified
variant_rank,no_context,1.0,location_preference,42,0.7818482857142858,0.8095238095238095,0.10897797619047617,0.09123152380952375,0.11668699091176736,0,0.0,8,location_match
variant_rank,no_context,1.0,preferred_skill_match,42,0.7818482857142858,0.5396714285714285,0.11207011904761903,0.061653976190476203,0.07885670061187124,0,0.0,6,preferred_skill_coverage
variant_rank,no_context,1.0,required_skill_match,42,0.7818482857142858,0.6190476190476191,0.2801745000000001,0.17527650000000009,0.22418223995959766,15,0.35714285714285715,3,required_skill_coverage
variant_rank,no_context,1.0,role_match,42,0.7818482857142858,0.9404761904761905,0.2801745000000001,0.2625341190476191,0.33578652514121915,27,0.6428571428571429,0,role_exact
variant_rank,no_context,1.0,salary_preference,42,0.7818482857142858,0.6006666666666667,0.07400469047619045,0.06368169047619048,0.08145018878951914,0,0.0,15,salary_meets_min
variant_rank,no_context,1.0,work_mode_preference,42,0.7818482857142858,0.5476190476190477,0.06614988095238095,0.05808066666666668,0.07428636441097392,0,0.0,16,work_mode_match
variant_rank,no_context,2.0,experience_fit,42,0.7517649999999999,0.8904761904761904,0.07780521428571428,0.06915966666666667,0.09199639071607042,0,0.0,1,experience_in_range
variant_rank,no_context,2.0,industry_preference,42,0.7517649999999999,0.0,0.0,0.0,0.0,0,0.0,42,industry_not_specified
variant_rank,no_context,2.0,location_preference,42,0.7517649999999999,0.6428571428571429,0.10805828571428569,0.07220997619047617,0.09605392135903663,0,0.0,15,location_match
variant_rank,no_context,2.0,preferred_skill_match,42,0.7517649999999999,0.6230095238095239,0.11115042857142855,0.0678539523809524,0.09025952575732098,0,0.0,5,preferred_skill_coverage
variant_rank,no_context,2.0,required_skill_match,42,0.7517649999999999,0.6071428571428571,0.27787528571428577,0.17000064285714292,0.22613535194793977,14,0.3333333333333333,5,required_skill_coverage
variant_rank,no_context,2.0,role_match,42,0.7517649999999999,0.9523809523809523,0.27787528571428577,0.2641000714285715,0.3513066868350768,28,0.6666666666666666,0,role_exact
variant_rank,no_context,2.0,salary_preference,42,0.7517649999999999,0.5621904761904762,0.08165061904761901,0.06049723809523809,0.08047360291479132,0,0.0,13,salary_meets_min
variant_rank,no_context,2.0,work_mode_preference,42,0.7517649999999999,0.4523809523809524,0.06558559523809523,0.0479434523809524,0.06377452046976435,0,0.0,17,work_mode_not_specified
variant_rank,no_context,3.0,experience_fit,42,0.7343885238095237,0.7809523809523808,0.07914407142857141,0.061837500000000004,0.08420270469264389,0,0.0,2,experience_in_range
variant_rank,no_context,3.0,industry_preference,42,0.7343885238095237,0.0,0.0,0.0,0.0,0,0.0,42,industry_not_specified
variant_rank,no_context,3.0,location_preference,42,0.7343885238095237,0.6190476190476191,0.10997092857142855,0.07202342857142856,0.0980726498799552,0,0.0,16,location_match
variant_rank,no_context,3.0,preferred_skill_match,42,0.7343885238095237,0.48411904761904767,0.11306307142857142,0.05349011904761908,0.0728362676068896,0,0.0,8,preferred_skill_coverage
variant_rank,no_context,3.0,required_skill_match,42,0.7343885238095237,0.6269833333333333,0.2826569285714286,0.17759200000000006,0.24182295098889864,16,0.38095238095238093,3,required_skill_coverage
variant_rank,no_context,3.0,role_match,42,0.7343885238095237,0.9166666666666666,0.2826569285714286,0.2580831428571429,0.35142589309317857,26,0.6190476190476191,0,role_exact
variant_rank,no_context,3.0,salary_preference,42,0.7343885238095237,0.6190476190476191,0.06607661904761904,0.06607661904761904,0.08997501581976947,0,0.0,16,salary_meets_min
variant_rank,no_context,3.0,work_mode_preference,42,0.7343885238095237,0.4166666666666667,0.0664320238095238,0.0452857142857143,0.06166451791866498,0,0.0,20,work_mode_not_specified
variant_rank,no_context,4.0,experience_fit,42,0.7228306666666664,0.838095238095238,0.07825149999999999,0.06592459523809524,0.09120337345689346,0,0.0,5,experience_in_range
variant_rank,no_context,4.0,industry_preference,42,0.7228306666666664,0.0,0.0,0.0,0.0,0,0.0,42,industry_not_specified
variant_rank,no_context,4.0,location_preference,42,0.7228306666666664,0.5952380952380952,0.10869583333333331,0.06673649999999999,0.09232660300337747,0,0.0,17,location_match
variant_rank,no_context,4.0,preferred_skill_match,42,0.7228306666666664,0.5793595238095239,0.11178797619047617,0.06421450000000004,0.08883754240273893,0,0.0,5,preferred_skill_coverage
variant_rank,no_context,4.0,required_skill_match,42,0.7228306666666664,0.6111095238095238,0.2794691666666667,0.17095730952380958,0.23651086956808184,15,0.35714285714285715,3,required_skill_coverage
variant_rank,no_context,4.0,role_match,42,0.7228306666666664,0.9166666666666666,0.2794691666666667,0.25658083333333337,0.35496672341885527,27,0.6428571428571429,0,role_exact
variant_rank,no_context,4.0,salary_preference,42,0.7228306666666664,0.5167619047619048,0.07645928571428569,0.05506385714285716,0.07617808662820592,0,0.0,14,salary_meets_min
variant_rank,no_context,4.0,work_mode_preference,42,0.7228306666666664,0.40476190476190477,0.06586773809523809,0.043353071428571435,0.0599768015218476,0,0.0,21,work_mode_not_specified
variant_rank,no_context,5.0,experience_fit,42,0.7136689523809524,0.7928571428571428,0.07889528571428571,0.062490928571428586,0.08756290765199391,0,0.0,3,experience_in_range
variant_rank,no_context,5.0,industry_preference,42,0.7136689523809524,0.0,0.0,0.0,0.0,0,0.0,42,industry_not_specified
variant_rank,no_context,5.0,location_preference,42,0.7136689523809524,0.5714285714285714,0.10961552380952379,0.06591240476190474,0.09235711395599717,0,0.0,18,location_match
variant_rank,no_context,5.0,preferred_skill_match,42,0.7136689523809524,0.4920547619047619,0.11270766666666665,0.05546123809523813,0.07771283577659861,0,0.0,7,preferred_skill_coverage
variant_rank,no_context,5.0,required_skill_match,42,0.7136689523809524,0.6111071428571428,0.28176838095238105,0.17214140476190487,0.24120624021488432,16,0.38095238095238093,3,required_skill_coverage
variant_rank,no_context,5.0,role_match,42,0.7136689523809524,0.9047619047619048,0.28176838095238105,0.25501488095238095,0.35732937533795844,26,0.6190476190476191,0,role_exact
variant_rank,no_context,5.0,salary_preference,42,0.7136689523809524,0.4829761904761905,0.06881335714285712,0.05122588095238096,0.0717782114262929,0,0.0,17,salary_meets_min
variant_rank,no_context,5.0,work_mode_preference,42,0.7136689523809524,0.47619047619047616,0.0664320238095238,0.0514222142857143,0.07205331563627475,0,0.0,18,work_mode_match
variant_rank,no_memory,1.0,experience_fit,28,0.76760675,0.8571428571428571,0.0822020357142857,0.07162607142857143,0.09331089314752823,0,0.0,1,experience_in_range
variant_rank,no_memory,1.0,industry_preference,28,0.76760675,0.0,0.0,0.0,0.0,0,0.0,28,industry_not_specified
variant_rank,no_memory,1.0,location_preference,28,0.76760675,0.6428571428571429,0.09147132142857142,0.07221542857142858,0.09407867840066358,0,0.0,10,location_match
variant_rank,no_memory,1.0,preferred_skill_match,28,0.76760675,0.5714178571428571,0.11743153571428568,0.06839585714285715,0.08910273019727503,0,0.0,3,preferred_skill_coverage
variant_rank,no_memory,1.0,required_skill_match,28,0.76760675,0.5714285714285714,0.2935781071428571,0.1667855714285714,0.21727996976130212,9,0.32142857142857145,3,required_skill_coverage
variant_rank,no_memory,1.0,role_match,28,0.76760675,0.9285714285714286,0.2935781071428571,0.27257892857142857,0.35510230801309206,19,0.6785714285714286,0,role_exact
variant_rank,no_memory,1.0,salary_preference,28,0.76760675,0.5714285714285714,0.060603142857142876,0.060603142857142876,0.07895076855061901,0,0.0,12,salary_meets_min
variant_rank,no_memory,1.0,work_mode_preference,28,0.76760675,0.5178571428571429,0.06113625000000001,0.05540175000000001,0.0721746519295199,0,0.0,12,work_mode_match
variant_rank,no_memory,2.0,experience_fit,26,0.7379964999999999,0.8923076923076922,0.08297411538461537,0.07444676923076922,0.10087685948479325,0,0.0,1,experience_in_range
variant_rank,no_memory,2.0,industry_preference,26,0.7379964999999999,0.0,0.0,0.0,0.0,0,0.0,26,industry_not_specified
variant_rank,no_memory,2.0,location_preference,26,0.7379964999999999,0.5,0.09057734615384616,0.05794488461538461,0.07851647618299629,0,0.0,13,location_match
variant_rank,no_memory,2.0,preferred_skill_match,26,0.7379964999999999,0.5384499999999999,0.11853449999999997,0.06343903846153846,0.08596116439785076,0,0.0,4,preferred_skill_coverage
variant_rank,no_memory,2.0,required_skill_match,26,0.7379964999999999,0.5705115384615385,0.2963355,0.16805,0.22771110703099542,9,0.34615384615384615,4,required_skill_coverage
variant_rank,no_memory,2.0,role_match,26,0.7379964999999999,0.9230769230769231,0.2963355,0.273721,0.37089742295525796,17,0.6538461538461539,0,role_exact
variant_rank,no_memory,2.0,salary_preference,26,0.7379964999999999,0.5384615384615384,0.05733469230769232,0.05733469230769232,0.0776896534166386,0,0.0,12,salary_meets_min
variant_rank,no_memory,2.0,work_mode_preference,26,0.7379964999999999,0.40384615384615385,0.0579088076923077,0.04306011538461539,0.058347316531467824,0,0.0,13,work_mode_not_specified
variant_rank,no_memory,3.0,experience_fit,25,0.7167934799999999,0.7599999999999999,0.08340647999999998,0.06354888,0.08865716803116011,0,0.0,3,experience_in_range
variant_rank,no_memory,3.0,industry_preference,25,0.7167934799999999,0.0,0.0,0.0,0.0,0,0.0,25,industry_not_specified
variant_rank,no_memory,3.0,location_preference,25,0.7167934799999999,0.52,0.09007672000000001,0.06026268,0.08407258391915061,0,0.0,12,location_match
variant_rank,no_memory,3.0,preferred_skill_match,25,0.7167934799999999,0.45999199999999996,0.11915215999999998,0.05525235999999999,0.07708267658907836,0,0.0,6,preferred_skill_coverage
variant_rank,no_memory,3.0,required_skill_match,25,0.7167934799999999,0.606664,0.29787964,0.17860304,0.24916945394090362,10,0.4,3,required_skill_coverage
variant_rank,no_memory,3.0,role_match,25,0.7167934799999999,0.9,0.29787964,0.26861344000000004,0.3747431407997741,15,0.6,0,role_exact
variant_rank,no_memory,3.0,salary_preference,25,0.7167934799999999,0.52,0.05550436000000001,0.05550436000000001,0.07743424228691369,0,0.0,12,salary_meets_min
variant_rank,no_memory,3.0,work_mode_preference,25,0.7167934799999999,0.32,0.05610144,0.03500872,0.048840734433019686,0,0.0,14,work_mode_not_specified
variant_rank,no_memory,4.0,experience_fit,24,0.7015900416666666,0.7458333333333332,0.08352924999999999,0.063939,0.09113441782626974,0,0.0,4,experience_in_range
variant_rank,no_memory,4.0,industry_preference,24,0.7015900416666666,0.0,0.0,0.0,0.0,0,0.0,24,industry_not_specified
variant_rank,no_memory,4.0,location_preference,24,0.7015900416666666,0.5833333333333334,0.089040625,0.06657541666666666,0.09489219161166115,0,0.0,10,location_match
variant_rank,no_memory,4.0,preferred_skill_match,24,0.7015900416666666,0.3472125000000001,0.11932754166666665,0.04024475000000001,0.057362202440040824,0,0.0,9,preferred_skill_coverage
variant_rank,no_memory,4.0,required_skill_match,24,0.7015900416666666,0.5972166666666666,0.298318125,0.17586074999999998,0.25066027103553645,10,0.4166666666666667,3,required_skill_coverage
variant_rank,no_memory,4.0,role_match,24,0.7015900416666666,0.875,0.298318125,0.26308024999999996,0.37497717238836237,14,0.5833333333333334,0,role_exact
variant_rank,no_memory,4.0,salary_preference,24,0.7015900416666666,0.5,0.05302775000000001,0.05302775000000001,0.07558224440305568,0,0.0,12,salary_meets_min
variant_rank,no_memory,4.0,work_mode_preference,24,0.7015900416666666,0.3541666666666667,0.058439,0.038862125000000004,0.0553915002950738,0,0.0,14,work_mode_not_specified
variant_rank,no_memory,5.0,experience_fit,24,0.6908745833333335,0.7999999999999998,0.08352924999999999,0.06810783333333333,0.09858205089080925,0,0.0,3,experience_in_range
variant_rank,no_memory,5.0,industry_preference,24,0.6908745833333335,0.0,0.0,0.0,0.0,0,0.0,24,industry_not_specified
variant_rank,no_memory,5.0,location_preference,24,0.6908745833333335,0.2916666666666667,0.089040625,0.03204379166666667,0.04638148868071206,0,0.0,17,location_mismatch
variant_rank,no_memory,5.0,preferred_skill_match,24,0.6908745833333335,0.4722166666666667,0.11932754166666665,0.05644791666666665,0.08170501278874177,0,0.0,7,preferred_skill_coverage
variant_rank,no_memory,5.0,required_skill_match,24,0.6908745833333335,0.6249958333333333,0.298318125,0.1836375,0.26580439406814665,11,0.4583333333333333,2,required_skill_coverage
variant_rank,no_memory,5.0,role_match,24,0.6908745833333335,0.8541666666666666,0.298318125,0.25709366666666666,0.37212784037623803,13,0.5416666666666666,0,role_exact
variant_rank,no_memory,5.0,salary_preference,24,0.6908745833333335,0.5,0.05302775000000001,0.05302775000000001,0.07675452430765593,0,0.0,12,salary_meets_min
variant_rank,no_memory,5.0,work_mode_preference,24,0.6908745833333335,0.375,0.058439,0.04051612500000001,0.058644688887696084,0,0.0,13,work_mode_not_specified
variant_rank,one_shot,1.0,experience_fit,21,0.7760919047619048,0.8095238095238095,0.07671514285714286,0.06261385714285714,0.08067840517169972,0,0.0,1,experience_in_range
variant_rank,one_shot,1.0,industry_preference,21,0.7760919047619048,0.0,0.0,0.0,0.0,0,0.0,21,industry_not_specified
variant_rank,one_shot,1.0,location_preference,21,0.7760919047619048,0.7142857142857143,0.10340890476190477,0.07773438095238097,0.10016130882878993,0,0.0,6,location_match
variant_rank,one_shot,1.0,preferred_skill_match,21,0.7760919047619048,0.5555428571428572,0.10959319047619048,0.06255,0.08059612478394494,0,0.0,1,preferred_skill_coverage
variant_rank,one_shot,1.0,required_skill_match,21,0.7760919047619048,0.5952380952380952,0.27398219047619043,0.1636530476190476,0.21086812865192078,7,0.3333333333333333,1,required_skill_coverage
variant_rank,one_shot,1.0,role_match,21,0.7760919047619048,0.9285714285714286,0.27398219047619043,0.2548674285714286,0.3283985144125665,14,0.6666666666666666,0,role_exact
variant_rank,one_shot,1.0,salary_preference,21,0.7760919047619048,0.7619047619047619,0.0808041904761905,0.0808041904761905,0.10411678047457563,0,0.0,5,salary_meets_min
variant_rank,one_shot,1.0,work_mode_preference,21,0.7760919047619048,0.6904761904761905,0.08151500000000002,0.073869,0.09518073767650248,0,0.0,5,work_mode_match
variant_rank,one_shot,2.0,experience_fit,19,0.7472295789473683,0.868421052631579,0.0771941052631579,0.06717478947368422,0.08989846141839591,0,0.0,1,experience_in_range
variant_rank,one_shot,2.0,industry_preference,19,0.7472295789473683,0.0,0.0,0.0,0.0,0,0.0,19,industry_not_specified
variant_rank,one_shot,2.0,location_preference,19,0.7472295789473683,0.5263157894736842,0.10344215789473686,0.05878721052631579,0.078673559214733,0,0.0,9,location_match
variant_rank,one_shot,2.0,preferred_skill_match,19,0.7472295789473683,0.5789368421052632,0.1102774210526316,0.06426573684210525,0.08600534380964577,0,0.0,2,preferred_skill_coverage
variant_rank,one_shot,2.0,required_skill_match,19,0.7472295789473683,0.5964894736842106,0.27569273684210527,0.1650535789473684,0.220887373302167,7,0.3684210526315789,2,required_skill_coverage
variant_rank,one_shot,2.0,role_match,19,0.7472295789473683,0.9210526315789473,0.27569273684210527,0.2545658947368421,0.3406796276660411,12,0.631578947368421,0,role_exact
variant_rank,one_shot,2.0,salary_preference,19,0.7472295789473683,0.7368421052631579,0.07845800000000003,0.07845800000000003,0.1049985201476162,0,0.0,5,salary_meets_min
variant_rank,one_shot,2.0,work_mode_preference,19,0.7472295789473683,0.5526315789473685,0.07924363157894737,0.058924368421052635,0.07885711444140117,0,0.0,6,work_mode_match
variant_rank,one_shot,3.0,experience_fit,18,0.7221752777777777,0.7499999999999999,0.0774735,0.05792166666666668,0.08020444405809457,0,0.0,3,experience_in_range
variant_rank,one_shot,3.0,industry_preference,18,0.7221752777777777,0.0,0.0,0.0,0.0,0,0.0,18,industry_not_specified
variant_rank,one_shot,3.0,location_preference,18,0.7221752777777777,0.5555555555555556,0.10346155555555557,0.062053166666666666,0.08592535437880386,0,0.0,8,location_match
variant_rank,one_shot,3.0,preferred_skill_match,18,0.7221752777777777,0.4536944444444445,0.11067655555555557,0.05053583333333333,0.06997724082834615,0,0.0,4,preferred_skill_coverage
variant_rank,one_shot,3.0,required_skill_match,18,0.7221752777777777,0.6481444444444445,0.27669055555555555,0.1795441111111111,0.24861569848193982,8,0.4444444444444444,1,required_skill_coverage
variant_rank,one_shot,3.0,role_match,18,0.7221752777777777,0.8888888888888888,0.27669055555555555,0.24640788888888887,0.3412023319977337,10,0.5555555555555556,0,role_exact
variant_rank,one_shot,3.0,salary_preference,18,0.7221752777777777,0.7222222222222222,0.0770893888888889,0.0770893888888889,0.10674609234215612,0,0.0,5,salary_meets_min
variant_rank,one_shot,3.0,work_mode_preference,18,0.7221752777777777,0.4444444444444444,0.07791866666666666,0.04862322222222223,0.06732883791292589,0,0.0,7,work_mode_unknown
variant_rank,one_shot,4.0,experience_fit,17,0.7101308235294118,0.6941176470588235,0.07729782352941178,0.054453882352941185,0.07668147973397446,0,0.0,4,experience_in_range
variant_rank,one_shot,4.0,industry_preference,17,0.7101308235294118,0.0,0.0,0.0,0.0,0,0.0,17,industry_not_specified
variant_rank,one_shot,4.0,location_preference,17,0.7101308235294118,0.6470588235294118,0.10278617647058826,0.07107058823529411,0.10008097927937717,0,0.0,6,location_match
variant_rank,one_shot,4.0,preferred_skill_match,17,0.7101308235294118,0.3823470588235295,0.11042558823529414,0.04186135294117648,0.05894879021462823,0,0.0,7,preferred_skill_coverage
variant_rank,one_shot,4.0,required_skill_match,17,0.7101308235294118,0.6372470588235295,0.27606317647058826,0.175728,0.24745862899826906,8,0.47058823529411764,1,required_skill_coverage
variant_rank,one_shot,4.0,role_match,17,0.7101308235294118,0.8529411764705882,0.27606317647058826,0.23729011764705882,0.33414986335574953,9,0.5294117647058824,0,role_exact
variant_rank,one_shot,4.0,salary_preference,17,0.7101308235294118,0.7058823529411765,0.07486270588235296,0.07486270588235296,0.10542100610459185,0,0.0,5,salary_meets_min
variant_rank,one_shot,4.0,work_mode_preference,17,0.7101308235294118,0.5,0.08250211764705882,0.05486417647058824,0.0772592523134097,0,0.0,7,work_mode_match
variant_rank,one_shot,5.0,experience_fit,17,0.6992925294117648,0.7176470588235294,0.07729782352941178,0.05552641176470588,0.07940369649224471,0,0.0,3,experience_in_range
variant_rank,one_shot,5.0,industry_preference,17,0.6992925294117648,0.0,0.0,0.0,0.0,0,0.0,17,industry_not_specified
variant_rank,one_shot,5.0,location_preference,17,0.6992925294117648,0.4117647058823529,0.10278617647058826,0.045238294117647064,0.06469151637541573,0,0.0,10,location_mismatch
variant_rank,one_shot,5.0,preferred_skill_match,17,0.6992925294117648,0.4509764705882353,0.11042558823529414,0.05092047058823529,0.07281712365934882,0,0.0,5,preferred_skill_coverage
variant_rank,one_shot,5.0,required_skill_match,17,0.6992925294117648,0.676464705882353,0.27606317647058826,0.18670694117647058,0.26699404515807695,9,0.5294117647058824,0,required_skill_coverage
variant_rank,one_shot,5.0,role_match,17,0.6992925294117648,0.8235294117647058,0.27606317647058826,0.22883847058823528,0.327242836099981,8,0.47058823529411764,0,role_exact
variant_rank,one_shot,5.0,salary_preference,17,0.6992925294117648,0.7058823529411765,0.07486270588235296,0.07486270588235296,0.10705492012809924,0,0.0,5,salary_meets_min
variant_rank,one_shot,5.0,work_mode_preference,17,0.6992925294117648,0.5294117647058824,0.08250211764705882,0.057199235294117655,0.08179586208683348,0,0.0,6,work_mode_match
variant_rank,profile_only,1.0,experience_fit,28,0.8096248571428571,0.9249999999999999,0.09523157142857139,0.0882345,0.10898195531122527,0,0.0,0,experience_in_range
variant_rank,profile_only,1.0,industry_preference,28,0.8096248571428571,0.0,0.0,0.0,0.0,0,0.0,28,industry_not_specified
variant_rank,profile_only,1.0,location_preference,28,0.8096248571428571,0.4642857142857143,0.07207899999999999,0.058697464285714276,0.07249958269914779,0,0.0,15,location_match
variant_rank,profile_only,1.0,preferred_skill_match,28,0.8096248571428571,0.8154714285714286,0.136045,0.11323535714285714,0.1398615125806061,0,0.0,1,preferred_skill_coverage
variant_rank,profile_only,1.0,required_skill_match,28,0.8096248571428571,0.6607142857142857,0.3401118571428573,0.2258962500000001,0.2790134813760307,12,0.42857142857142855,1,required_skill_coverage
variant_rank,profile_only,1.0,role_match,28,0.8096248571428571,0.9107142857142857,0.3401118571428573,0.3091934285714287,0.38189715377880495,16,0.5714285714285714,0,role_exact
variant_rank,profile_only,1.0,salary_preference,28,0.8096248571428571,0.03571428571428571,0.004105107142857143,0.004105107142857143,0.005070381802930246,0,0.0,27,salary_not_specified
variant_rank,profile_only,1.0,work_mode_preference,28,0.8096248571428571,0.08928571428571429,0.012315321428571429,0.010262750000000001,0.012675932451255204,0,0.0,25,work_mode_not_specified
variant_rank,profile_only,2.0,experience_fit,28,0.7844353214285714,0.9428571428571428,0.09523157142857139,0.09026067857142854,0.11506452617030381,0,0.0,1,experience_in_range
variant_rank,profile_only,2.0,industry_preference,28,0.7844353214285714,0.0,0.0,0.0,0.0,0,0.0,28,industry_not_specified
variant_rank,profile_only,2.0,location_preference,28,0.7844353214285714,0.39285714285714285,0.07207899999999999,0.04995414285714285,0.06368165926818421,0,0.0,17,location_not_specified
variant_rank,profile_only,2.0,preferred_skill_match,28,0.7844353214285714,0.6785642857142857,0.136045,0.09476296428571429,0.12080405062986846,0,0.0,2,preferred_skill_coverage
variant_rank,profile_only,2.0,required_skill_match,28,0.7844353214285714,0.5892857142857143,0.3401118571428573,0.20164092857142865,0.25705233186620285,8,0.2857142857142857,2,required_skill_coverage
variant_rank,profile_only,2.0,role_match,28,0.7844353214285714,0.9821428571428571,0.3401118571428573,0.3334487500000001,0.4250812538537163,20,0.7142857142857143,0,role_exact
variant_rank,profile_only,2.0,salary_preference,28,0.7844353214285714,0.03571428571428571,0.004105107142857143,0.004105107142857143,0.005233200278872122,0,0.0,27,salary_not_specified
variant_rank,profile_only,2.0,work_mode_preference,28,0.7844353214285714,0.08928571428571429,0.012315321428571429,0.010262750000000001,0.013082977932852426,0,0.0,25,work_mode_not_specified
variant_rank,profile_only,3.0,experience_fit,28,0.763610464285714,0.8285714285714284,0.09523157142857139,0.07848392857142858,0.10278005899885477,0,0.0,0,experience_in_range
variant_rank,profile_only,3.0,industry_preference,28,0.763610464285714,0.0,0.0,0.0,0.0,0,0.0,28,industry_not_specified
variant_rank,profile_only,3.0,location_preference,28,0.763610464285714,0.35714285714285715,0.07207899999999999,0.04478282142857143,0.05864615995075651,0,0.0,18,location_not_specified
variant_rank,profile_only,3.0,preferred_skill_match,28,0.763610464285714,0.7261857142857143,0.136045,0.100681,0.1318486384208703,0,0.0,1,preferred_skill_coverage
variant_rank,profile_only,3.0,required_skill_match,28,0.763610464285714,0.5892857142857143,0.3401118571428573,0.2007755714285715,0.26292930861860075,8,0.2857142857142857,3,required_skill_coverage
variant_rank,profile_only,3.0,role_match,28,0.763610464285714,0.9821428571428571,0.3401118571428573,0.33431410714285725,0.43780713174953245,20,0.7142857142857143,0,role_exact
variant_rank,profile_only,3.0,salary_preference,28,0.763610464285714,0.004071428571428571,0.004105107142857143,0.0004679642857142857,0.0006128311588186817,0,0.0,27,salary_not_specified
variant_rank,profile_only,3.0,work_mode_preference,28,0.763610464285714,0.03571428571428571,0.012315321428571429,0.004105071428571428,0.005375871102567116,0,0.0,26,work_mode_not_specified
variant_rank,profile_only,4.0,experience_fit,28,0.7425691071428571,0.8892857142857142,0.09523157142857139,0.08487578571428571,0.11430018418199173,0,0.0,1,experience_in_range
variant_rank,profile_only,4.0,industry_preference,28,0.7425691071428571,0.0,0.0,0.0,0.0,0,0.0,28,industry_not_specified
variant_rank,profile_only,4.0,location_preference,28,0.7425691071428571,0.32142857142857145,0.07207899999999999,0.04121082142857143,0.05549762443947618,0,0.0,19,location_not_specified
variant_rank,profile_only,4.0,preferred_skill_match,28,0.7425691071428571,0.5059392857142857,0.136045,0.06907753571428574,0.09302505995714207,0,0.0,3,preferred_skill_coverage
variant_rank,profile_only,4.0,required_skill_match,28,0.7425691071428571,0.5892857142857143,0.3401118571428573,0.2007755714285715,0.2703796447997746,8,0.2857142857142857,3,required_skill_coverage
variant_rank,profile_only,4.0,role_match,28,0.7425691071428571,0.9821428571428571,0.3401118571428573,0.33431410714285725,0.4502127868329717,20,0.7142857142857143,0,role_exact
variant_rank,profile_only,4.0,salary_preference,28,0.7425691071428571,0.03571428571428571,0.004105107142857143,0.004105107142857143,0.0055282492947385615,0,0.0,27,salary_not_specified
variant_rank,profile_only,4.0,work_mode_preference,28,0.7425691071428571,0.07142857142857142,0.012315321428571429,0.008210178571428571,0.01105645049390545,0,0.0,25,work_mode_not_specified
variant_rank,profile_only,5.0,experience_fit,28,0.732196607142857,0.8678571428571428,0.09523157142857139,0.08312207142857143,0.113524251024498,0,0.0,1,experience_in_range
variant_rank,profile_only,5.0,industry_preference,28,0.732196607142857,0.0,0.0,0.0,0.0,0,0.0,28,industry_not_specified
variant_rank,profile_only,5.0,location_preference,28,0.732196607142857,0.17857142857142858,0.07207899999999999,0.022124857142857144,0.030217098695925017,0,0.0,23,location_not_specified
variant_rank,profile_only,5.0,preferred_skill_match,28,0.732196607142857,0.6249892857142856,0.136045,0.08433424999999999,0.11517978802044047,0,0.0,2,preferred_skill_coverage
variant_rank,profile_only,5.0,required_skill_match,28,0.732196607142857,0.6190464285714287,0.3401118571428573,0.2123910357142858,0.2900737775104805,10,0.35714285714285715,2,required_skill_coverage
variant_rank,profile_only,5.0,role_match,28,0.732196607142857,0.9285714285714286,0.3401118571428573,0.31585653571428585,0.4313821351164222,18,0.6428571428571429,0,role_exact
variant_rank,profile_only,5.0,salary_preference,28,0.732196607142857,0.03571428571428571,0.004105107142857143,0.004105107142857143,0.005606564005910787,0,0.0,27,salary_not_specified
variant_rank,profile_only,5.0,work_mode_preference,28,0.732196607142857,0.08928571428571429,0.012315321428571429,0.010262750000000001,0.014016385626323536,0,0.0,25,work_mode_not_specified
