job_id,title,company,description,role_family,industry,employment_type,required_skills,preferred_skills,responsibilities,salary_min,salary_max,salary_currency,salary_period,country,city,region,work_mode,min_years_experience,max_years_experience,experience_level,required_work_authorization,application_deadline,is_active,source_uri
job-0000,Intern Data Scientist,Merlion Data,"Intern Data Scientist at a growing team. Responsibilities: Train models, Analyse data, Communicate findings.",data scientist,technology,part-time,python|machine learning|statistics,sql|aws,Train models|Analyse data|Communicate findings,1500,1883,MYR,month,Malaysia,Kuala Lumpur,,remote,0,1,intern,,2026-04-15,true,synthetic://catalog/0000
job-0001,Entry Data Analyst,Penang Analytics,"Entry Data Analyst at a growing team. Responsibilities: Build dashboards, Analyse business metrics, Prepare reports.",data analyst,healthcare,part-time,sql|excel,power bi|python,Build dashboards|Analyse business metrics|Prepare reports,3000,4459,MYR,month,Malaysia,Penang,,onsite,0,2,entry,,2025-12-01,false,synthetic://catalog/0001
job-0002,Mid Data Scientist,Straits Digital,"Mid Data Scientist at a growing team. Responsibilities: Train models, Analyse data, Communicate findings.",data scientist,technology,contract,python|machine learning|statistics,aws|sql,Train models|Analyse data|Communicate findings,7000,11080,MYR,month,Malaysia,Johor Bahru,,remote,3,6,mid,,2026-01-22,true,synthetic://catalog/0002
job-0003,Mid Data Scientist,Batik Cloud,"Mid Data Scientist at a growing team. Responsibilities: Train models, Analyse data, Communicate findings.",data scientist,retail,part-time,python|machine learning|statistics,sql,Train models|Analyse data|Communicate findings,,,,,Singapore,Singapore,,onsite,3,6,mid,SG,2026-03-22,true,synthetic://catalog/0003
job-0004,Entry Data Analyst,Straits Digital,"Entry Data Analyst at a growing team. Responsibilities: Build dashboards, Analyse business metrics, Prepare reports.",data analyst,retail,contract,sql|excel,tableau|power bi|python,Build dashboards|Analyse business metrics|Prepare reports,,,,,Malaysia,Johor Bahru,,onsite,0,2,entry,,,true,synthetic://catalog/0004
job-0005,Entry Product Analyst,Hibiscus Labs,"Entry Product Analyst at a growing team. Responsibilities: Analyse product funnels, Run experiments, Report KPIs.",product analyst,healthcare,contract,sql|statistics,tableau,Analyse product funnels|Run experiments|Report KPIs,3000,3805,MYR,month,Malaysia,Johor Bahru,,onsite,0,2,entry,,2025-12-17,false,synthetic://catalog/0005
job-0006,Intern Sales Analyst,Penang Analytics,"Intern Sales Analyst at a growing team. Responsibilities: Analyse sales pipeline, Forecast revenue, Support sales team.",sales analyst,retail,full-time,excel|sql,communication|power bi,Analyse sales pipeline|Forecast revenue|Support sales team,1500,,MYR,month,Malaysia,Penang,,onsite,0,1,intern,,2026-01-19,true,synthetic://catalog/0006
job-0007,Junior Business Analyst,Batik Cloud,"Junior Business Analyst at a growing team. Responsibilities: Gather requirements, Model processes, Support stakeholders.",business analyst,healthcare,part-time,excel|communication,power bi|sql,Gather requirements|Model processes|Support stakeholders,4000,,MYR,month,Malaysia,Penang,,hybrid,1,3,junior,,2026-04-16,true,synthetic://catalog/0007
job-0008,Senior Business Analyst,KualaSoft,"Senior Business Analyst at a growing team. Responsibilities: Gather requirements, Model processes, Support stakeholders.",business analyst,finance,part-time,excel|communication,sql|power bi,Gather requirements|Model processes|Support stakeholders,12000,,MYR,month,Malaysia,Cyberjaya,,onsite,6,10,senior,,,true,synthetic://catalog/0008
job-0009,Senior Software Engineer,Acme Data,"Senior Software Engineer at a growing team. Responsibilities: Develop services, Write tests, Review code.",software engineer,technology,part-time,python|sql,aws|javascript|docker,Develop services|Write tests|Review code,,,,,Malaysia,Cyberjaya,,remote,6,10,senior,,,true,synthetic://catalog/0009
job-0010,Mid Product Analyst,KualaSoft,"Mid Product Analyst at a growing team. Responsibilities: Analyse product funnels, Run experiments, Report KPIs.",product analyst,technology,part-time,sql|statistics,python|tableau,Analyse product funnels|Run experiments|Report KPIs,7000,10421,MYR,month,Malaysia,Penang,,unspecified,3,6,mid,,2025-11-25,false,synthetic://catalog/0010
job-0011,Entry Product Analyst,Selangor Systems,"Entry Product Analyst at a growing team. Responsibilities: Analyse product funnels, Run experiments, Report KPIs.",product analyst,finance,full-time,sql|statistics,python,Analyse product funnels|Run experiments|Report KPIs,2700,3767,SGD,month,Singapore,Singapore,,onsite,0,2,entry,,2026-02-26,true,synthetic://catalog/0011
job-0012,Mid Data Analyst,Merlion Data,"Mid Data Analyst at a growing team. Responsibilities: Build dashboards, Analyse business metrics, Prepare reports.",data analyst,healthcare,full-time,sql|excel,python|power bi|tableau,Build dashboards|Analyse business metrics|Prepare reports,7000,9730,MYR,month,Malaysia,Kuala Lumpur,,hybrid,3,6,mid,,2026-02-13,true,synthetic://catalog/0012
job-0013,Junior Software Engineer,Merlion Data,"Junior Software Engineer at a growing team. Responsibilities: Develop services, Write tests, Review code.",software engineer,finance,part-time,python|sql,docker,Develop services|Write tests|Review code,4000,5159,MYR,month,Malaysia,Cyberjaya,,unspecified,1,3,junior,,2026-03-27,true,synthetic://catalog/0013
job-0014,Intern Data Analyst,Nusantara Tech,"Intern Data Analyst at a growing team. Responsibilities: Build dashboards, Analyse business metrics, Prepare reports.",data analyst,finance,contract,sql|excel,tableau|power bi|python,Build dashboards|Analyse business metrics|Prepare reports,,,,,Malaysia,Penang,,onsite,0,1,intern,,,true,synthetic://catalog/0014
job-0015,Senior Data Scientist,Straits Digital,"Senior Data Scientist at a growing team. Responsibilities: Train models, Analyse data, Communicate findings.",data scientist,retail,contract,python|machine learning|statistics,aws|sql,Train models|Analyse data|Communicate findings,10800,15003,SGD,month,Singapore,Singapore,,unspecified,6,10,senior,SG,2026-01-23,true,synthetic://catalog/0015
job-0016,Intern Data Scientist,Penang Analytics,"Intern Data Scientist at a growing team. Responsibilities: Train models, Analyse data, Communicate findings.",data scientist,finance,full-time,python|machine learning|statistics,sql|aws,Train models|Analyse data|Communicate findings,1500,,MYR,month,Malaysia,Kuala Lumpur,,unspecified,0,1,intern,,2025-12-21,false,synthetic://catalog/0016
job-0017,Junior Business Analyst,Merlion Data,"Junior Business Analyst at a growing team. Responsibilities: Gather requirements, Model processes, Support stakeholders.",business analyst,technology,full-time,excel|communication,sql,Gather requirements|Model processes|Support stakeholders,,,,,Malaysia,Cyberjaya,,hybrid,1,3,junior,,2026-04-24,true,synthetic://catalog/0017
job-0018,Entry Sales Analyst,KualaSoft,"Entry Sales Analyst at a growing team. Responsibilities: Analyse sales pipeline, Forecast revenue, Support sales team.",sales analyst,healthcare,full-time,excel|sql,communication|power bi,Analyse sales pipeline|Forecast revenue|Support sales team,3000,3856,MYR,month,Malaysia,Penang,,unspecified,0,2,entry,,2026-01-18,true,synthetic://catalog/0018
job-0019,Mid Product Analyst,Merlion Data,"Mid Product Analyst at a growing team. Responsibilities: Analyse product funnels, Run experiments, Report KPIs.",product analyst,technology,part-time,sql|statistics,python|tableau,Analyse product funnels|Run experiments|Report KPIs,6300,8307,SGD,month,Singapore,Singapore,,unspecified,3,6,mid,SG,,true,synthetic://catalog/0019
job-0020,Mid Data Engineer,Nusantara Tech,"Mid Data Engineer at a growing team. Responsibilities: Build data pipelines, Maintain warehouses, Optimise ETL.",data engineer,finance,contract,python|sql|etl,aws,Build data pipelines|Maintain warehouses|Optimise ETL,6300,8839,SGD,month,Singapore,Singapore,,hybrid,3,6,mid,SG,,true,synthetic://catalog/0020
job-0021,Senior Data Engineer,Penang Analytics,"Senior Data Engineer at a growing team. Responsibilities: Build data pipelines, Maintain warehouses, Optimise ETL.",data engineer,retail,full-time,python|sql|etl,docker|aws,Build data pipelines|Maintain warehouses|Optimise ETL,12000,17201,MYR,month,Malaysia,Kuala Lumpur,,onsite,6,10,senior,,2026-02-13,true,synthetic://catalog/0021
job-0022,Junior Data Scientist,Acme Data,"Junior Data Scientist at a growing team. Responsibilities: Train models, Analyse data, Communicate findings.",data scientist,healthcare,part-time,python|machine learning|statistics,sql,Train models|Analyse data|Communicate findings,,,,,Malaysia,Cyberjaya,,remote,1,3,junior,,,true,synthetic://catalog/0022
job-0023,Entry Data Engineer,KualaSoft,"Entry Data Engineer at a growing team. Responsibilities: Build data pipelines, Maintain warehouses, Optimise ETL.",data engineer,healthcare,part-time,python|sql|etl,aws|docker,Build data pipelines|Maintain warehouses|Optimise ETL,2700,3616,SGD,month,Singapore,Singapore,,remote,0,2,entry,SG,2026-02-11,true,synthetic://catalog/0023
job-0024,Intern Data Scientist,Selangor Systems,"Intern Data Scientist at a growing team. Responsibilities: Train models, Analyse data, Communicate findings.",data scientist,retail,part-time,python|machine learning|statistics,aws,Train models|Analyse data|Communicate findings,1500,1864,MYR,month,Malaysia,Penang,,remote,0,1,intern,,2026-01-01,true,synthetic://catalog/0024
job-0025,Junior Business Analyst,Selangor Systems,"Junior Business Analyst at a growing team. Responsibilities: Gather requirements, Model processes, Support stakeholders.",business analyst,technology,full-time,excel|communication,sql|power bi,Gather requirements|Model processes|Support stakeholders,3600,5627,SGD,month,Singapore,Singapore,,unspecified,1,3,junior,SG,2026-04-02,true,synthetic://catalog/0025
job-0026,Mid Business Analyst,KualaSoft,"Mid Business Analyst at a growing team. Responsibilities: Gather requirements, Model processes, Support stakeholders.",business analyst,technology,contract,excel|communication,power bi,Gather requirements|Model processes|Support stakeholders,6300,7841,SGD,month,Singapore,Singapore,,unspecified,3,6,mid,,,true,synthetic://catalog/0026
job-0027,Intern Business Analyst,Acme Data,"Intern Business Analyst at a growing team. Responsibilities: Gather requirements, Model processes, Support stakeholders.",business analyst,retail,full-time,excel|communication,sql,Gather requirements|Model processes|Support stakeholders,,,,,Malaysia,Johor Bahru,,remote,0,1,intern,,2025-11-02,false,synthetic://catalog/0027
job-0028,Senior Product Analyst,KualaSoft,"Senior Product Analyst at a growing team. Responsibilities: Analyse product funnels, Run experiments, Report KPIs.",product analyst,healthcare,full-time,sql|statistics,tableau,Analyse product funnels|Run experiments|Report KPIs,,,,,Malaysia,Cyberjaya,,hybrid,6,10,senior,,2026-01-31,true,synthetic://catalog/0028
job-0029,Mid Sales Analyst,Hibiscus Labs,"Mid Sales Analyst at a growing team. Responsibilities: Analyse sales pipeline, Forecast revenue, Support sales team.",sales analyst,finance,full-time,excel|sql,communication|power bi,Analyse sales pipeline|Forecast revenue|Support sales team,7000,10363,MYR,month,Malaysia,Penang,,remote,3,6,mid,,2026-01-15,true,synthetic://catalog/0029
job-0030,Entry Sales Analyst,Selangor Systems,"Entry Sales Analyst at a growing team. Responsibilities: Analyse sales pipeline, Forecast revenue, Support sales team.",sales analyst,retail,part-time,excel|sql,communication|power bi,Analyse sales pipeline|Forecast revenue|Support sales team,3000,4078,MYR,month,Malaysia,Penang,,onsite,0,2,entry,,2026-01-19,true,synthetic://catalog/0030
job-0031,Junior Data Analyst,Orchid AI,"Junior Data Analyst at a growing team. Responsibilities: Build dashboards, Analyse business metrics, Prepare reports.",data analyst,healthcare,part-time,sql|excel,power bi|tableau|python,Build dashboards|Analyse business metrics|Prepare reports,4000,5754,MYR,month,Malaysia,Penang,,remote,1,3,junior,,2026-04-21,true,synthetic://catalog/0031
job-0032,Intern Product Analyst,Penang Analytics,"Intern Product Analyst at a growing team. Responsibilities: Analyse product funnels, Run experiments, Report KPIs.",product analyst,retail,contract,sql|statistics,tableau,Analyse product funnels|Run experiments|Report KPIs,1500,2283,MYR,month,Malaysia,Cyberjaya,,onsite,0,1,intern,,2026-01-01,true,synthetic://catalog/0032
job-0033,Junior Data Engineer,Selangor Systems,"Junior Data Engineer at a growing team. Responsibilities: Build data pipelines, Maintain warehouses, Optimise ETL.",data engineer,finance,full-time,python|sql|etl,docker|aws,Build data pipelines|Maintain warehouses|Optimise ETL,4000,5867,MYR,month,Malaysia,Kuala Lumpur,,remote,1,3,junior,,2026-04-10,true,synthetic://catalog/0033
job-0034,Senior Data Engineer,Batik Cloud,"Senior Data Engineer at a growing team. Responsibilities: Build data pipelines, Maintain warehouses, Optimise ETL.",data engineer,retail,contract,python|sql|etl,docker|aws,Build data pipelines|Maintain warehouses|Optimise ETL,12000,14401,MYR,month,Malaysia,Johor Bahru,,unspecified,6,10,senior,,2026-03-07,true,synthetic://catalog/0034
job-0035,Mid Data Engineer,Nusantara Tech,"Mid Data Engineer at a growing team. Responsibilities: Build data pipelines, Maintain warehouses, Optimise ETL.",data engineer,finance,part-time,python|sql|etl,aws|docker,Build data pipelines|Maintain warehouses|Optimise ETL,7000,10258,MYR,month,Malaysia,Penang,,onsite,3,6,mid,,2026-01-01,true,synthetic://catalog/0035
job-0036,Intern Business Analyst,Nusantara Tech,"Intern Business Analyst at a growing team. Responsibilities: Gather requirements, Model processes, Support stakeholders.",business analyst,healthcare,contract,excel|communication,power bi,Gather requirements|Model processes|Support stakeholders,,,,,Malaysia,Kuala Lumpur,,hybrid,0,1,intern,,2026-01-01,true,synthetic://catalog/0036
job-0037,Mid Software Engineer,Nusantara Tech,"Mid Software Engineer at a growing team. Responsibilities: Develop services, Write tests, Review code.",software engineer,healthcare,full-time,python|sql,javascript,Develop services|Write tests|Review code,7000,8415,MYR,month,Malaysia,Penang,,hybrid,3,6,mid,,2025-11-08,false,synthetic://catalog/0037
job-0038,Mid Data Engineer,Hibiscus Labs,"Mid Data Engineer at a growing team. Responsibilities: Build data pipelines, Maintain warehouses, Optimise ETL.",data engineer,retail,contract,python|sql|etl,docker|aws,Build data pipelines|Maintain warehouses|Optimise ETL,,,,,Malaysia,Kuala Lumpur,,hybrid,3,6,mid,,2026-01-28,true,synthetic://catalog/0038
job-0039,Mid Data Scientist,Merlion Data,"Mid Data Scientist at a growing team. Responsibilities: Train models, Analyse data, Communicate findings.",data scientist,healthcare,part-time,python|machine learning|statistics,aws,Train models|Analyse data|Communicate findings,7000,,MYR,month,Malaysia,Cyberjaya,,remote,3,6,mid,,2025-12-10,false,synthetic://catalog/0039
job-0040,Intern Software Engineer,KualaSoft,"Intern Software Engineer at a growing team. Responsibilities: Develop services, Write tests, Review code.",software engineer,finance,contract,python|sql,docker|javascript|aws,Develop services|Write tests|Review code,1500,1991,MYR,month,Malaysia,Johor Bahru,,hybrid,0,1,intern,,2026-01-28,true,synthetic://catalog/0040
job-0041,Mid Software Engineer,Batik Cloud,"Mid Software Engineer at a growing team. Responsibilities: Develop services, Write tests, Review code.",software engineer,technology,part-time,python|sql,aws|docker,Develop services|Write tests|Review code,7000,8979,MYR,month,Malaysia,Johor Bahru,,unspecified,3,6,mid,,2026-04-19,true,synthetic://catalog/0041
job-0042,Junior Product Analyst,Hibiscus Labs,"Junior Product Analyst at a growing team. Responsibilities: Analyse product funnels, Run experiments, Report KPIs.",product analyst,finance,contract,sql|statistics,tableau|python,Analyse product funnels|Run experiments|Report KPIs,4000,5975,MYR,month,Malaysia,Cyberjaya,,unspecified,1,3,junior,,2025-12-13,false,synthetic://catalog/0042
job-0043,Junior Software Engineer,Batik Cloud,"Junior Software Engineer at a growing team. Responsibilities: Develop services, Write tests, Review code.",software engineer,technology,contract,python|sql,javascript|docker|aws,Develop services|Write tests|Review code,4000,,MYR,month,Malaysia,Cyberjaya,,hybrid,1,3,junior,,,true,synthetic://catalog/0043
job-0044,Mid Data Scientist,Orchid AI,"Mid Data Scientist at a growing team. Responsibilities: Train models, Analyse data, Communicate findings.",data scientist,retail,contract,python|machine learning|statistics,aws|sql,Train models|Analyse data|Communicate findings,7000,9128,MYR,month,Malaysia,Penang,,unspecified,3,6,mid,,2026-03-10,true,synthetic://catalog/0044
job-0045,Intern Sales Analyst,Penang Analytics,"Intern Sales Analyst at a growing team. Responsibilities: Analyse sales pipeline, Forecast revenue, Support sales team.",sales analyst,technology,part-time,excel|sql,power bi,Analyse sales pipeline|Forecast revenue|Support sales team,1500,,MYR,month,Malaysia,Cyberjaya,,onsite,0,1,intern,,2026-02-24,true,synthetic://catalog/0045
job-0046,Entry Business Analyst,Hibiscus Labs,"Entry Business Analyst at a growing team. Responsibilities: Gather requirements, Model processes, Support stakeholders.",business analyst,retail,contract,excel|communication,sql,Gather requirements|Model processes|Support stakeholders,3000,4168,MYR,month,Malaysia,Kuala Lumpur,,hybrid,0,2,entry,,2026-02-07,true,synthetic://catalog/0046
job-0047,Entry Sales Analyst,Straits Digital,"Entry Sales Analyst at a growing team. Responsibilities: Analyse sales pipeline, Forecast revenue, Support sales team.",sales analyst,healthcare,part-time,excel|sql,power bi,Analyse sales pipeline|Forecast revenue|Support sales team,3000,4714,MYR,month,Malaysia,Johor Bahru,,onsite,0,2,entry,,2026-01-01,true,synthetic://catalog/0047
job-0048,Entry Data Engineer,Nusantara Tech,"Entry Data Engineer at a growing team. Responsibilities: Build data pipelines, Maintain warehouses, Optimise ETL.",data engineer,technology,contract,python|sql|etl,docker|aws,Build data pipelines|Maintain warehouses|Optimise ETL,,,,,Malaysia,Kuala Lumpur,,remote,0,2,entry,,2026-01-01,true,synthetic://catalog/0048
job-0049,Junior Data Engineer,Hibiscus Labs,"Junior Data Engineer at a growing team. Responsibilities: Build data pipelines, Maintain warehouses, Optimise ETL.",data engineer,finance,contract,python|sql|etl,docker,Build data pipelines|Maintain warehouses|Optimise ETL,4000,,MYR,month,Malaysia,Kuala Lumpur,,unspecified,1,3,junior,,2026-02-26,true,synthetic://catalog/0049
job-0050,Senior Data Engineer,Penang Analytics,"Senior Data Engineer at a growing team. Responsibilities: Build data pipelines, Maintain warehouses, Optimise ETL.",data engineer,technology,contract,python|sql|etl,aws|docker,Build data pipelines|Maintain warehouses|Optimise ETL,12000,17908,MYR,month,Malaysia,Cyberjaya,,unspecified,6,10,senior,,2026-04-30,true,synthetic://catalog/0050
job-0051,Senior Data Engineer,Orchid AI,"Senior Data Engineer at a growing team. Responsibilities: Build data pipelines, Maintain warehouses, Optimise ETL.",data engineer,retail,contract,python|sql|etl,docker|aws,Build data pipelines|Maintain warehouses|Optimise ETL,12000,18484,MYR,month,Malaysia,Cyberjaya,,remote,6,10,senior,,2026-02-07,true,synthetic://catalog/0051
job-0052,Entry Data Engineer,Penang Analytics,"Entry Data Engineer at a growing team. Responsibilities: Build data pipelines, Maintain warehouses, Optimise ETL.",data engineer,healthcare,part-time,python|sql|etl,docker|aws,Build data pipelines|Maintain warehouses|Optimise ETL,3000,,MYR,month,Malaysia,Kuala Lumpur,,hybrid,0,2,entry,,2026-04-18,true,synthetic://catalog/0052
job-0053,Junior Data Analyst,Hibiscus Labs,"Junior Data Analyst at a growing team. Responsibilities: Build dashboards, Analyse business metrics, Prepare reports.",data analyst,retail,contract,sql|excel,python|tableau|power bi,Build dashboards|Analyse business metrics|Prepare reports,4000,5289,MYR,month,Malaysia,Penang,,unspecified,1,3,junior,,2026-01-01,true,synthetic://catalog/0053
job-0054,Mid Data Scientist,Merlion Data,"Mid Data Scientist at a growing team. Responsibilities: Train models, Analyse data, Communicate findings.",data scientist,finance,full-time,python|machine learning|statistics,aws,Train models|Analyse data|Communicate findings,7000,8737,MYR,month,Malaysia,Johor Bahru,,remote,3,6,mid,,2026-01-26,true,synthetic://catalog/0054
job-0055,Senior Product Analyst,KualaSoft,"Senior Product Analyst at a growing team. Responsibilities: Analyse product funnels, Run experiments, Report KPIs.",product analyst,retail,full-time,sql|statistics,tableau,Analyse product funnels|Run experiments|Report KPIs,,,,,Singapore,Singapore,,remote,6,10,senior,SG,2025-12-09,false,synthetic://catalog/0055
job-0056,Intern Data Analyst,Acme Data,"Intern Data Analyst at a growing team. Responsibilities: Build dashboards, Analyse business metrics, Prepare reports.",data analyst,retail,contract,sql|excel,tableau|python,Build dashboards|Analyse business metrics|Prepare reports,1350,1688,SGD,month,Singapore,Singapore,,remote,0,1,intern,SG,,true,synthetic://catalog/0056
job-0057,Intern Business Analyst,Acme Data,"Intern Business Analyst at a growing team. Responsibilities: Gather requirements, Model processes, Support stakeholders.",business analyst,finance,full-time,excel|communication,sql|power bi,Gather requirements|Model processes|Support stakeholders,1500,1839,MYR,month,Malaysia,Johor Bahru,,unspecified,0,1,intern,,2026-03-25,true,synthetic://catalog/0057
job-0058,Senior Data Analyst,Selangor Systems,"Senior Data Analyst at a growing team. Responsibilities: Build dashboards, Analyse business metrics, Prepare reports.",data analyst,healthcare,contract,sql|excel,python|power bi|tableau,Build dashboards|Analyse business metrics|Prepare reports,12000,,MYR,month,Malaysia,Cyberjaya,,hybrid,6,10,senior,,2026-03-08,true,synthetic://catalog/0058
job-0059,Entry Sales Analyst,KualaSoft,"Entry Sales Analyst at a growing team. Responsibilities: Analyse sales pipeline, Forecast revenue, Support sales team.",sales analyst,technology,contract,excel|sql,communication|power bi,Analyse sales pipeline|Forecast revenue|Support sales team,3000,3788,MYR,month,Malaysia,Penang,,remote,0,2,entry,,2026-01-20,true,synthetic://catalog/0059
job-0060,Entry Data Analyst,Penang Analytics,"Entry Data Analyst at a growing team. Responsibilities: Build dashboards, Analyse business metrics, Prepare reports.",data analyst,retail,part-time,sql|excel,python|power bi|tableau,Build dashboards|Analyse business metrics|Prepare reports,3000,,MYR,month,Malaysia,Johor Bahru,,remote,0,2,entry,,2026-04-08,true,synthetic://catalog/0060
job-0061,Senior Data Analyst,Acme Data,"Senior Data Analyst at a growing team. Responsibilities: Build dashboards, Analyse business metrics, Prepare reports.",data analyst,finance,contract,sql|excel,python|tableau|power bi,Build dashboards|Analyse business metrics|Prepare reports,,,,,Malaysia,Penang,,hybrid,6,10,senior,,2025-12-23,false,synthetic://catalog/0061
job-0062,Mid Data Analyst,Hibiscus Labs,"Mid Data Analyst at a growing team. Responsibilities: Build dashboards, Analyse business metrics, Prepare reports.",data analyst,technology,part-time,sql|excel,tableau,Build dashboards|Analyse business metrics|Prepare reports,,,,,Malaysia,Johor Bahru,,unspecified,3,6,mid,,2026-03-15,true,synthetic://catalog/0062
job-0063,Junior Data Scientist,Batik Cloud,"Junior Data Scientist at a growing team. Responsibilities: Train models, Analyse data, Communicate findings.",data scientist,technology,part-time,python|machine learning|statistics,sql|aws,Train models|Analyse data|Communicate findings,3600,4649,SGD,month,Singapore,Singapore,,remote,1,3,junior,,2026-01-01,true,synthetic://catalog/0063
job-0064,Senior Software Engineer,Hibiscus Labs,"Senior Software Engineer at a growing team. Responsibilities: Develop services, Write tests, Review code.",software engineer,technology,contract,python|sql,aws|javascript,Develop services|Write tests|Review code,12000,17209,MYR,month,Malaysia,Cyberjaya,,remote,6,10,senior,,2026-01-01,true,synthetic://catalog/0064
job-0065,Intern Product Analyst,Straits Digital,"Intern Product Analyst at a growing team. Responsibilities: Analyse product funnels, Run experiments, Report KPIs.",product analyst,technology,contract,sql|statistics,tableau,Analyse product funnels|Run experiments|Report KPIs,1500,2097,MYR,month,Malaysia,Penang,,remote,0,1,intern,,2026-01-01,true,synthetic://catalog/0065
job-0066,Junior Product Analyst,Merlion Data,"Junior Product Analyst at a growing team. Responsibilities: Analyse product funnels, Run experiments, Report KPIs.",product analyst,healthcare,contract,sql|statistics,python,Analyse product funnels|Run experiments|Report KPIs,,,,,Malaysia,Kuala Lumpur,,unspecified,1,3,junior,,2025-12-27,false,synthetic://catalog/0066
job-0067,Junior Data Engineer,Selangor Systems,"Junior Data Engineer at a growing team. Responsibilities: Build data pipelines, Maintain warehouses, Optimise ETL.",data engineer,healthcare,part-time,python|sql|etl,aws|docker,Build data pipelines|Maintain warehouses|Optimise ETL,3600,5414,SGD,month,Singapore,Singapore,,unspecified,1,3,junior,SG,2026-03-22,true,synthetic://catalog/0067
job-0068,Senior Data Scientist,Nusantara Tech,"Senior Data Scientist at a growing team. Responsibilities: Train models, Analyse data, Communicate findings.",data scientist,healthcare,full-time,python|machine learning|statistics,aws,Train models|Analyse data|Communicate findings,12000,14465,MYR,month,Malaysia,Penang,,hybrid,6,10,senior,,2026-02-08,true,synthetic://catalog/0068
job-0069,Junior Data Scientist,Straits Digital,"Junior Data Scientist at a growing team. Responsibilities: Train models, Analyse data, Communicate findings.",data scientist,finance,part-time,python|machine learning|statistics,sql,Train models|Analyse data|Communicate findings,3600,5014,SGD,month,Singapore,Singapore,,remote,1,3,junior,SG,2026-03-10,true,synthetic://catalog/0069
job-0070,Mid Product Analyst,Batik Cloud,"Mid Product Analyst at a growing team. Responsibilities: Analyse product funnels, Run experiments, Report KPIs.",product analyst,healthcare,full-time,sql|statistics,tableau|python,Analyse product funnels|Run experiments|Report KPIs,7000,,MYR,month,Malaysia,Johor Bahru,,remote,3,6,mid,,2026-02-18,true,synthetic://catalog/0070
job-0071,Senior Product Analyst,Straits Digital,"Senior Product Analyst at a growing team. Responsibilities: Analyse product funnels, Run experiments, Report KPIs.",product analyst,finance,contract,sql|statistics,tableau,Analyse product funnels|Run experiments|Report KPIs,10800,14350,SGD,month,Singapore,Singapore,,unspecified,6,10,senior,SG,2026-04-10,true,synthetic://catalog/0071
job-0072,Mid Data Scientist,KualaSoft,"Mid Data Scientist at a growing team. Responsibilities: Train models, Analyse data, Communicate findings.",data scientist,healthcare,full-time,python|machine learning|statistics,aws,Train models|Analyse data|Communicate findings,,,,,Malaysia,Cyberjaya,,unspecified,3,6,mid,,2025-11-16,false,synthetic://catalog/0072
job-0073,Intern Sales Analyst,KualaSoft,"Intern Sales Analyst at a growing team. Responsibilities: Analyse sales pipeline, Forecast revenue, Support sales team.",sales analyst,technology,contract,excel|sql,communication|power bi,Analyse sales pipeline|Forecast revenue|Support sales team,1500,2074,MYR,month,Malaysia,Cyberjaya,,onsite,0,1,intern,,2025-12-01,false,synthetic://catalog/0073
job-0074,Intern Data Scientist,Hibiscus Labs,"Intern Data Scientist at a growing team. Responsibilities: Train models, Analyse data, Communicate findings.",data scientist,technology,part-time,python|machine learning|statistics,sql,Train models|Analyse data|Communicate findings,,,,,Malaysia,Johor Bahru,,unspecified,0,1,intern,,2026-01-01,true,synthetic://catalog/0074
job-0075,Junior Data Scientist,Nusantara Tech,"Junior Data Scientist at a growing team. Responsibilities: Train models, Analyse data, Communicate findings.",data scientist,healthcare,full-time,python|machine learning|statistics,sql|aws,Train models|Analyse data|Communicate findings,4000,4957,MYR,month,Malaysia,Penang,,onsite,1,3,junior,,2026-01-01,true,synthetic://catalog/0075
job-0076,Intern Product Analyst,KualaSoft,"Intern Product Analyst at a growing team. Responsibilities: Analyse product funnels, Run experiments, Report KPIs.",product analyst,finance,full-time,sql|statistics,tableau,Analyse product funnels|Run experiments|Report KPIs,1500,1887,MYR,month,Malaysia,Johor Bahru,,remote,0,1,intern,,2026-03-24,true,synthetic://catalog/0076
job-0077,Entry Data Engineer,Acme Data,"Entry Data Engineer at a growing team. Responsibilities: Build data pipelines, Maintain warehouses, Optimise ETL.",data engineer,healthcare,contract,python|sql|etl,aws,Build data pipelines|Maintain warehouses|Optimise ETL,3000,4365,MYR,month,Malaysia,Cyberjaya,,hybrid,0,2,entry,,2026-04-06,true,synthetic://catalog/0077
job-0078,Junior Software Engineer,Straits Digital,"Junior Software Engineer at a growing team. Responsibilities: Develop services, Write tests, Review code.",software engineer,healthcare,full-time,python|sql,aws,Develop services|Write tests|Review code,3600,4931,SGD,month,Singapore,Singapore,,remote,1,3,junior,SG,2026-04-29,true,synthetic://catalog/0078
job-0079,Junior Data Engineer,Selangor Systems,"Junior Data Engineer at a growing team. Responsibilities: Build data pipelines, Maintain warehouses, Optimise ETL.",data engineer,technology,part-time,python|sql|etl,docker,Build data pipelines|Maintain warehouses|Optimise ETL,,,,,Singapore,Singapore,,remote,1,3,junior,,2026-04-27,true,synthetic://catalog/0079
job-0080,Junior Sales Analyst,KualaSoft,"Junior Sales Analyst at a growing team. Responsibilities: Analyse sales pipeline, Forecast revenue, Support sales team.",sales analyst,technology,part-time,excel|sql,communication,Analyse sales pipeline|Forecast revenue|Support sales team,4000,5104,MYR,month,Malaysia,Penang,,remote,1,3,junior,,2026-04-17,true,synthetic://catalog/0080
job-0081,Mid Sales Analyst,Orchid AI,"Mid Sales Analyst at a growing team. Responsibilities: Analyse sales pipeline, Forecast revenue, Support sales team.",sales analyst,healthcare,full-time,excel|sql,power bi,Analyse sales pipeline|Forecast revenue|Support sales team,7000,,MYR,month,Malaysia,Kuala Lumpur,,remote,3,6,mid,,2026-02-17,true,synthetic://catalog/0081
job-0082,Senior Sales Analyst,Hibiscus Labs,"Senior Sales Analyst at a growing team. Responsibilities: Analyse sales pipeline, Forecast revenue, Support sales team.",sales analyst,retail,part-time,excel|sql,power bi|communication,Analyse sales pipeline|Forecast revenue|Support sales team,12000,,MYR,month,Malaysia,Johor Bahru,,remote,6,10,senior,,2026-04-26,true,synthetic://catalog/0082
job-0083,Entry Data Analyst,Nusantara Tech,"Entry Data Analyst at a growing team. Responsibilities: Build dashboards, Analyse business metrics, Prepare reports.",data analyst,healthcare,full-time,sql|excel,python|power bi,Build dashboards|Analyse business metrics|Prepare reports,,,,,Malaysia,Penang,,unspecified,0,2,entry,,2025-12-04,false,synthetic://catalog/0083
job-0084,Junior Software Engineer,Nusantara Tech,"Junior Software Engineer at a growing team. Responsibilities: Develop services, Write tests, Review code.",software engineer,finance,contract,python|sql,javascript,Develop services|Write tests|Review code,4000,,MYR,month,Malaysia,Johor Bahru,,unspecified,1,3,junior,,,true,synthetic://catalog/0084
job-0085,Junior Data Engineer,Straits Digital,"Junior Data Engineer at a growing team. Responsibilities: Build data pipelines, Maintain warehouses, Optimise ETL.",data engineer,technology,full-time,python|sql|etl,aws,Build data pipelines|Maintain warehouses|Optimise ETL,3600,5234,SGD,month,Singapore,Singapore,,hybrid,1,3,junior,SG,2026-04-10,true,synthetic://catalog/0085
job-0086,Mid Product Analyst,Merlion Data,"Mid Product Analyst at a growing team. Responsibilities: Analyse product funnels, Run experiments, Report KPIs.",product analyst,healthcare,part-time,sql|statistics,tableau,Analyse product funnels|Run experiments|Report KPIs,7000,9905,MYR,month,Malaysia,Kuala Lumpur,,onsite,3,6,mid,,2026-02-27,true,synthetic://catalog/0086
job-0087,Intern Data Scientist,Orchid AI,"Intern Data Scientist at a growing team. Responsibilities: Train models, Analyse data, Communicate findings.",data scientist,finance,contract,python|machine learning|statistics,sql|aws,Train models|Analyse data|Communicate findings,,,,,Malaysia,Cyberjaya,,unspecified,0,1,intern,,2026-04-09,true,synthetic://catalog/0087
job-0088,Junior Data Analyst,Hibiscus Labs,"Junior Data Analyst at a growing team. Responsibilities: Build dashboards, Analyse business metrics, Prepare reports.",data analyst,technology,part-time,sql|excel,python,Build dashboards|Analyse business metrics|Prepare reports,3600,4717,SGD,month,Singapore,Singapore,,remote,1,3,junior,,,true,synthetic://catalog/0088
job-0089,Senior Data Scientist,Batik Cloud,"Senior Data Scientist at a growing team. Responsibilities: Train models, Analyse data, Communicate findings.",data scientist,finance,full-time,python|machine learning|statistics,sql,Train models|Analyse data|Communicate findings,12000,,MYR,month,Malaysia,Kuala Lumpur,,onsite,6,10,senior,,2026-01-27,true,synthetic://catalog/0089
job-0090,Entry Sales Analyst,Selangor Systems,"Entry Sales Analyst at a growing team. Responsibilities: Analyse sales pipeline, Forecast revenue, Support sales team.",sales analyst,finance,full-time,excel|sql,power bi|communication,Analyse sales pipeline|Forecast revenue|Support sales team,3000,,MYR,month,Malaysia,Johor Bahru,,hybrid,0,2,entry,,2026-01-01,true,synthetic://catalog/0090
job-0091,Intern Data Scientist,Acme Data,"Intern Data Scientist at a growing team. Responsibilities: Train models, Analyse data, Communicate findings.",data scientist,finance,contract,python|machine learning|statistics,sql,Train models|Analyse data|Communicate findings,1500,2273,MYR,month,Malaysia,Penang,,onsite,0,1,intern,,2026-01-01,true,synthetic://catalog/0091
job-0092,Mid Data Scientist,Batik Cloud,"Mid Data Scientist at a growing team. Responsibilities: Train models, Analyse data, Communicate findings.",data scientist,technology,contract,python|machine learning|statistics,sql,Train models|Analyse data|Communicate findings,6300,,SGD,month,Singapore,Singapore,,onsite,3,6,mid,SG,2026-04-20,true,synthetic://catalog/0092
job-0093,Senior Data Scientist,Straits Digital,"Senior Data Scientist at a growing team. Responsibilities: Train models, Analyse data, Communicate findings.",data scientist,healthcare,part-time,python|machine learning|statistics,aws,Train models|Analyse data|Communicate findings,12000,14549,MYR,month,Malaysia,Johor Bahru,,unspecified,6,10,senior,,,true,synthetic://catalog/0093
job-0094,Mid Data Scientist,Batik Cloud,"Mid Data Scientist at a growing team. Responsibilities: Train models, Analyse data, Communicate findings.",data scientist,retail,contract,python|machine learning|statistics,aws|sql,Train models|Analyse data|Communicate findings,7000,8815,MYR,month,Malaysia,Kuala Lumpur,,onsite,3,6,mid,,2026-03-31,true,synthetic://catalog/0094
job-0095,Intern Data Analyst,Straits Digital,"Intern Data Analyst at a growing team. Responsibilities: Build dashboards, Analyse business metrics, Prepare reports.",data analyst,technology,contract,sql|excel,tableau|python,Build dashboards|Analyse business metrics|Prepare reports,1350,2099,SGD,month,Singapore,Singapore,,hybrid,0,1,intern,SG,2026-04-26,true,synthetic://catalog/0095
job-0096,Entry Product Analyst,Orchid AI,"Entry Product Analyst at a growing team. Responsibilities: Analyse product funnels, Run experiments, Report KPIs.",product analyst,finance,part-time,sql|statistics,tableau,Analyse product funnels|Run experiments|Report KPIs,3000,3702,MYR,month,Malaysia,Cyberjaya,,onsite,0,2,entry,,2026-04-16,true,synthetic://catalog/0096
job-0097,Intern Data Scientist,Straits Digital,"Intern Data Scientist at a growing team. Responsibilities: Train models, Analyse data, Communicate findings.",data scientist,technology,contract,python|machine learning|statistics,aws|sql,Train models|Analyse data|Communicate findings,,,,,Malaysia,Cyberjaya,,remote,0,1,intern,,,true,synthetic://catalog/0097
job-0098,Senior Data Engineer,Merlion Data,"Senior Data Engineer at a growing team. Responsibilities: Build data pipelines, Maintain warehouses, Optimise ETL.",data engineer,retail,full-time,python|sql|etl,aws|docker,Build data pipelines|Maintain warehouses|Optimise ETL,12000,15476,MYR,month,Malaysia,Penang,,hybrid,6,10,senior,,2026-04-29,true,synthetic://catalog/0098
job-0099,Senior Sales Analyst,Selangor Systems,"Senior Sales Analyst at a growing team. Responsibilities: Analyse sales pipeline, Forecast revenue, Support sales team.",sales analyst,retail,contract,excel|sql,power bi|communication,Analyse sales pipeline|Forecast revenue|Support sales team,10800,15801,SGD,month,Singapore,Singapore,,onsite,6,10,senior,SG,2026-01-01,true,synthetic://catalog/0099
job-0100,Entry Sales Analyst,Merlion Data,"Entry Sales Analyst at a growing team. Responsibilities: Analyse sales pipeline, Forecast revenue, Support sales team.",sales analyst,finance,contract,excel|sql,communication|power bi,Analyse sales pipeline|Forecast revenue|Support sales team,2700,4040,SGD,month,Singapore,Singapore,,unspecified,0,2,entry,SG,,true,synthetic://catalog/0100
job-0101,Junior Business Analyst,Nusantara Tech,"Junior Business Analyst at a growing team. Responsibilities: Gather requirements, Model processes, Support stakeholders.",business analyst,technology,full-time,excel|communication,sql,Gather requirements|Model processes|Support stakeholders,4000,,MYR,month,Malaysia,Johor Bahru,,remote,1,3,junior,,2026-01-01,true,synthetic://catalog/0101
job-0102,Intern Data Scientist,Penang Analytics,"Intern Data Scientist at a growing team. Responsibilities: Train models, Analyse data, Communicate findings.",data scientist,technology,contract,python|machine learning|statistics,sql|aws,Train models|Analyse data|Communicate findings,1500,2091,MYR,month,Malaysia,Johor Bahru,,unspecified,0,1,intern,,2026-02-14,true,synthetic://catalog/0102
job-0103,Senior Data Scientist,Acme Data,"Senior Data Scientist at a growing team. Responsibilities: Train models, Analyse data, Communicate findings.",data scientist,finance,contract,python|machine learning|statistics,sql,Train models|Analyse data|Communicate findings,12000,16297,MYR,month,Malaysia,Cyberjaya,,remote,6,10,senior,,2026-01-01,true,synthetic://catalog/0103
job-0104,Junior Sales Analyst,Straits Digital,"Junior Sales Analyst at a growing team. Responsibilities: Analyse sales pipeline, Forecast revenue, Support sales team.",sales analyst,finance,part-time,excel|sql,power bi|communication,Analyse sales pipeline|Forecast revenue|Support sales team,4000,5595,MYR,month,Malaysia,Johor Bahru,,remote,1,3,junior,,2026-01-27,true,synthetic://catalog/0104
job-0105,Intern Sales Analyst,Batik Cloud,"Intern Sales Analyst at a growing team. Responsibilities: Analyse sales pipeline, Forecast revenue, Support sales team.",sales analyst,healthcare,part-time,excel|sql,communication|power bi,Analyse sales pipeline|Forecast revenue|Support sales team,1500,1846,MYR,month,Malaysia,Cyberjaya,,onsite,0,1,intern,,2026-03-06,true,synthetic://catalog/0105
job-0106,Intern Software Engineer,Orchid AI,"Intern Software Engineer at a growing team. Responsibilities: Develop services, Write tests, Review code.",software engineer,technology,contract,python|sql,docker,Develop services|Write tests|Review code,1500,,MYR,month,Malaysia,Johor Bahru,,hybrid,0,1,intern,,2026-01-01,true,synthetic://catalog/0106
job-0107,Senior Software Engineer,KualaSoft,"Senior Software Engineer at a growing team. Responsibilities: Develop services, Write tests, Review code.",software engineer,technology,part-time,python|sql,docker|javascript|aws,Develop services|Write tests|Review code,12000,15889,MYR,month,Malaysia,Cyberjaya,,onsite,6,10,senior,,2026-02-22,true,synthetic://catalog/0107
job-0108,Entry Product Analyst,Nusantara Tech,"Entry Product Analyst at a growing team. Responsibilities: Analyse product funnels, Run experiments, Report KPIs.",product analyst,finance,part-time,sql|statistics,tableau|python,Analyse product funnels|Run experiments|Report KPIs,3000,3836,MYR,month,Malaysia,Penang,,onsite,0,2,entry,,2026-01-01,true,synthetic://catalog/0108
job-0109,Senior Data Scientist,Nusantara Tech,"Senior Data Scientist at a growing team. Responsibilities: Train models, Analyse data, Communicate findings.",data scientist,healthcare,contract,python|machine learning|statistics,aws|sql,Train models|Analyse data|Communicate findings,,,,,Singapore,Singapore,,remote,6,10,senior,SG,2026-01-01,true,synthetic://catalog/0109
job-0110,Senior Product Analyst,Nusantara Tech,"Senior Product Analyst at a growing team. Responsibilities: Analyse product funnels, Run experiments, Report KPIs.",product analyst,technology,part-time,sql|statistics,tableau|python,Analyse product funnels|Run experiments|Report KPIs,12000,14580,MYR,month,Malaysia,Kuala Lumpur,,remote,6,10,senior,,2026-02-16,true,synthetic://catalog/0110
job-0111,Senior Software Engineer,Hibiscus Labs,"Senior Software Engineer at a growing team. Responsibilities: Develop services, Write tests, Review code.",software engineer,technology,contract,python|sql,docker|javascript|aws,Develop services|Write tests|Review code,12000,16806,MYR,month,Malaysia,Penang,,remote,6,10,senior,,,true,synthetic://catalog/0111
job-0112,Mid Business Analyst,Orchid AI,"Mid Business Analyst at a growing team. Responsibilities: Gather requirements, Model processes, Support stakeholders.",business analyst,technology,part-time,excel|communication,sql|power bi,Gather requirements|Model processes|Support stakeholders,7000,10970,MYR,month,Malaysia,Cyberjaya,,hybrid,3,6,mid,,2026-04-20,true,synthetic://catalog/0112
job-0113,Senior Data Analyst,Batik Cloud,"Senior Data Analyst at a growing team. Responsibilities: Build dashboards, Analyse business metrics, Prepare reports.",data analyst,finance,contract,sql|excel,python,Build dashboards|Analyse business metrics|Prepare reports,12000,18487,MYR,month,Malaysia,Cyberjaya,,remote,6,10,senior,,,true,synthetic://catalog/0113
job-0114,Entry Data Scientist,Straits Digital,"Entry Data Scientist at a growing team. Responsibilities: Train models, Analyse data, Communicate findings.",data scientist,finance,part-time,python|machine learning|statistics,aws,Train models|Analyse data|Communicate findings,,,,,Malaysia,Johor Bahru,,remote,0,2,entry,,2026-01-01,true,synthetic://catalog/0114
job-0115,Mid Data Engineer,Merlion Data,"Mid Data Engineer at a growing team. Responsibilities: Build data pipelines, Maintain warehouses, Optimise ETL.",data engineer,technology,part-time,python|sql|etl,docker|aws,Build data pipelines|Maintain warehouses|Optimise ETL,7000,10721,MYR,month,Malaysia,Johor Bahru,,hybrid,3,6,mid,,2025-11-14,false,synthetic://catalog/0115
job-0116,Junior Product Analyst,KualaSoft,"Junior Product Analyst at a growing team. Responsibilities: Analyse product funnels, Run experiments, Report KPIs.",product analyst,technology,contract,sql|statistics,python,Analyse product funnels|Run experiments|Report KPIs,4000,6025,MYR,month,Malaysia,Penang,,hybrid,1,3,junior,,2026-01-28,true,synthetic://catalog/0116
job-0117,Junior Data Scientist,KualaSoft,"Junior Data Scientist at a growing team. Responsibilities: Train models, Analyse data, Communicate findings.",data scientist,healthcare,full-time,python|machine learning|statistics,aws|sql,Train models|Analyse data|Communicate findings,3600,4542,SGD,month,Singapore,Singapore,,hybrid,1,3,junior,,2026-04-09,true,synthetic://catalog/0117
job-0118,Senior Software Engineer,Hibiscus Labs,"Senior Software Engineer at a growing team. Responsibilities: Develop services, Write tests, Review code.",software engineer,finance,contract,python|sql,javascript|aws|docker,Develop services|Write tests|Review code,12000,15548,MYR,month,Malaysia,Johor Bahru,,unspecified,6,10,senior,,,true,synthetic://catalog/0118
job-0119,Junior Sales Analyst,Batik Cloud,"Junior Sales Analyst at a growing team. Responsibilities: Analyse sales pipeline, Forecast revenue, Support sales team.",sales analyst,finance,contract,excel|sql,communication,Analyse sales pipeline|Forecast revenue|Support sales team,,,,,Malaysia,Cyberjaya,,unspecified,1,3,junior,,2025-11-06,false,synthetic://catalog/0119
job-0120,Junior Sales Analyst,KualaSoft,"Junior Sales Analyst at a growing team. Responsibilities: Analyse sales pipeline, Forecast revenue, Support sales team.",sales analyst,retail,contract,excel|sql,communication,Analyse sales pipeline|Forecast revenue|Support sales team,3600,,SGD,month,Singapore,Singapore,,onsite,1,3,junior,SG,2026-01-26,true,synthetic://catalog/0120
job-0121,Entry Data Analyst,Merlion Data,"Entry Data Analyst at a growing team. Responsibilities: Build dashboards, Analyse business metrics, Prepare reports.",data analyst,retail,full-time,sql|excel,power bi|tableau,Build dashboards|Analyse business metrics|Prepare reports,,,,,Malaysia,Cyberjaya,,remote,0,2,entry,,2026-03-02,true,synthetic://catalog/0121
job-0122,Intern Business Analyst,KualaSoft,"Intern Business Analyst at a growing team. Responsibilities: Gather requirements, Model processes, Support stakeholders.",business analyst,finance,full-time,excel|communication,power bi|sql,Gather requirements|Model processes|Support stakeholders,1500,,MYR,month,Malaysia,Johor Bahru,,onsite,0,1,intern,,2026-01-01,true,synthetic://catalog/0122
job-0123,Mid Sales Analyst,KualaSoft,"Mid Sales Analyst at a growing team. Responsibilities: Analyse sales pipeline, Forecast revenue, Support sales team.",sales analyst,healthcare,full-time,excel|sql,power bi|communication,Analyse sales pipeline|Forecast revenue|Support sales team,,,,,Malaysia,Cyberjaya,,onsite,3,6,mid,,2026-02-07,true,synthetic://catalog/0123
job-0124,Intern Data Analyst,Hibiscus Labs,"Intern Data Analyst at a growing team. Responsibilities: Build dashboards, Analyse business metrics, Prepare reports.",data analyst,technology,part-time,sql|excel,python|power bi|tableau,Build dashboards|Analyse business metrics|Prepare reports,1500,2173,MYR,month,Malaysia,Penang,,unspecified,0,1,intern,,2026-04-28,true,synthetic://catalog/0124
job-0125,Mid Product Analyst,Nusantara Tech,"Mid Product Analyst at a growing team. Responsibilities: Analyse product funnels, Run experiments, Report KPIs.",product analyst,retail,full-time,sql|statistics,tableau,Analyse product funnels|Run experiments|Report KPIs,7000,9566,MYR,month,Malaysia,Kuala Lumpur,,remote,3,6,mid,,2026-01-01,true,synthetic://catalog/0125
job-0126,Mid Sales Analyst,Orchid AI,"Mid Sales Analyst at a growing team. Responsibilities: Analyse sales pipeline, Forecast revenue, Support sales team.",sales analyst,technology,contract,excel|sql,power bi,Analyse sales pipeline|Forecast revenue|Support sales team,,,,,Malaysia,Kuala Lumpur,,unspecified,3,6,mid,,2026-01-13,true,synthetic://catalog/0126
job-0127,Senior Sales Analyst,Hibiscus Labs,"Senior Sales Analyst at a growing team. Responsibilities: Analyse sales pipeline, Forecast revenue, Support sales team.",sales analyst,healthcare,part-time,excel|sql,power bi,Analyse sales pipeline|Forecast revenue|Support sales team,12000,17020,MYR,month,Malaysia,Johor Bahru,,hybrid,6,10,senior,,2025-12-16,false,synthetic://catalog/0127
job-0128,Mid Data Analyst,Orchid AI,"Mid Data Analyst at a growing team. Responsibilities: Build dashboards, Analyse business metrics, Prepare reports.",data analyst,retail,part-time,sql|excel,python|tableau,Build dashboards|Analyse business metrics|Prepare reports,7000,10615,MYR,month,Malaysia,Kuala Lumpur,,remote,3,6,mid,,,true,synthetic://catalog/0128
job-0129,Intern Product Analyst,Orchid AI,"Intern Product Analyst at a growing team. Responsibilities: Analyse product funnels, Run experiments, Report KPIs.",product analyst,retail,full-time,sql|statistics,tableau|python,Analyse product funnels|Run experiments|Report KPIs,1500,2268,MYR,month,Malaysia,Penang,,remote,0,1,intern,,,true,synthetic://catalog/0129
job-0130,Mid Data Scientist,Orchid AI,"Mid Data Scientist at a growing team. Responsibilities: Train models, Analyse data, Communicate findings.",data scientist,retail,full-time,python|machine learning|statistics,sql|aws,Train models|Analyse data|Communicate findings,,,,,Malaysia,Cyberjaya,,remote,3,6,mid,,2026-03-15,true,synthetic://catalog/0130
job-0131,Entry Data Engineer,Batik Cloud,"Entry Data Engineer at a growing team. Responsibilities: Build data pipelines, Maintain warehouses, Optimise ETL.",data engineer,healthcare,full-time,python|sql|etl,docker|aws,Build data pipelines|Maintain warehouses|Optimise ETL,2700,3326,SGD,month,Singapore,Singapore,,remote,0,2,entry,SG,2026-01-01,true,synthetic://catalog/0131
job-0132,Junior Data Analyst,Straits Digital,"Junior Data Analyst at a growing team. Responsibilities: Build dashboards, Analyse business metrics, Prepare reports.",data analyst,retail,part-time,sql|excel,python|power bi|tableau,Build dashboards|Analyse business metrics|Prepare reports,3600,5731,SGD,month,Singapore,Singapore,,unspecified,1,3,junior,SG,,true,synthetic://catalog/0132
job-0133,Senior Business Analyst,Orchid AI,"Senior Business Analyst at a growing team. Responsibilities: Gather requirements, Model processes, Support stakeholders.",business analyst,healthcare,part-time,excel|communication,sql,Gather requirements|Model processes|Support stakeholders,12000,15532,MYR,month,Malaysia,Cyberjaya,,onsite,6,10,senior,,2026-01-01,true,synthetic://catalog/0133
job-0134,Mid Data Scientist,Straits Digital,"Mid Data Scientist at a growing team. Responsibilities: Train models, Analyse data, Communicate findings.",data scientist,retail,part-time,python|machine learning|statistics,sql|aws,Train models|Analyse data|Communicate findings,7000,8615,MYR,month,Malaysia,Johor Bahru,,remote,3,6,mid,,2026-02-26,true,synthetic://catalog/0134
job-0135,Entry Data Analyst,Selangor Systems,"Entry Data Analyst at a growing team. Responsibilities: Build dashboards, Analyse business metrics, Prepare reports.",data analyst,healthcare,full-time,sql|excel,tableau|python|power bi,Build dashboards|Analyse business metrics|Prepare reports,,,,,Malaysia,Cyberjaya,,unspecified,0,2,entry,,2026-04-20,true,synthetic://catalog/0135
job-0136,Entry Data Analyst,Orchid AI,"Entry Data Analyst at a growing team. Responsibilities: Build dashboards, Analyse business metrics, Prepare reports.",data analyst,retail,part-time,sql|excel,python,Build dashboards|Analyse business metrics|Prepare reports,3000,4456,MYR,month,Malaysia,Kuala Lumpur,,unspecified,0,2,entry,,,true,synthetic://catalog/0136
job-0137,Junior Data Engineer,KualaSoft,"Junior Data Engineer at a growing team. Responsibilities: Build data pipelines, Maintain warehouses, Optimise ETL.",data engineer,retail,part-time,python|sql|etl,aws,Build data pipelines|Maintain warehouses|Optimise ETL,4000,,MYR,month,Malaysia,Johor Bahru,,hybrid,1,3,junior,,,true,synthetic://catalog/0137
job-0138,Entry Business Analyst,Merlion Data,"Entry Business Analyst at a growing team. Responsibilities: Gather requirements, Model processes, Support stakeholders.",business analyst,finance,part-time,excel|communication,sql,Gather requirements|Model processes|Support stakeholders,3000,4264,MYR,month,Malaysia,Penang,,unspecified,0,2,entry,,2026-04-23,true,synthetic://catalog/0138
job-0139,Mid Product Analyst,KualaSoft,"Mid Product Analyst at a growing team. Responsibilities: Analyse product funnels, Run experiments, Report KPIs.",product analyst,retail,part-time,sql|statistics,tableau,Analyse product funnels|Run experiments|Report KPIs,7000,,MYR,month,Malaysia,Cyberjaya,,unspecified,3,6,mid,,2025-12-23,false,synthetic://catalog/0139
job-0140,Senior Software Engineer,Batik Cloud,"Senior Software Engineer at a growing team. Responsibilities: Develop services, Write tests, Review code.",software engineer,finance,full-time,python|sql,javascript|docker,Develop services|Write tests|Review code,,,,,Malaysia,Johor Bahru,,hybrid,6,10,senior,,2025-11-17,false,synthetic://catalog/0140
job-0141,Intern Sales Analyst,Merlion Data,"Intern Sales Analyst at a growing team. Responsibilities: Analyse sales pipeline, Forecast revenue, Support sales team.",sales analyst,retail,full-time,excel|sql,power bi|communication,Analyse sales pipeline|Forecast revenue|Support sales team,1350,1707,SGD,month,Singapore,Singapore,,hybrid,0,1,intern,SG,,true,synthetic://catalog/0141
job-0142,Junior Business Analyst,Batik Cloud,"Junior Business Analyst at a growing team. Responsibilities: Gather requirements, Model processes, Support stakeholders.",business analyst,retail,part-time,excel|communication,sql,Gather requirements|Model processes|Support stakeholders,3600,4562,SGD,month,Singapore,Singapore,,onsite,1,3,junior,SG,,true,synthetic://catalog/0142
job-0143,Intern Data Analyst,Merlion Data,"Intern Data Analyst at a growing team. Responsibilities: Build dashboards, Analyse business metrics, Prepare reports.",data analyst,retail,part-time,sql|excel,tableau|power bi,Build dashboards|Analyse business metrics|Prepare reports,1350,2034,SGD,month,Singapore,Singapore,,remote,0,1,intern,SG,2026-04-02,true,synthetic://catalog/0143
job-0144,Mid Sales Analyst,Hibiscus Labs,"Mid Sales Analyst at a growing team. Responsibilities: Analyse sales pipeline, Forecast revenue, Support sales team.",sales analyst,finance,contract,excel|sql,communication,Analyse sales pipeline|Forecast revenue|Support sales team,7000,8567,MYR,month,Malaysia,Johor Bahru,,unspecified,3,6,mid,,2026-03-13,true,synthetic://catalog/0144
job-0145,Junior Sales Analyst,Orchid AI,"Junior Sales Analyst at a growing team. Responsibilities: Analyse sales pipeline, Forecast revenue, Support sales team.",sales analyst,finance,contract,excel|sql,communication,Analyse sales pipeline|Forecast revenue|Support sales team,4000,5392,MYR,month,Malaysia,Johor Bahru,,unspecified,1,3,junior,,2026-01-01,true,synthetic://catalog/0145
job-0146,Entry Software Engineer,Straits Digital,"Entry Software Engineer at a growing team. Responsibilities: Develop services, Write tests, Review code.",software engineer,finance,full-time,python|sql,javascript|aws,Develop services|Write tests|Review code,3000,4734,MYR,month,Malaysia,Penang,,onsite,0,2,entry,,,true,synthetic://catalog/0146
job-0147,Entry Business Analyst,Merlion Data,"Entry Business Analyst at a growing team. Responsibilities: Gather requirements, Model processes, Support stakeholders.",business analyst,healthcare,full-time,excel|communication,power bi,Gather requirements|Model processes|Support stakeholders,3000,3970,MYR,month,Malaysia,Cyberjaya,,unspecified,0,2,entry,,2026-03-02,true,synthetic://catalog/0147
job-0148,Intern Data Analyst,Selangor Systems,"Intern Data Analyst at a growing team. Responsibilities: Build dashboards, Analyse business metrics, Prepare reports.",data analyst,technology,full-time,sql|excel,power bi|tableau,Build dashboards|Analyse business metrics|Prepare reports,1500,2305,MYR,month,Malaysia,Johor Bahru,,unspecified,0,1,intern,,2026-01-01,true,synthetic://catalog/0148
job-0149,Junior Data Scientist,Orchid AI,"Junior Data Scientist at a growing team. Responsibilities: Train models, Analyse data, Communicate findings.",data scientist,retail,full-time,python|machine learning|statistics,aws|sql,Train models|Analyse data|Communicate findings,4000,4881,MYR,month,Malaysia,Cyberjaya,,remote,1,3,junior,,2026-01-01,true,synthetic://catalog/0149
job-0150,Senior Sales Analyst,Orchid AI,"Senior Sales Analyst at a growing team. Responsibilities: Analyse sales pipeline, Forecast revenue, Support sales team.",sales analyst,finance,full-time,excel|sql,power bi|communication,Analyse sales pipeline|Forecast revenue|Support sales team,10800,13377,SGD,month,Singapore,Singapore,,onsite,6,10,senior,SG,2026-02-23,true,synthetic://catalog/0150
job-0151,Entry Data Analyst,KualaSoft,"Entry Data Analyst at a growing team. Responsibilities: Build dashboards, Analyse business metrics, Prepare reports.",data analyst,retail,part-time,sql|excel,power bi|tableau,Build dashboards|Analyse business metrics|Prepare reports,3000,3778,MYR,month,Malaysia,Johor Bahru,,unspecified,0,2,entry,,,true,synthetic://catalog/0151
job-0152,Junior Data Engineer,Acme Data,"Junior Data Engineer at a growing team. Responsibilities: Build data pipelines, Maintain warehouses, Optimise ETL.",data engineer,retail,contract,python|sql|etl,docker,Build data pipelines|Maintain warehouses|Optimise ETL,3600,5053,SGD,month,Singapore,Singapore,,remote,1,3,junior,SG,2026-03-24,true,synthetic://catalog/0152
job-0153,Junior Data Engineer,Batik Cloud,"Junior Data Engineer at a growing team. Responsibilities: Build data pipelines, Maintain warehouses, Optimise ETL.",data engineer,finance,part-time,python|sql|etl,docker,Build data pipelines|Maintain warehouses|Optimise ETL,4000,5848,MYR,month,Malaysia,Kuala Lumpur,,unspecified,1,3,junior,,,true,synthetic://catalog/0153
job-0154,Senior Business Analyst,Acme Data,"Senior Business Analyst at a growing team. Responsibilities: Gather requirements, Model processes, Support stakeholders.",business analyst,healthcare,contract,excel|communication,sql|power bi,Gather requirements|Model processes|Support stakeholders,10800,15900,SGD,month,Singapore,Singapore,,unspecified,6,10,senior,SG,2026-04-10,true,synthetic://catalog/0154
job-0155,Entry Data Scientist,KualaSoft,"Entry Data Scientist at a growing team. Responsibilities: Train models, Analyse data, Communicate findings.",data scientist,finance,part-time,python|machine learning|statistics,aws|sql,Train models|Analyse data|Communicate findings,,,,,Malaysia,Cyberjaya,,unspecified,0,2,entry,,2025-12-24,false,synthetic://catalog/0155
job-0156,Entry Product Analyst,Selangor Systems,"Entry Product Analyst at a growing team. Responsibilities: Analyse product funnels, Run experiments, Report KPIs.",product analyst,healthcare,full-time,sql|statistics,tableau,Analyse product funnels|Run experiments|Report KPIs,3000,4411,MYR,month,Malaysia,Cyberjaya,,remote,0,2,entry,,,true,synthetic://catalog/0156
job-0157,Junior Data Engineer,Hibiscus Labs,"Junior Data Engineer at a growing team. Responsibilities: Build data pipelines, Maintain warehouses, Optimise ETL.",data engineer,retail,contract,python|sql|etl,docker|aws,Build data pipelines|Maintain warehouses|Optimise ETL,4000,,MYR,month,Malaysia,Penang,,remote,1,3,junior,,2025-11-13,false,synthetic://catalog/0157
job-0158,Senior Data Analyst,KualaSoft,"Senior Data Analyst at a growing team. Responsibilities: Build dashboards, Analyse business metrics, Prepare reports.",data analyst,retail,full-time,sql|excel,python|power bi,Build dashboards|Analyse business metrics|Prepare reports,,,,,Singapore,Singapore,,unspecified,6,10,senior,,2026-02-24,true,synthetic://catalog/0158
job-0159,Mid Product Analyst,Selangor Systems,"Mid Product Analyst at a growing team. Responsibilities: Analyse product funnels, Run experiments, Report KPIs.",product analyst,finance,full-time,sql|statistics,python,Analyse product funnels|Run experiments|Report KPIs,7000,10718,MYR,month,Malaysia,Johor Bahru,,unspecified,3,6,mid,,2026-03-23,true,synthetic://catalog/0159
job-0160,Senior Data Analyst,KualaSoft,"Senior Data Analyst at a growing team. Responsibilities: Build dashboards, Analyse business metrics, Prepare reports.",data analyst,technology,part-time,sql|excel,tableau,Build dashboards|Analyse business metrics|Prepare reports,12000,16383,MYR,month,Malaysia,Penang,,hybrid,6,10,senior,,2025-12-21,false,synthetic://catalog/0160
job-0161,Mid Data Scientist,Acme Data,"Mid Data Scientist at a growing team. Responsibilities: Train models, Analyse data, Communicate findings.",data scientist,technology,part-time,python|machine learning|statistics,sql,Train models|Analyse data|Communicate findings,7000,,MYR,month,Malaysia,Cyberjaya,,hybrid,3,6,mid,,2026-02-16,true,synthetic://catalog/0161
job-0162,Mid Business Analyst,KualaSoft,"Mid Business Analyst at a growing team. Responsibilities: Gather requirements, Model processes, Support stakeholders.",business analyst,retail,full-time,excel|communication,power bi,Gather requirements|Model processes|Support stakeholders,,,,,Malaysia,Penang,,onsite,3,6,mid,,2026-03-15,true,synthetic://catalog/0162
job-0163,Senior Data Engineer,KualaSoft,"Senior Data Engineer at a growing team. Responsibilities: Build data pipelines, Maintain warehouses, Optimise ETL.",data engineer,healthcare,contract,python|sql|etl,aws,Build data pipelines|Maintain warehouses|Optimise ETL,12000,19147,MYR,month,Malaysia,Kuala Lumpur,,remote,6,10,senior,,2026-03-15,true,synthetic://catalog/0163
job-0164,Entry Product Analyst,Selangor Systems,"Entry Product Analyst at a growing team. Responsibilities: Analyse product funnels, Run experiments, Report KPIs.",product analyst,finance,full-time,sql|statistics,tableau|python,Analyse product funnels|Run experiments|Report KPIs,3000,,MYR,month,Malaysia,Cyberjaya,,remote,0,2,entry,,2026-02-23,true,synthetic://catalog/0164
job-0165,Mid Data Analyst,Acme Data,"Mid Data Analyst at a growing team. Responsibilities: Build dashboards, Analyse business metrics, Prepare reports.",data analyst,retail,contract,sql|excel,tableau,Build dashboards|Analyse business metrics|Prepare reports,,,,,Malaysia,Kuala Lumpur,,hybrid,3,6,mid,,2026-02-11,true,synthetic://catalog/0165
job-0166,Junior Sales Analyst,Penang Analytics,"Junior Sales Analyst at a growing team. Responsibilities: Analyse sales pipeline, Forecast revenue, Support sales team.",sales analyst,technology,part-time,excel|sql,communication,Analyse sales pipeline|Forecast revenue|Support sales team,4000,5716,MYR,month,Malaysia,Johor Bahru,,remote,1,3,junior,,2026-02-26,true,synthetic://catalog/0166
job-0167,Entry Product Analyst,Orchid AI,"Entry Product Analyst at a growing team. Responsibilities: Analyse product funnels, Run experiments, Report KPIs.",product analyst,finance,full-time,sql|statistics,tableau,Analyse product funnels|Run experiments|Report KPIs,3000,4366,MYR,month,Malaysia,Cyberjaya,,remote,0,2,entry,,,true,synthetic://catalog/0167
job-0168,Mid Business Analyst,Penang Analytics,"Mid Business Analyst at a growing team. Responsibilities: Gather requirements, Model processes, Support stakeholders.",business analyst,finance,part-time,excel|communication,power bi,Gather requirements|Model processes|Support stakeholders,6300,8944,SGD,month,Singapore,Singapore,,remote,3,6,mid,,2026-03-20,true,synthetic://catalog/0168
job-0169,Junior Data Engineer,Merlion Data,"Junior Data Engineer at a growing team. Responsibilities: Build data pipelines, Maintain warehouses, Optimise ETL.",data engineer,finance,full-time,python|sql|etl,docker|aws,Build data pipelines|Maintain warehouses|Optimise ETL,4000,5676,MYR,month,Malaysia,Kuala Lumpur,,onsite,1,3,junior,,2026-03-25,true,synthetic://catalog/0169
job-0170,Entry Data Scientist,Straits Digital,"Entry Data Scientist at a growing team. Responsibilities: Train models, Analyse data, Communicate findings.",data scientist,healthcare,part-time,python|machine learning|statistics,aws,Train models|Analyse data|Communicate findings,2700,3791,SGD,month,Singapore,Singapore,,unspecified,0,2,entry,SG,2025-11-28,false,synthetic://catalog/0170
job-0171,Junior Data Scientist,Acme Data,"Junior Data Scientist at a growing team. Responsibilities: Train models, Analyse data, Communicate findings.",data scientist,healthcare,contract,python|machine learning|statistics,sql,Train models|Analyse data|Communicate findings,4000,4804,MYR,month,Malaysia,Kuala Lumpur,,unspecified,1,3,junior,,2026-01-20,true,synthetic://catalog/0171
job-0172,Mid Data Analyst,Straits Digital,"Mid Data Analyst at a growing team. Responsibilities: Build dashboards, Analyse business metrics, Prepare reports.",data analyst,retail,contract,sql|excel,tableau|python,Build dashboards|Analyse business metrics|Prepare reports,7000,10553,MYR,month,Malaysia,Kuala Lumpur,,remote,3,6,mid,,2025-11-11,false,synthetic://catalog/0172
job-0173,Senior Data Analyst,Penang Analytics,"Senior Data Analyst at a growing team. Responsibilities: Build dashboards, Analyse business metrics, Prepare reports.",data analyst,technology,full-time,sql|excel,tableau|python,Build dashboards|Analyse business metrics|Prepare reports,12000,19165,MYR,month,Malaysia,Penang,,remote,6,10,senior,,2026-01-27,true,synthetic://catalog/0173
job-0174,Mid Data Engineer,Nusantara Tech,"Mid Data Engineer at a growing team. Responsibilities: Build data pipelines, Maintain warehouses, Optimise ETL.",data engineer,technology,part-time,python|sql|etl,aws|docker,Build data pipelines|Maintain warehouses|Optimise ETL,7000,8834,MYR,month,Malaysia,Penang,,hybrid,3,6,mid,,2026-04-13,true,synthetic://catalog/0174
job-0175,Intern Business Analyst,Penang Analytics,"Intern Business Analyst at a growing team. Responsibilities: Gather requirements, Model processes, Support stakeholders.",business analyst,technology,contract,excel|communication,sql|power bi,Gather requirements|Model processes|Support stakeholders,1500,2203,MYR,month,Malaysia,Kuala Lumpur,,onsite,0,1,intern,,,true,synthetic://catalog/0175
job-0176,Intern Sales Analyst,Batik Cloud,"Intern Sales Analyst at a growing team. Responsibilities: Analyse sales pipeline, Forecast revenue, Support sales team.",sales analyst,retail,full-time,excel|sql,power bi|communication,Analyse sales pipeline|Forecast revenue|Support sales team,1500,2349,MYR,month,Malaysia,Penang,,remote,0,1,intern,,2026-01-01,true,synthetic://catalog/0176
job-0177,Junior Software Engineer,Straits Digital,"Junior Software Engineer at a growing team. Responsibilities: Develop services, Write tests, Review code.",software engineer,healthcare,full-time,python|sql,javascript|aws,Develop services|Write tests|Review code,4000,5746,MYR,month,Malaysia,Johor Bahru,,onsite,1,3,junior,,2025-12-16,false,synthetic://catalog/0177
job-0178,Senior Sales Analyst,Hibiscus Labs,"Senior Sales Analyst at a growing team. Responsibilities: Analyse sales pipeline, Forecast revenue, Support sales team.",sales analyst,finance,full-time,excel|sql,power bi|communication,Analyse sales pipeline|Forecast revenue|Support sales team,12000,15839,MYR,month,Malaysia,Johor Bahru,,unspecified,6,10,senior,,2026-03-20,true,synthetic://catalog/0178
job-0179,Senior Data Analyst,Orchid AI,"Senior Data Analyst at a growing team. Responsibilities: Build dashboards, Analyse business metrics, Prepare reports.",data analyst,technology,contract,sql|excel,power bi|python,Build dashboards|Analyse business metrics|Prepare reports,12000,15043,MYR,month,Malaysia,Cyberjaya,,unspecified,6,10,senior,,2026-02-06,true,synthetic://catalog/0179
job-0180,Junior Data Analyst,Batik Cloud,"Junior Data Analyst at a growing team. Responsibilities: Build dashboards, Analyse business metrics, Prepare reports.",data analyst,finance,contract,sql|excel,tableau,Build dashboards|Analyse business metrics|Prepare reports,,,,,Malaysia,Cyberjaya,,onsite,1,3,junior,,2026-04-18,true,synthetic://catalog/0180
job-0181,Intern Product Analyst,Hibiscus Labs,"Intern Product Analyst at a growing team. Responsibilities: Analyse product funnels, Run experiments, Report KPIs.",product analyst,finance,part-time,sql|statistics,tableau,Analyse product funnels|Run experiments|Report KPIs,,,,,Malaysia,Penang,,hybrid,0,1,intern,,2026-04-17,true,synthetic://catalog/0181
job-0182,Senior Business Analyst,Orchid AI,"Senior Business Analyst at a growing team. Responsibilities: Gather requirements, Model processes, Support stakeholders.",business analyst,healthcare,contract,excel|communication,power bi,Gather requirements|Model processes|Support stakeholders,12000,16961,MYR,month,Malaysia,Johor Bahru,,remote,6,10,senior,,2026-02-13,true,synthetic://catalog/0182
job-0183,Junior Sales Analyst,KualaSoft,"Junior Sales Analyst at a growing team. Responsibilities: Analyse sales pipeline, Forecast revenue, Support sales team.",sales analyst,technology,contract,excel|sql,communication|power bi,Analyse sales pipeline|Forecast revenue|Support sales team,4000,4873,MYR,month,Malaysia,Penang,,remote,1,3,junior,,,true,synthetic://catalog/0183
job-0184,Junior Business Analyst,Orchid AI,"Junior Business Analyst at a growing team. Responsibilities: Gather requirements, Model processes, Support stakeholders.",business analyst,retail,contract,excel|communication,power bi|sql,Gather requirements|Model processes|Support stakeholders,4000,5193,MYR,month,Malaysia,Penang,,unspecified,1,3,junior,,2026-01-01,true,synthetic://catalog/0184
job-0185,Junior Data Scientist,Acme Data,"Junior Data Scientist at a growing team. Responsibilities: Train models, Analyse data, Communicate findings.",data scientist,technology,full-time,python|machine learning|statistics,sql,Train models|Analyse data|Communicate findings,4000,,MYR,month,Malaysia,Penang,,hybrid,1,3,junior,,2026-03-21,true,synthetic://catalog/0185
job-0186,Entry Software Engineer,Hibiscus Labs,"Entry Software Engineer at a growing team. Responsibilities: Develop services, Write tests, Review code.",software engineer,retail,full-time,python|sql,javascript|aws|docker,Develop services|Write tests|Review code,3000,,MYR,month,Malaysia,Penang,,onsite,0,2,entry,,2026-03-16,true,synthetic://catalog/0186
job-0187,Intern Data Analyst,Straits Digital,"Intern Data Analyst at a growing team. Responsibilities: Build dashboards, Analyse business metrics, Prepare reports.",data analyst,finance,full-time,sql|excel,python,Build dashboards|Analyse business metrics|Prepare reports,1350,1905,SGD,month,Singapore,Singapore,,unspecified,0,1,intern,SG,2026-02-16,true,synthetic://catalog/0187
job-0188,Entry Business Analyst,Nusantara Tech,"Entry Business Analyst at a growing team. Responsibilities: Gather requirements, Model processes, Support stakeholders.",business analyst,retail,contract,excel|communication,sql|power bi,Gather requirements|Model processes|Support stakeholders,3000,,MYR,month,Malaysia,Penang,,remote,0,2,entry,,2026-03-02,true,synthetic://catalog/0188
job-0189,Intern Product Analyst,Acme Data,"Intern Product Analyst at a growing team. Responsibilities: Analyse product funnels, Run experiments, Report KPIs.",product analyst,finance,full-time,sql|statistics,tableau|python,Analyse product funnels|Run experiments|Report KPIs,1500,2026,MYR,month,Malaysia,Kuala Lumpur,,onsite,0,1,intern,,2026-04-02,true,synthetic://catalog/0189
job-0190,Intern Data Engineer,Selangor Systems,"Intern Data Engineer at a growing team. Responsibilities: Build data pipelines, Maintain warehouses, Optimise ETL.",data engineer,technology,full-time,python|sql|etl,aws|docker,Build data pipelines|Maintain warehouses|Optimise ETL,1350,2106,SGD,month,Singapore,Singapore,,onsite,0,1,intern,SG,2026-01-01,true,synthetic://catalog/0190
job-0191,Junior Sales Analyst,Nusantara Tech,"Junior Sales Analyst at a growing team. Responsibilities: Analyse sales pipeline, Forecast revenue, Support sales team.",sales analyst,retail,full-time,excel|sql,communication,Analyse sales pipeline|Forecast revenue|Support sales team,4000,6003,MYR,month,Malaysia,Kuala Lumpur,,hybrid,1,3,junior,,2025-12-02,false,synthetic://catalog/0191
job-0192,Senior Data Scientist,Nusantara Tech,"Senior Data Scientist at a growing team. Responsibilities: Train models, Analyse data, Communicate findings.",data scientist,retail,full-time,python|machine learning|statistics,aws,Train models|Analyse data|Communicate findings,12000,,MYR,month,Malaysia,Johor Bahru,,unspecified,6,10,senior,,2026-04-09,true,synthetic://catalog/0192
job-0193,Intern Business Analyst,Selangor Systems,"Intern Business Analyst at a growing team. Responsibilities: Gather requirements, Model processes, Support stakeholders.",business analyst,healthcare,contract,excel|communication,power bi,Gather requirements|Model processes|Support stakeholders,,,,,Malaysia,Johor Bahru,,unspecified,0,1,intern,,2026-04-02,true,synthetic://catalog/0193
job-0194,Mid Data Engineer,Selangor Systems,"Mid Data Engineer at a growing team. Responsibilities: Build data pipelines, Maintain warehouses, Optimise ETL.",data engineer,finance,part-time,python|sql|etl,aws,Build data pipelines|Maintain warehouses|Optimise ETL,7000,10249,MYR,month,Malaysia,Cyberjaya,,hybrid,3,6,mid,,2026-03-31,true,synthetic://catalog/0194
job-0195,Entry Product Analyst,Nusantara Tech,"Entry Product Analyst at a growing team. Responsibilities: Analyse product funnels, Run experiments, Report KPIs.",product analyst,technology,contract,sql|statistics,tableau|python,Analyse product funnels|Run experiments|Report KPIs,3000,,MYR,month,Malaysia,Cyberjaya,,hybrid,0,2,entry,,2026-01-24,true,synthetic://catalog/0195
job-0196,Entry Data Analyst,Acme Data,"Entry Data Analyst at a growing team. Responsibilities: Build dashboards, Analyse business metrics, Prepare reports.",data analyst,technology,contract,sql|excel,power bi|tableau|python,Build dashboards|Analyse business metrics|Prepare reports,3000,4268,MYR,month,Malaysia,Kuala Lumpur,,hybrid,0,2,entry,,2026-01-24,true,synthetic://catalog/0196
job-0197,Junior Data Analyst,Penang Analytics,"Junior Data Analyst at a growing team. Responsibilities: Build dashboards, Analyse business metrics, Prepare reports.",data analyst,finance,part-time,sql|excel,power bi|python,Build dashboards|Analyse business metrics|Prepare reports,4000,,MYR,month,Malaysia,Cyberjaya,,unspecified,1,3,junior,,2025-11-22,false,synthetic://catalog/0197
job-0198,Junior Product Analyst,Hibiscus Labs,"Junior Product Analyst at a growing team. Responsibilities: Analyse product funnels, Run experiments, Report KPIs.",product analyst,technology,contract,sql|statistics,python|tableau,Analyse product funnels|Run experiments|Report KPIs,4000,5067,MYR,month,Malaysia,Johor Bahru,,unspecified,1,3,junior,,2026-02-18,true,synthetic://catalog/0198
job-0199,Senior Data Engineer,Orchid AI,"Senior Data Engineer at a growing team. Responsibilities: Build data pipelines, Maintain warehouses, Optimise ETL.",data engineer,healthcare,contract,python|sql|etl,docker|aws,Build data pipelines|Maintain warehouses|Optimise ETL,12000,15862,MYR,month,Malaysia,Penang,,unspecified,6,10,senior,,,true,synthetic://catalog/0199
