run_id,scenario_id,variant,repeat_index,scenario_type,difficulty,memory_dependency,context_dependency,response_type,success_run,returned_count,ndcg_at_5,precision_at_5,mean_graded_relevance,hcsr,mean_violation_count,unknown_hard_rate,expired_rate,trace_completeness,grounding,grounded_claim_count,evidence_resolution_rate,abstention_rate,unsupported_delivered_count,semantic_validator_present,handoff_success,decision_log_completeness,turn_count,total_latency_ms,task_success,partial_task_score,no_match_expected,no_match_returned,clarification_expected,clarification_target,clarification_asked,clarification_asked_slots,clarification_answered,clarification_repeated_slot,clarification_reason_code,response_turns,termination_reason,acceptable_slots,failure_injected,failure_detected,recoverable,recovered,clarification_efficiency
run-e37f9a27f20b2bb7,SC-A-01,full,0,complete,easy,none,medium,recommendation,True,5,0.8415580415114009,1.0,2.6,1.0,0.0,0.0,0.0,1.0,0.7857142857142857,22,1.0,0.0,0,True,1.0,1.0,1,12089.323,1,1.0,False,False,False,,False,,False,False,,1,recommendation,,False,False,False,False,-1.0
run-e91ad98beec1c1ee,SC-A-02,full,0,complete,easy,none,medium,recommendation,True,5,1.0,1.0,3.0,1.0,0.0,0.0,0.0,1.0,0.7391304347826086,17,1.0,0.0,0,True,1.0,1.0,1,43880.697,1,1.0,False,False,False,,False,,False,False,,1,recommendation,,False,False,False,False,-1.0
run-9b8dfa4504b16652,SC-A-03,full,0,complete,easy,none,medium,recommendation,True,3,0.7227265726449517,1.0,3.0,1.0,0.0,0.0,0.0,1.0,0.7777777777777778,14,1.0,0.0,0,True,1.0,1.0,1,150130.008,1,1.0,False,False,False,,False,,False,False,,1,recommendation,,False,False,False,False,-1.0
run-31647a0b1da7ef1a,SC-A-04,full,0,complete,medium,none,medium,recommendation,True,5,0.8415580415114009,1.0,2.6,1.0,0.0,0.0,0.0,1.0,0.4583333333333333,11,1.0,0.0,0,True,1.0,1.0,1,78578.797,1,1.0,False,False,False,,False,,False,False,,1,recommendation,,False,False,False,False,-1.0
run-05257d049e234cf2,SC-A-05,full,0,complete,easy,none,medium,recommendation,True,5,1.0,1.0,3.0,1.0,0.0,0.0,0.0,1.0,0.30434782608695654,7,1.0,0.0,0,True,1.0,1.0,1,151619.138,1,1.0,False,False,False,,False,,False,False,,1,recommendation,,False,False,False,False,-1.0
run-e8fb8e539c68599f,SC-A-06,full,0,complete,medium,none,medium,recommendation,True,5,1.0,1.0,3.0,1.0,0.0,0.0,0.0,1.0,1.0,27,1.0,0.0,0,True,1.0,1.0,1,356455.894,1,1.0,False,False,False,,False,,False,False,,1,recommendation,,False,False,False,False,-1.0
run-e12f20efbcffd356,SC-B-01,full,0,clarification,medium,none,low,recommendation,True,3,0.7227265726449518,1.0,2.0,1.0,0.0,0.0,0.0,1.0,0.7,14,1.0,0.0,0,True,1.0,1.0,2,13754.473,1,1.0,False,False,True,,True,target_roles,True,False,,2,recommendation,target_roles,False,False,False,False,-2.0
run-7563a4bc286474bf,SC-B-02,full,0,clarification,medium,none,low,recommendation,True,5,1.0,1.0,3.0,1.0,0.0,0.0,0.0,1.0,0.7142857142857143,15,1.0,0.0,0,True,1.0,1.0,2,30787.336,1,1.0,False,False,True,,True,target_roles,True,False,,2,recommendation,target_roles,False,False,False,False,-2.0
run-a82c955800b01646,SC-B-03,full,0,clarification,hard,none,low,recommendation,True,5,1.0,1.0,3.0,1.0,0.0,0.0,0.0,1.0,1.0,21,1.0,0.0,0,True,1.0,1.0,2,9852.428,1,1.0,False,False,True,,True,target_roles,True,False,,2,recommendation,target_roles,False,False,False,False,-2.0
run-c43244d8a873ba12,SC-B-04,full,0,clarification,medium,none,low,recommendation,True,5,0.7020976466720958,0.4,1.4,1.0,0.0,0.0,0.0,1.0,0.7241379310344828,21,1.0,0.0,0,True,1.0,1.0,2,10111.839,1,1.0,False,False,True,,True,target_roles,True,False,,2,recommendation,target_roles,False,False,False,False,-2.0
run-5c0d5664f17d49ec,SC-B-05,full,0,clarification,medium,none,low,recommendation,True,5,1.0,1.0,3.0,1.0,0.0,0.0,0.0,1.0,1.0,19,1.0,0.0,0,True,1.0,1.0,2,9781.151,1,1.0,False,False,True,,True,target_roles,True,False,,2,recommendation,target_roles,False,False,False,False,-2.0
run-dd1b4928898fad84,SC-C-01,full,0,profile_dialogue_conflict,medium,medium,high,recommendation,True,5,0.936475914927914,1.0,2.4,1.0,0.0,0.0,0.0,1.0,0.7777777777777778,21,1.0,0.0,0,True,1.0,1.0,1,13966.36,1,1.0,False,False,False,,False,,False,False,,1,recommendation,,False,False,False,False,-1.0
run-a22080aca1a27541,SC-C-02,full,0,profile_dialogue_conflict,medium,medium,medium,recommendation,True,5,1.0,1.0,2.0,1.0,0.0,0.0,0.0,1.0,0.5714285714285714,16,1.0,0.0,0,True,1.0,1.0,1,44583.182,1,1.0,False,False,False,,False,,False,False,,1,recommendation,,False,False,False,False,-1.0
run-71c2d1037922b2dd,SC-C-03,full,0,profile_dialogue_conflict,hard,medium,high,recommendation,True,5,1.0,1.0,2.4,1.0,0.0,0.0,0.0,1.0,0.7692307692307693,20,1.0,0.0,0,True,1.0,1.0,1,23450.28,1,1.0,False,False,False,,False,,False,False,,1,recommendation,,False,False,False,False,-1.0
run-41747529cb02b9b8,SC-C-04,full,0,profile_dialogue_conflict,medium,medium,high,recommendation,True,3,0.8587958726494572,1.0,3.0,1.0,0.0,0.0,0.0,1.0,0.5882352941176471,10,1.0,0.0,0,True,1.0,1.0,1,106282.524,1,1.0,False,False,False,,False,,False,False,,1,recommendation,,False,False,False,False,-1.0
run-d4559cdc2876f394,SC-C-05,full,0,profile_dialogue_conflict,medium,low,medium,recommendation,True,5,1.0,1.0,3.0,1.0,0.0,0.0,0.0,1.0,0.7391304347826086,17,1.0,0.0,0,True,1.0,1.0,1,41045.787,1,1.0,False,False,False,,False,,False,False,,1,recommendation,,False,False,False,False,-1.0
run-f4d621b8a14364b6,SC-D-01,full,0,preference_change,medium,high,high,recommendation,True,5,0.7446551257189392,1.0,2.4,1.0,0.0,0.0,0.0,1.0,0.7692307692307693,20,1.0,0.0,0,True,1.0,1.0,2,120072.523,1,1.0,False,False,False,,False,,False,False,,2,recommendation,,False,False,False,False,-2.0
run-4cb0c9eeaa49c968,SC-D-02,full,0,preference_change,medium,high,medium,recommendation,True,1,0.3391602052736162,1.0,2.0,1.0,0.0,0.0,0.0,1.0,0.7777777777777778,7,1.0,0.0,0,True,1.0,1.0,2,116021.981,1,1.0,False,False,False,,False,,False,False,,2,recommendation,,False,False,False,False,-2.0
run-d146adaa6ee7d522,SC-D-03,full,0,preference_change,hard,high,high,recommendation,True,5,1.0,1.0,3.0,1.0,0.0,0.0,0.0,1.0,0.52,13,1.0,0.0,0,True,1.0,1.0,2,60328.245,1,1.0,False,False,False,,False,,False,False,,2,recommendation,,False,False,False,False,-2.0
run-0fea3e5d72f14bdc,SC-D-04,full,0,preference_change,medium,high,medium,recommendation,True,4,0.6884243782136499,1.0,2.5,1.0,0.0,0.0,0.0,1.0,0.782608695652174,18,1.0,0.0,0,True,1.0,1.0,2,14952.823,1,1.0,False,False,False,,False,,False,False,,2,recommendation,,False,False,False,False,-2.0
run-3457b8d2e4c1d3ae,SC-D-05,full,0,preference_change,medium,high,high,recommendation,True,5,1.0,1.0,3.0,1.0,0.0,0.0,0.0,1.0,0.7,14,1.0,0.0,0,True,1.0,1.0,2,48441.851,1,1.0,False,False,False,,False,,False,False,,2,recommendation,,False,False,False,False,-2.0
run-2beccb6bb0a1b324,SC-D-06,full,0,preference_change,medium,high,medium,recommendation,True,5,0.8415580415114009,1.0,2.6,1.0,0.0,0.0,0.0,1.0,0.7857142857142857,22,1.0,0.0,0,True,1.0,1.0,2,23774.153,1,1.0,False,False,False,,False,,False,False,,2,recommendation,,False,False,False,False,-2.0
run-377341cb84da3195,SC-D-07,full,0,preference_change,medium,high,medium,recommendation,True,2,0.5531464700081437,1.0,3.0,1.0,0.0,0.0,0.0,1.0,0.6666666666666666,6,1.0,0.0,0,True,1.0,1.0,2,11678.34,1,1.0,False,False,False,,False,,False,False,,2,recommendation,,False,False,False,False,-2.0
run-6cee27de14259a73,SC-D-08,full,0,preference_change,medium,high,medium,recommendation,True,5,1.0,1.0,3.0,1.0,0.0,0.0,0.0,1.0,0.7857142857142857,22,1.0,0.0,0,True,1.0,1.0,2,57658.693,1,1.0,False,False,False,,False,,False,False,,2,recommendation,,False,False,False,False,-2.0
run-304e837b9db6bba5,SC-D-09,full,0,preference_change,hard,high,medium,recommendation,True,5,0.8415580415114009,1.0,2.6,1.0,0.0,0.0,0.0,1.0,0.625,15,1.0,0.0,0,True,1.0,1.0,2,21827.663,1,1.0,False,False,False,,False,,False,False,,2,recommendation,,False,False,False,False,-2.0
run-d2554a3cfbcbb37e,SC-D-10,full,0,preference_change,medium,high,medium,recommendation,True,5,1.0,1.0,3.0,1.0,0.0,0.0,0.0,1.0,0.782608695652174,18,1.0,0.0,0,True,1.0,1.0,2,52322.078,1,1.0,False,False,False,,False,,False,False,,2,recommendation,,False,False,False,False,-2.0
run-f8c43b4e17d780f8,SC-D-11,full,0,preference_change,medium,high,medium,recommendation,True,5,0.9250256699929476,1.0,2.8,1.0,0.0,0.0,0.0,1.0,0.4,10,1.0,0.0,0,True,1.0,1.0,3,47535.419,1,1.0,False,False,False,,False,,False,False,,3,recommendation,,False,False,False,False,-3.0
run-7a871803ef414e8f,SC-D-12,full,0,preference_change,hard,high,high,recommendation,True,1,0.4554594382818066,1.0,3.0,1.0,0.0,0.0,0.0,1.0,0.5,4,1.0,0.0,0,True,1.0,1.0,3,22713.865,1,1.0,False,False,False,,False,,False,False,,3,recommendation,,False,False,False,False,-3.0
run-fd98631555cfdef5,SC-E-01,full,0,multiple_hard,hard,none,high,recommendation,True,1,1.0,1.0,3.0,1.0,0.0,0.0,0.0,1.0,0.75,6,1.0,0.0,0,True,1.0,1.0,1,98014.817,1,1.0,False,False,False,,False,,False,False,,1,recommendation,,False,False,False,False,-1.0
run-298c22180b7df6be,SC-E-02,full,0,multiple_hard,hard,none,high,no_match,True,0,,,,,,,,,1.0,6,1.0,0.0,0,True,1.0,1.0,1,15717.66,1,1.0,True,True,False,,False,,False,False,,1,no_match,,False,False,False,False,-1.0
run-2f5bd72b14f811ce,SC-E-03,full,0,multiple_hard,hard,none,high,recommendation,True,2,0.7428223494387413,1.0,3.0,1.0,0.0,0.0,0.0,1.0,0.5384615384615384,7,1.0,0.0,0,True,1.0,1.0,1,125073.973,1,1.0,False,False,False,,False,,False,False,,1,recommendation,,False,False,False,False,-1.0
run-6b2de3c510d42555,SC-E-04,full,0,multiple_hard,hard,none,high,no_match,True,0,,,,,,,,,1.0,6,1.0,0.0,0,True,1.0,1.0,1,22564.286,1,1.0,True,True,False,,False,,False,False,,1,no_match,,False,False,False,False,-1.0
run-3a3a46e77e4fa886,SC-E-05,full,0,multiple_hard,hard,none,high,recommendation,True,1,1.0,1.0,2.0,1.0,0.0,0.0,0.0,1.0,0.7142857142857143,5,1.0,0.0,0,True,1.0,1.0,1,18107.204,1,1.0,False,False,False,,False,,False,False,,1,recommendation,,False,False,False,False,-1.0
run-83030e5246082989,SC-F-01,full,0,soft_tradeoff,medium,none,low,recommendation,True,5,1.0,1.0,3.0,1.0,0.0,0.0,0.0,1.0,1.0,23,1.0,0.0,0,True,1.0,1.0,1,37600.713,1,1.0,False,False,False,,False,,False,False,,1,recommendation,,False,False,False,False,-1.0
run-63dd3e19d1ae1bfc,SC-F-02,full,0,soft_tradeoff,medium,none,low,recommendation,True,5,1.0,1.0,3.0,1.0,0.0,0.0,0.0,1.0,0.782608695652174,18,1.0,0.0,0,True,1.0,1.0,1,49366.49,1,1.0,False,False,False,,False,,False,False,,1,recommendation,,False,False,False,False,-1.0
run-b35d50389b578f25,SC-F-03,full,0,soft_tradeoff,easy,none,low,recommendation,True,5,1.0,1.0,3.0,1.0,0.0,0.0,0.0,1.0,1.0,22,1.0,0.0,0,True,1.0,1.0,1,34424.138,1,1.0,False,False,False,,False,,False,False,,1,recommendation,,False,False,False,False,-1.0
run-85676cfa7bfa3bd5,SC-F-04,full,0,soft_tradeoff,medium,none,low,recommendation,True,5,1.0,1.0,3.0,1.0,0.0,0.0,0.0,1.0,1.0,20,1.0,0.0,0,True,1.0,1.0,1,17328.35,1,1.0,False,False,False,,False,,False,False,,1,recommendation,,False,False,False,False,-1.0
run-e16756b552d54ab9,SC-G-01,full,0,ambiguous_role,hard,none,low,recommendation,True,5,0.3316685127789668,0.8,1.8,1.0,0.0,0.0,0.0,1.0,0.7931034482758621,23,1.0,0.0,0,True,1.0,1.0,1,35735.906,0,0.5,False,False,True,,False,,False,False,,1,recommendation,target_roles,False,False,False,False,-1000001.0
run-4268ecb77c92f8db,SC-G-02,full,0,ambiguous_role,hard,none,low,recommendation,True,5,0.6477522099264775,1.0,2.4,1.0,0.0,0.0,0.0,1.0,0.5625,9,1.0,0.0,0,True,1.0,1.0,1,9551.874,0,0.5,False,False,True,,False,,False,False,,1,recommendation,target_roles,False,False,False,False,-1000001.0
run-117157d4dc9c037b,SC-H-01,full,0,no_match,hard,none,high,no_match,True,0,,,,,,,,,1.0,4,1.0,0.0,0,True,1.0,1.0,1,26992.751,1,1.0,True,True,False,,False,,False,False,,1,no_match,,False,False,False,False,-1.0
run-30993cac869a3a44,SC-H-02,full,0,no_match,hard,none,high,no_match,True,0,,,,,,,,,1.0,4,1.0,0.0,0,True,1.0,1.0,1,224647.427,1,1.0,True,True,False,,False,,False,False,,1,no_match,,False,False,False,False,-1.0
run-4ea686e57ccdd6d2,SC-H-03,full,0,no_match,hard,none,high,no_match,True,0,,,,,,,,,1.0,4,1.0,0.0,0,True,1.0,1.0,1,22216.919,1,1.0,True,True,False,,False,,False,False,,1,no_match,,False,False,False,False,-1.0
