run_id,scenario_id,variant,repeat_index,scenario_type,difficulty,memory_dependency,context_dependency,response_type,success_run,returned_count,ndcg_at_5,precision_at_5,mean_graded_relevance,hcsr,mean_violation_count,unknown_hard_rate,expired_rate,trace_completeness,grounding,grounded_claim_count,handoff_success,decision_log_completeness,turn_count,total_latency_ms,task_success,partial_task_score,no_match_expected,no_match_returned,clarification_expected,clarification_target,clarification_asked,clarification_asked_slots,clarification_answered,clarification_repeated_slot,clarification_reason_code,response_turns,termination_reason,acceptable_slots,failure_injected,failure_detected,recoverable,recovered,clarification_efficiency
run-f76ddd87a0274c45,SC-A-01,full,0,complete,easy,none,medium,recommendation,True,5,1.0,1.0,3.0,1.0,0.0,0.0,0.0,1.0,1.0,28,1.0,1.0,1,36630.491,1,1.0,False,False,False,,False,,False,False,,1,recommendation,,False,False,False,False,-1.0
run-3b16805011f27320,SC-A-01,full,1,complete,easy,none,medium,recommendation,True,5,1.0,1.0,3.0,1.0,0.0,0.0,0.0,1.0,1.0,28,1.0,1.0,1,43832.793,1,1.0,False,False,False,,False,,False,False,,1,recommendation,,False,False,False,False,-1.0
run-7c22bffc2124024d,SC-A-01,full,2,complete,easy,none,medium,recommendation,True,5,1.0,1.0,3.0,1.0,0.0,0.0,0.0,1.0,1.0,28,1.0,1.0,1,46788.96,1,1.0,False,False,False,,False,,False,False,,1,recommendation,,False,False,False,False,-1.0
run-b3f1bd23725ffc77,SC-A-02,full,0,complete,easy,none,medium,recommendation,True,5,1.0,1.0,3.0,1.0,0.0,0.0,0.0,1.0,1.0,22,1.0,1.0,1,7860.592,1,1.0,False,False,False,,False,,False,False,,1,recommendation,,False,False,False,False,-1.0
run-58d21685679e76d2,SC-A-02,full,1,complete,easy,none,medium,recommendation,True,5,1.0,1.0,3.0,1.0,0.0,0.0,0.0,1.0,1.0,22,1.0,1.0,1,9102.783,1,1.0,False,False,False,,False,,False,False,,1,recommendation,,False,False,False,False,-1.0
run-73e95d32aa079ffc,SC-A-02,full,2,complete,easy,none,medium,recommendation,True,5,1.0,1.0,3.0,1.0,0.0,0.0,0.0,1.0,1.0,22,1.0,1.0,1,9163.836,1,1.0,False,False,False,,False,,False,False,,1,recommendation,,False,False,False,False,-1.0
run-5cf086fd7c8c196b,SC-A-03,full,0,complete,easy,none,medium,recommendation,True,5,1.0,1.0,3.0,1.0,0.0,0.0,0.0,1.0,1.0,28,1.0,1.0,1,9993.569,1,1.0,False,False,False,,False,,False,False,,1,recommendation,,False,False,False,False,-1.0
run-470b267247dc9052,SC-A-03,full,1,complete,easy,none,medium,recommendation,True,2,0.5531464700081437,1.0,3.0,1.0,0.0,0.0,0.0,1.0,1.0,13,1.0,1.0,1,11625.329,1,1.0,False,False,False,,False,,False,False,,1,recommendation,,False,False,False,False,-1.0
run-c47ebd3f119b3ac4,SC-A-03,full,2,complete,easy,none,medium,recommendation,True,5,1.0,1.0,3.0,1.0,0.0,0.0,0.0,1.0,1.0,28,1.0,1.0,1,9309.4,1,1.0,False,False,False,,False,,False,False,,1,recommendation,,False,False,False,False,-1.0
run-36fdb7246a3b9dd3,SC-A-04,full,0,complete,medium,none,medium,no_match,True,0,,,,,,,,,1.0,4,1.0,1.0,1,40004.91,0,0.25,False,True,False,,False,,False,False,,1,no_match,,False,False,False,False,-1.0
run-9132ef3a21f60e3e,SC-A-04,full,1,complete,medium,none,medium,recommendation,True,5,0.8415580415114009,1.0,2.6,1.0,0.0,0.0,0.0,1.0,1.0,24,1.0,1.0,1,9875.897,1,1.0,False,False,False,,False,,False,False,,1,recommendation,,False,False,False,False,-1.0
run-035e0b5f34900e31,SC-A-04,full,2,complete,medium,none,medium,no_match,True,0,,,,,,,,,1.0,4,1.0,1.0,1,13545.19,0,0.25,False,True,False,,False,,False,False,,1,no_match,,False,False,False,False,-1.0
run-b69a70a89ab60921,SC-A-05,full,0,complete,easy,none,medium,recommendation,True,5,1.0,1.0,3.0,1.0,0.0,0.0,0.0,1.0,1.0,23,1.0,1.0,1,48007.793,1,1.0,False,False,False,,False,,False,False,,1,recommendation,,False,False,False,False,-1.0
run-e3025a64b6e77f38,SC-A-05,full,1,complete,easy,none,medium,recommendation,True,5,1.0,1.0,3.0,1.0,0.0,0.0,0.0,1.0,1.0,23,1.0,1.0,1,41158.832,1,1.0,False,False,False,,False,,False,False,,1,recommendation,,False,False,False,False,-1.0
run-8ea2bf65fc588347,SC-A-05,full,2,complete,easy,none,medium,recommendation,True,5,1.0,1.0,3.0,1.0,0.0,0.0,0.0,1.0,1.0,23,1.0,1.0,1,51085.416,1,1.0,False,False,False,,False,,False,False,,1,recommendation,,False,False,False,False,-1.0
run-9f34a1dcdd9f6541,SC-A-06,full,0,complete,medium,none,medium,recommendation,True,5,1.0,1.0,3.0,1.0,0.0,0.0,0.0,1.0,1.0,27,1.0,1.0,1,12740.274,1,1.0,False,False,False,,False,,False,False,,1,recommendation,,False,False,False,False,-1.0
run-9cdf257e36996c15,SC-A-06,full,1,complete,medium,none,medium,recommendation,True,5,1.0,1.0,3.0,1.0,0.0,0.0,0.0,1.0,1.0,27,1.0,1.0,1,8108.425,1,1.0,False,False,False,,False,,False,False,,1,recommendation,,False,False,False,False,-1.0
run-d6e53662dbaad3fc,SC-A-06,full,2,complete,medium,none,medium,recommendation,True,5,1.0,1.0,3.0,1.0,0.0,0.0,0.0,1.0,1.0,27,1.0,1.0,1,9552.543,1,1.0,False,False,False,,False,,False,False,,1,recommendation,,False,False,False,False,-1.0
run-c657a6f721914cab,SC-B-01,full,0,clarification,medium,none,low,recommendation,True,5,1.0,1.0,2.0,1.0,0.0,0.0,0.0,1.0,1.0,31,1.0,1.0,2,6624.493,1,1.0,False,False,True,,True,target_roles,True,False,,2,recommendation,target_roles,False,False,False,False,-2.0
run-20976014e96c96a2,SC-B-01,full,1,clarification,medium,none,low,recommendation,True,5,1.0,1.0,2.0,1.0,0.0,0.0,0.0,1.0,1.0,31,1.0,1.0,2,6925.75,1,1.0,False,False,True,,True,target_roles,True,False,,2,recommendation,target_roles,False,False,False,False,-2.0
run-f3da1eb2769e36d0,SC-B-01,full,2,clarification,medium,none,low,recommendation,True,5,1.0,1.0,2.0,1.0,0.0,0.0,0.0,1.0,1.0,31,1.0,1.0,2,6768.358,1,1.0,False,False,True,,True,target_roles,True,False,,2,recommendation,target_roles,False,False,False,False,-2.0
run-b296e41ccc041b5e,SC-B-02,full,0,clarification,medium,none,low,recommendation,True,5,1.0,1.0,3.0,1.0,0.0,0.0,0.0,1.0,1.0,21,1.0,1.0,2,5677.553,1,1.0,False,False,True,,True,target_roles,True,False,,2,recommendation,target_roles,False,False,False,False,-2.0
run-3d60a43dd1261a3b,SC-B-02,full,1,clarification,medium,none,low,recommendation,True,5,1.0,1.0,3.0,1.0,0.0,0.0,0.0,1.0,1.0,21,1.0,1.0,2,7370.107,1,1.0,False,False,True,,True,target_roles,True,False,,2,recommendation,target_roles,False,False,False,False,-2.0
run-a70dbcc325957749,SC-B-02,full,2,clarification,medium,none,low,recommendation,True,5,1.0,1.0,3.0,1.0,0.0,0.0,0.0,1.0,1.0,21,1.0,1.0,2,6386.737,1,1.0,False,False,True,,True,target_roles,True,False,,2,recommendation,target_roles,False,False,False,False,-2.0
run-ed9537d5770df645,SC-B-03,full,0,clarification,hard,none,low,recommendation,True,5,1.0,1.0,3.0,1.0,0.0,0.0,0.0,1.0,1.0,21,1.0,1.0,2,6597.438,1,1.0,False,False,True,,True,target_roles,True,False,,2,recommendation,target_roles,False,False,False,False,-2.0
run-06b58a1e417cf5bc,SC-B-03,full,1,clarification,hard,none,low,recommendation,True,5,1.0,1.0,3.0,1.0,0.0,0.0,0.0,1.0,1.0,21,1.0,1.0,2,7511.568,1,1.0,False,False,True,,True,target_roles,True,False,,2,recommendation,target_roles,False,False,False,False,-2.0
run-8c17d22b2af74373,SC-B-03,full,2,clarification,hard,none,low,recommendation,True,5,1.0,1.0,3.0,1.0,0.0,0.0,0.0,1.0,1.0,21,1.0,1.0,2,7390.849,1,1.0,False,False,True,,True,target_roles,True,False,,2,recommendation,target_roles,False,False,False,False,-2.0
run-cdd9e420733676d3,SC-B-04,full,0,clarification,medium,none,low,recommendation,True,5,0.8573424901769817,0.8,1.8,1.0,0.0,0.0,0.0,1.0,1.0,30,1.0,1.0,2,6849.905,1,1.0,False,False,True,,True,target_roles,True,False,,2,recommendation,target_roles,False,False,False,False,-2.0
run-bc0805fd9d103f07,SC-B-04,full,1,clarification,medium,none,low,recommendation,True,5,0.8573424901769817,0.8,1.8,1.0,0.0,0.0,0.0,1.0,1.0,30,1.0,1.0,2,5835.321,1,1.0,False,False,True,,True,target_roles,True,False,,2,recommendation,target_roles,False,False,False,False,-2.0
run-5eec67b72e4d0507,SC-B-04,full,2,clarification,medium,none,low,recommendation,True,5,0.8573424901769817,0.8,1.8,1.0,0.0,0.0,0.0,1.0,1.0,30,1.0,1.0,2,6779.562,1,1.0,False,False,True,,True,target_roles,True,False,,2,recommendation,target_roles,False,False,False,False,-2.0
run-7b0d77035a5bfe34,SC-B-05,full,0,clarification,medium,none,low,recommendation,True,5,1.0,1.0,3.0,1.0,0.0,0.0,0.0,1.0,1.0,19,1.0,1.0,2,6288.557,1,1.0,False,False,True,,True,target_roles,True,False,,2,recommendation,target_roles,False,False,False,False,-2.0
run-da0dae6ef4e14b0e,SC-B-05,full,1,clarification,medium,none,low,recommendation,True,5,1.0,1.0,3.0,1.0,0.0,0.0,0.0,1.0,1.0,19,1.0,1.0,2,5543.307,1,1.0,False,False,True,,True,target_roles,True,False,,2,recommendation,target_roles,False,False,False,False,-2.0
run-09f5933ae2605c57,SC-B-05,full,2,clarification,medium,none,low,recommendation,True,5,1.0,1.0,3.0,1.0,0.0,0.0,0.0,1.0,1.0,19,1.0,1.0,2,6175.178,1,1.0,False,False,True,,True,target_roles,True,False,,2,recommendation,target_roles,False,False,False,False,-2.0
run-c790fca991f34490,SC-C-01,full,0,profile_dialogue_conflict,medium,medium,high,recommendation,True,5,0.8050102282292517,1.0,2.4,1.0,0.0,0.0,0.0,1.0,1.0,28,1.0,1.0,1,9553.216,1,1.0,False,False,False,,False,,False,False,,1,recommendation,,False,False,False,False,-1.0
run-d1e069d21e484768,SC-C-01,full,1,profile_dialogue_conflict,medium,medium,high,recommendation,True,5,0.8050102282292517,1.0,2.4,1.0,0.0,0.0,0.0,1.0,1.0,28,1.0,1.0,1,7903.918,1,1.0,False,False,False,,False,,False,False,,1,recommendation,,False,False,False,False,-1.0
run-c0289fb7227d8bab,SC-C-01,full,2,profile_dialogue_conflict,medium,medium,high,recommendation,True,5,0.8050102282292517,1.0,2.4,1.0,0.0,0.0,0.0,1.0,1.0,28,1.0,1.0,1,7598.857,1,1.0,False,False,False,,False,,False,False,,1,recommendation,,False,False,False,False,-1.0
run-d1ffaf9eba7efdc0,SC-C-02,full,0,profile_dialogue_conflict,medium,medium,medium,recommendation,True,5,1.0,1.0,2.0,1.0,0.0,0.0,0.0,1.0,1.0,29,1.0,1.0,1,8034.484,1,1.0,False,False,False,,False,,False,False,,1,recommendation,,False,False,False,False,-1.0
run-e60bcfbe2e194cd5,SC-C-02,full,1,profile_dialogue_conflict,medium,medium,medium,recommendation,True,5,1.0,1.0,2.0,1.0,0.0,0.0,0.0,1.0,1.0,29,1.0,1.0,1,9871.93,1,1.0,False,False,False,,False,,False,False,,1,recommendation,,False,False,False,False,-1.0
run-60a7b43b739c703f,SC-C-02,full,2,profile_dialogue_conflict,medium,medium,medium,recommendation,True,5,1.0,1.0,2.0,1.0,0.0,0.0,0.0,1.0,1.0,24,1.0,1.0,1,7748.758,1,1.0,False,False,False,,False,,False,False,,1,recommendation,,False,False,False,False,-1.0
run-366d9b84a13e0ce7,SC-C-03,full,0,profile_dialogue_conflict,hard,medium,high,recommendation,True,5,0.90976723004651,1.0,2.6,1.0,0.0,0.0,0.0,1.0,1.0,26,1.0,1.0,1,8283.87,1,1.0,False,False,False,,False,,False,False,,1,recommendation,,False,False,False,False,-1.0
run-f00311779b86ce39,SC-C-03,full,1,profile_dialogue_conflict,hard,medium,high,recommendation,True,5,0.90976723004651,1.0,2.6,1.0,0.0,0.0,0.0,1.0,1.0,26,1.0,1.0,1,8900.348,1,1.0,False,False,False,,False,,False,False,,1,recommendation,,False,False,False,False,-1.0
run-c3a7645b5bce05c5,SC-C-03,full,2,profile_dialogue_conflict,hard,medium,high,recommendation,True,5,0.90976723004651,1.0,2.6,1.0,0.0,0.0,0.0,1.0,1.0,26,1.0,1.0,1,8734.433,1,1.0,False,False,False,,False,,False,False,,1,recommendation,,False,False,False,False,-1.0
run-0b79029d0e7270cf,SC-C-04,full,0,profile_dialogue_conflict,medium,medium,high,recommendation,True,3,0.8587958726494572,1.0,3.0,1.0,0.0,0.0,0.0,1.0,1.0,17,1.0,1.0,1,8601.921,1,1.0,False,False,False,,False,,False,False,,1,recommendation,,False,False,False,False,-1.0
run-25926c54b4212339,SC-C-04,full,1,profile_dialogue_conflict,medium,medium,high,recommendation,True,3,0.8587958726494572,1.0,3.0,1.0,0.0,0.0,0.0,1.0,1.0,17,1.0,1.0,1,7684.251,1,1.0,False,False,False,,False,,False,False,,1,recommendation,,False,False,False,False,-1.0
run-44066776baa30f45,SC-C-04,full,2,profile_dialogue_conflict,medium,medium,high,recommendation,True,3,0.8587958726494572,1.0,3.0,1.0,0.0,0.0,0.0,1.0,1.0,17,1.0,1.0,1,9362.388,1,1.0,False,False,False,,False,,False,False,,1,recommendation,,False,False,False,False,-1.0
run-fa16213121d7183a,SC-C-05,full,0,profile_dialogue_conflict,medium,low,medium,recommendation,True,5,1.0,1.0,3.0,1.0,0.0,0.0,0.0,1.0,1.0,23,1.0,1.0,1,9431.567,1,1.0,False,False,False,,False,,False,False,,1,recommendation,,False,False,False,False,-1.0
run-0610fe516da64e8e,SC-C-05,full,1,profile_dialogue_conflict,medium,low,medium,recommendation,True,5,1.0,1.0,3.0,1.0,0.0,0.0,0.0,1.0,1.0,23,1.0,1.0,1,12635.147,1,1.0,False,False,False,,False,,False,False,,1,recommendation,,False,False,False,False,-1.0
run-8ba88ad172dd4c57,SC-C-05,full,2,profile_dialogue_conflict,medium,low,medium,recommendation,True,5,1.0,1.0,3.0,1.0,0.0,0.0,0.0,1.0,1.0,23,1.0,1.0,1,8050.922,1,1.0,False,False,False,,False,,False,False,,1,recommendation,,False,False,False,False,-1.0
run-dbc5b6d6ddb977ea,SC-D-01,full,0,preference_change,medium,high,high,recommendation,True,5,1.0,1.0,3.0,1.0,0.0,0.0,0.0,1.0,1.0,26,1.0,1.0,2,6399.661,1,1.0,False,False,False,,False,,False,False,,2,recommendation,,False,False,False,False,-2.0
run-423b2470b59bb090,SC-D-01,full,1,preference_change,medium,high,high,recommendation,True,5,1.0,1.0,3.0,1.0,0.0,0.0,0.0,1.0,1.0,26,1.0,1.0,2,7070.442,1,1.0,False,False,False,,False,,False,False,,2,recommendation,,False,False,False,False,-2.0
run-3c7a8ff61fafd1d5,SC-D-01,full,2,preference_change,medium,high,high,recommendation,True,5,1.0,1.0,3.0,1.0,0.0,0.0,0.0,1.0,1.0,26,1.0,1.0,2,6725.759,1,1.0,False,False,False,,False,,False,False,,2,recommendation,,False,False,False,False,-2.0
run-d7dcb70108ee1327,SC-D-02,full,0,preference_change,medium,high,medium,recommendation,True,5,0.5531464700081438,0.4,0.8,0.4,0.6,0.2,0.0,1.0,1.0,31,1.0,1.0,2,7820.975,0,0.75,False,False,False,,False,,False,False,,2,recommendation,,False,False,False,False,-2.0
run-c80c135693e7f58c,SC-D-02,full,1,preference_change,medium,high,medium,recommendation,True,5,0.5531464700081438,0.4,0.8,0.4,0.6,0.2,0.0,1.0,1.0,31,1.0,1.0,2,8598.521,0,0.75,False,False,False,,False,,False,False,,2,recommendation,,False,False,False,False,-2.0
run-5250ee397a530baa,SC-D-02,full,2,preference_change,medium,high,medium,recommendation,True,5,0.5531464700081438,0.4,0.8,0.4,0.6,0.2,0.0,1.0,1.0,31,1.0,1.0,2,7141.724,0,0.75,False,False,False,,False,,False,False,,2,recommendation,,False,False,False,False,-2.0
run-35e5a0fec79a1897,SC-D-03,full,0,preference_change,hard,high,high,recommendation,True,5,1.0,1.0,3.0,1.0,0.0,0.0,0.0,1.0,1.0,26,1.0,1.0,2,6568.489,1,1.0,False,False,False,,False,,False,False,,2,recommendation,,False,False,False,False,-2.0
run-467644b202618913,SC-D-03,full,1,preference_change,hard,high,high,recommendation,True,5,1.0,1.0,3.0,1.0,0.0,0.0,0.0,1.0,1.0,26,1.0,1.0,2,7179.071,1,1.0,False,False,False,,False,,False,False,,2,recommendation,,False,False,False,False,-2.0
run-e77108d3a3ab73a7,SC-D-03,full,2,preference_change,hard,high,high,recommendation,True,5,1.0,1.0,3.0,1.0,0.0,0.0,0.0,1.0,1.0,26,1.0,1.0,2,6033.417,1,1.0,False,False,False,,False,,False,False,,2,recommendation,,False,False,False,False,-2.0
run-435a3ca21c1fb052,SC-D-04,full,0,preference_change,medium,high,medium,recommendation,True,5,1.0,1.0,3.0,1.0,0.0,0.0,0.0,1.0,1.0,28,1.0,1.0,2,7017.455,1,1.0,False,False,False,,False,,False,False,,2,recommendation,,False,False,False,False,-2.0
run-c716ee0a517274a5,SC-D-04,full,1,preference_change,medium,high,medium,recommendation,True,5,1.0,1.0,3.0,1.0,0.0,0.0,0.0,1.0,1.0,28,1.0,1.0,2,7817.218,1,1.0,False,False,False,,False,,False,False,,2,recommendation,,False,False,False,False,-2.0
run-26a1fb91a8471983,SC-D-04,full,2,preference_change,medium,high,medium,recommendation,True,5,1.0,1.0,3.0,1.0,0.0,0.0,0.0,1.0,1.0,28,1.0,1.0,2,7173.692,1,1.0,False,False,False,,False,,False,False,,2,recommendation,,False,False,False,False,-2.0
run-ce16bad52e6c0b02,SC-D-05,full,0,preference_change,medium,high,high,recommendation,True,5,1.0,1.0,3.0,1.0,0.0,0.0,0.0,1.0,1.0,20,1.0,1.0,2,6277.185,1,1.0,False,False,False,,False,,False,False,,2,recommendation,,False,False,False,False,-2.0
run-e534e29312b47782,SC-D-05,full,1,preference_change,medium,high,high,recommendation,True,5,1.0,1.0,3.0,1.0,0.0,0.0,0.0,1.0,1.0,20,1.0,1.0,2,7311.541,1,1.0,False,False,False,,False,,False,False,,2,recommendation,,False,False,False,False,-2.0
run-1504c7880ab5fe9b,SC-D-05,full,2,preference_change,medium,high,high,recommendation,True,5,1.0,1.0,3.0,1.0,0.0,0.0,0.0,1.0,1.0,20,1.0,1.0,2,7359.347,1,1.0,False,False,False,,False,,False,False,,2,recommendation,,False,False,False,False,-2.0
run-2cdd385b99c5ffab,SC-D-06,full,0,preference_change,medium,high,medium,recommendation,True,5,1.0,1.0,3.0,1.0,0.0,0.0,0.0,1.0,1.0,28,1.0,1.0,2,7102.249,1,1.0,False,False,False,,False,,False,False,,2,recommendation,,False,False,False,False,-2.0
run-1eb4d3058e8b4165,SC-D-06,full,1,preference_change,medium,high,medium,recommendation,True,5,1.0,1.0,3.0,1.0,0.0,0.0,0.0,1.0,1.0,28,1.0,1.0,2,8982.212,1,1.0,False,False,False,,False,,False,False,,2,recommendation,,False,False,False,False,-2.0
run-44795ad47ee841b5,SC-D-06,full,2,preference_change,medium,high,medium,recommendation,True,5,1.0,1.0,3.0,1.0,0.0,0.0,0.0,1.0,1.0,28,1.0,1.0,2,8614.43,1,1.0,False,False,False,,False,,False,False,,2,recommendation,,False,False,False,False,-2.0
run-658714b50f7dcf72,SC-D-07,full,0,preference_change,medium,high,medium,recommendation,True,5,1.0,1.0,3.0,1.0,0.0,0.0,0.0,1.0,1.0,21,1.0,1.0,2,7077.694,1,1.0,False,False,False,,False,,False,False,,2,recommendation,,False,False,False,False,-2.0
run-fe9d069fc2639eb1,SC-D-07,full,1,preference_change,medium,high,medium,recommendation,True,5,1.0,1.0,3.0,1.0,0.0,0.0,0.0,1.0,1.0,21,1.0,1.0,2,6959.157,1,1.0,False,False,False,,False,,False,False,,2,recommendation,,False,False,False,False,-2.0
run-b8132731fc0cfffd,SC-D-07,full,2,preference_change,medium,high,medium,recommendation,True,5,1.0,1.0,3.0,1.0,0.0,0.0,0.0,1.0,1.0,22,1.0,1.0,2,8097.948,1,1.0,False,False,False,,False,,False,False,,2,recommendation,,False,False,False,False,-2.0
run-ca153d14d78024b3,SC-D-08,full,0,preference_change,medium,high,medium,recommendation,True,5,1.0,1.0,3.0,1.0,0.0,0.0,0.0,1.0,1.0,28,1.0,1.0,2,8973.466,1,1.0,False,False,False,,False,,False,False,,2,recommendation,,False,False,False,False,-2.0
run-4ed083db5c776e31,SC-D-08,full,1,preference_change,medium,high,medium,recommendation,True,5,1.0,1.0,3.0,1.0,0.0,0.0,0.0,1.0,1.0,28,1.0,1.0,2,8504.942,1,1.0,False,False,False,,False,,False,False,,2,recommendation,,False,False,False,False,-2.0
run-4e9be5773d88a29c,SC-D-08,full,2,preference_change,medium,high,medium,recommendation,True,5,1.0,1.0,3.0,1.0,0.0,0.0,0.0,1.0,1.0,28,1.0,1.0,2,8536.826,1,1.0,False,False,False,,False,,False,False,,2,recommendation,,False,False,False,False,-2.0
run-e64dd34bde5d922f,SC-D-09,full,0,preference_change,hard,high,medium,no_match,True,0,,,,,,,,,1.0,3,1.0,1.0,2,8260.333,0,0.25,False,True,False,,False,,False,False,,2,no_match,,False,False,False,False,-2.0
run-562364c7cc0f8221,SC-D-09,full,1,preference_change,hard,high,medium,recommendation,True,5,0.8415580415114009,1.0,2.6,1.0,0.0,0.0,0.0,1.0,1.0,24,1.0,1.0,2,8726.869,1,1.0,False,False,False,,False,,False,False,,2,recommendation,,False,False,False,False,-2.0
run-384f3e2c3c9fed7e,SC-D-09,full,2,preference_change,hard,high,medium,no_match,True,0,,,,,,,,,1.0,3,1.0,1.0,2,7401.812,0,0.25,False,True,False,,False,,False,False,,2,no_match,,False,False,False,False,-2.0
run-fa5b0e57c79cd9de,SC-D-10,full,0,preference_change,medium,high,medium,recommendation,True,5,1.0,1.0,3.0,1.0,0.0,0.0,0.0,1.0,1.0,23,1.0,1.0,2,6829.673,1,1.0,False,False,False,,False,,False,False,,2,recommendation,,False,False,False,False,-2.0
run-6bbe7e02aede4db3,SC-D-10,full,1,preference_change,medium,high,medium,recommendation,True,5,1.0,1.0,3.0,1.0,0.0,0.0,0.0,1.0,1.0,23,1.0,1.0,2,6697.52,1,1.0,False,False,False,,False,,False,False,,2,recommendation,,False,False,False,False,-2.0
run-e6bbd53ed9830885,SC-D-10,full,2,preference_change,medium,high,medium,recommendation,True,5,1.0,1.0,3.0,1.0,0.0,0.0,0.0,1.0,1.0,23,1.0,1.0,2,8248.688,1,1.0,False,False,False,,False,,False,False,,2,recommendation,,False,False,False,False,-2.0
run-78a6e5d57c12187f,SC-D-11,full,0,preference_change,medium,high,medium,recommendation,True,5,0.9250256699929476,1.0,2.8,1.0,0.0,0.0,0.0,1.0,1.0,27,1.0,1.0,3,7098.775,1,1.0,False,False,False,,False,,False,False,,3,recommendation,,False,False,False,False,-3.0
run-f71b05551c8c4e33,SC-D-11,full,1,preference_change,medium,high,medium,recommendation,True,5,0.9250256699929476,1.0,2.8,1.0,0.0,0.0,0.0,1.0,1.0,27,1.0,1.0,3,7156.841,1,1.0,False,False,False,,False,,False,False,,3,recommendation,,False,False,False,False,-3.0
run-2f7b8b5e01446592,SC-D-11,full,2,preference_change,medium,high,medium,recommendation,True,5,0.9250256699929476,1.0,2.8,1.0,0.0,0.0,0.0,1.0,1.0,27,1.0,1.0,3,7067.384,1,1.0,False,False,False,,False,,False,False,,3,recommendation,,False,False,False,False,-3.0
run-a091e1b16f8e5f86,SC-D-12,full,0,preference_change,hard,high,high,recommendation,True,5,0.90976723004651,1.0,2.6,1.0,0.0,0.0,0.0,1.0,1.0,28,1.0,1.0,3,7282.092,1,1.0,False,False,False,,False,,False,False,,3,recommendation,,False,False,False,False,-3.0
run-7ddd212d5bc2b0f5,SC-D-12,full,1,preference_change,hard,high,high,recommendation,True,5,0.90976723004651,1.0,2.6,1.0,0.0,0.0,0.0,1.0,1.0,28,1.0,1.0,3,7334.756,1,1.0,False,False,False,,False,,False,False,,3,recommendation,,False,False,False,False,-3.0
run-e6832504c7a2af80,SC-D-12,full,2,preference_change,hard,high,high,recommendation,True,2,0.5979795890554701,1.0,3.0,1.0,0.0,0.0,0.0,1.0,1.0,13,1.0,1.0,3,7255.481,1,1.0,False,False,False,,False,,False,False,,3,recommendation,,False,False,False,False,-3.0
run-151dd613db4c0b75,SC-E-01,full,0,multiple_hard,hard,none,high,recommendation,True,2,0.9580414003446834,1.0,3.0,1.0,0.0,0.0,0.0,1.0,1.0,13,1.0,1.0,1,8439.312,1,1.0,False,False,False,,False,,False,False,,1,recommendation,,False,False,False,False,-1.0
run-0d4e9a6840f88259,SC-E-01,full,1,multiple_hard,hard,none,high,recommendation,True,2,0.9580414003446834,1.0,3.0,1.0,0.0,0.0,0.0,1.0,1.0,13,1.0,1.0,1,9134.012,1,1.0,False,False,False,,False,,False,False,,1,recommendation,,False,False,False,False,-1.0
run-536e34dc5474c42c,SC-E-01,full,2,multiple_hard,hard,none,high,recommendation,True,2,0.9580414003446834,1.0,3.0,1.0,0.0,0.0,0.0,1.0,1.0,13,1.0,1.0,1,9263.743,1,1.0,False,False,False,,False,,False,False,,1,recommendation,,False,False,False,False,-1.0
run-2d38d50963937647,SC-E-02,full,0,multiple_hard,hard,none,high,no_match,True,0,,,,,,,,,1.0,4,1.0,1.0,1,10178.291,1,1.0,True,True,False,,False,,False,False,,1,no_match,,False,False,False,False,-1.0
run-c52e1ce7d84eb647,SC-E-02,full,1,multiple_hard,hard,none,high,no_match,True,0,,,,,,,,,1.0,4,1.0,1.0,1,7641.886,1,1.0,True,True,False,,False,,False,False,,1,no_match,,False,False,False,False,-1.0
run-6f7ae653bbad2410,SC-E-02,full,2,multiple_hard,hard,none,high,no_match,True,0,,,,,,,,,1.0,4,1.0,1.0,1,8023.398,1,1.0,True,True,False,,False,,False,False,,1,no_match,,False,False,False,False,-1.0
run-56bee7b22134ea8d,SC-E-03,full,0,multiple_hard,hard,none,high,recommendation,True,2,0.7428223494387413,1.0,3.0,1.0,0.0,0.0,0.0,1.0,1.0,13,1.0,1.0,1,9154.389,1,1.0,False,False,False,,False,,False,False,,1,recommendation,,False,False,False,False,-1.0
run-51ac77c4b43b494e,SC-E-03,full,1,multiple_hard,hard,none,high,recommendation,True,2,0.7428223494387413,1.0,3.0,1.0,0.0,0.0,0.0,1.0,1.0,13,1.0,1.0,1,10610.463,1,1.0,False,False,False,,False,,False,False,,1,recommendation,,False,False,False,False,-1.0
run-19f0d93d2496f798,SC-E-03,full,2,multiple_hard,hard,none,high,recommendation,True,2,0.7428223494387413,1.0,3.0,1.0,0.0,0.0,0.0,1.0,1.0,13,1.0,1.0,1,7742.04,1,1.0,False,False,False,,False,,False,False,,1,recommendation,,False,False,False,False,-1.0
run-74416943b22b41ea,SC-E-04,full,0,multiple_hard,hard,none,high,no_match,True,0,,,,,,,,,1.0,3,1.0,1.0,1,8510.186,1,1.0,True,True,False,,False,,False,False,,1,no_match,,False,False,False,False,-1.0
run-a2ec08b797d4ef5b,SC-E-04,full,1,multiple_hard,hard,none,high,no_match,True,0,,,,,,,,,1.0,3,1.0,1.0,1,7818.83,1,1.0,True,True,False,,False,,False,False,,1,no_match,,False,False,False,False,-1.0
run-1a8a584176437a58,SC-E-04,full,2,multiple_hard,hard,none,high,no_match,True,0,,,,,,,,,1.0,4,1.0,1.0,1,8978.675,1,1.0,True,True,False,,False,,False,False,,1,no_match,,False,False,False,False,-1.0
run-f7d8b48c89339af0,SC-E-05,full,0,multiple_hard,hard,none,high,recommendation,True,2,0.9072836011519267,1.0,2.0,1.0,0.0,0.0,0.0,1.0,1.0,11,1.0,1.0,1,8411.57,1,1.0,False,False,False,,False,,False,False,,1,recommendation,,False,False,False,False,-1.0
run-e734e0b925cd068f,SC-E-05,full,1,multiple_hard,hard,none,high,recommendation,True,2,0.9072836011519267,1.0,2.0,1.0,0.0,0.0,0.0,1.0,1.0,11,1.0,1.0,1,34088.387,1,1.0,False,False,False,,False,,False,False,,1,recommendation,,False,False,False,False,-1.0
run-af9a3a23e2f7667d,SC-E-05,full,2,multiple_hard,hard,none,high,recommendation,True,2,0.9072836011519267,1.0,2.0,1.0,0.0,0.0,0.0,1.0,1.0,11,1.0,1.0,1,18860.601,1,1.0,False,False,False,,False,,False,False,,1,recommendation,,False,False,False,False,-1.0
run-029475872babdae9,SC-F-01,full,0,soft_tradeoff,medium,none,low,recommendation,True,5,1.0,1.0,3.0,1.0,0.0,0.0,0.0,1.0,1.0,23,1.0,1.0,1,6292.715,1,1.0,False,False,False,,False,,False,False,,1,recommendation,,False,False,False,False,-1.0
run-f1ba208589133d8f,SC-F-01,full,1,soft_tradeoff,medium,none,low,recommendation,True,5,1.0,1.0,3.0,1.0,0.0,0.0,0.0,1.0,1.0,23,1.0,1.0,1,6365.286,1,1.0,False,False,False,,False,,False,False,,1,recommendation,,False,False,False,False,-1.0
run-e30a214c5b6d8d6b,SC-F-01,full,2,soft_tradeoff,medium,none,low,recommendation,True,5,1.0,1.0,3.0,1.0,0.0,0.0,0.0,1.0,1.0,23,1.0,1.0,1,6303.492,1,1.0,False,False,False,,False,,False,False,,1,recommendation,,False,False,False,False,-1.0
run-af09b546477ff239,SC-F-02,full,0,soft_tradeoff,medium,none,low,recommendation,True,5,1.0,1.0,3.0,1.0,0.0,0.0,0.0,1.0,1.0,23,1.0,1.0,1,6638.041,1,1.0,False,False,False,,False,,False,False,,1,recommendation,,False,False,False,False,-1.0
run-3f2f4fa6b04936d6,SC-F-02,full,1,soft_tradeoff,medium,none,low,recommendation,True,5,1.0,1.0,3.0,1.0,0.0,0.0,0.0,1.0,1.0,23,1.0,1.0,1,9726.502,1,1.0,False,False,False,,False,,False,False,,1,recommendation,,False,False,False,False,-1.0
run-f96f466a872daf6d,SC-F-02,full,2,soft_tradeoff,medium,none,low,recommendation,True,5,1.0,1.0,3.0,1.0,0.0,0.0,0.0,1.0,1.0,23,1.0,1.0,1,6204.433,1,1.0,False,False,False,,False,,False,False,,1,recommendation,,False,False,False,False,-1.0
run-c6689ac6927c65f2,SC-F-03,full,0,soft_tradeoff,easy,none,low,recommendation,True,5,1.0,1.0,3.0,1.0,0.0,0.0,0.0,1.0,1.0,22,1.0,1.0,1,7423.915,1,1.0,False,False,False,,False,,False,False,,1,recommendation,,False,False,False,False,-1.0
run-ea5bb5af198cf1aa,SC-F-03,full,1,soft_tradeoff,easy,none,low,recommendation,True,5,1.0,1.0,3.0,1.0,0.0,0.0,0.0,1.0,1.0,22,1.0,1.0,1,8149.119,1,1.0,False,False,False,,False,,False,False,,1,recommendation,,False,False,False,False,-1.0
run-f03e0bc2049118cc,SC-F-03,full,2,soft_tradeoff,easy,none,low,recommendation,True,5,1.0,1.0,3.0,1.0,0.0,0.0,0.0,1.0,1.0,23,1.0,1.0,1,7330.104,1,1.0,False,False,False,,False,,False,False,,1,recommendation,,False,False,False,False,-1.0
run-80e16bbabb79786b,SC-F-04,full,0,soft_tradeoff,medium,none,low,recommendation,True,5,1.0,1.0,3.0,1.0,0.0,0.0,0.0,1.0,1.0,20,1.0,1.0,1,7412.693,1,1.0,False,False,False,,False,,False,False,,1,recommendation,,False,False,False,False,-1.0
run-d8f65f33a0758ff6,SC-F-04,full,1,soft_tradeoff,medium,none,low,recommendation,True,5,1.0,1.0,3.0,1.0,0.0,0.0,0.0,1.0,1.0,20,1.0,1.0,1,10028.714,1,1.0,False,False,False,,False,,False,False,,1,recommendation,,False,False,False,False,-1.0
run-5433f69e234838d0,SC-F-04,full,2,soft_tradeoff,medium,none,low,recommendation,True,5,1.0,1.0,3.0,1.0,0.0,0.0,0.0,1.0,1.0,20,1.0,1.0,1,6681.874,1,1.0,False,False,False,,False,,False,False,,1,recommendation,,False,False,False,False,-1.0
run-c2538b7cf168de01,SC-G-01,full,0,ambiguous_role,hard,none,low,recommendation,True,5,0.3316685127789668,0.8,1.8,1.0,0.0,0.0,0.0,1.0,1.0,29,1.0,1.0,1,8297.257,0,0.5,False,False,True,,False,,False,False,,1,recommendation,target_roles,False,False,False,False,-1000001.0
run-79ab46885b5bb1b3,SC-G-01,full,1,ambiguous_role,hard,none,low,recommendation,True,5,0.3316685127789668,0.8,1.8,1.0,0.0,0.0,0.0,1.0,1.0,29,1.0,1.0,1,8359.408,0,0.5,False,False,True,,False,,False,False,,1,recommendation,target_roles,False,False,False,False,-1000001.0
run-3abf3aba8f041a74,SC-G-01,full,2,ambiguous_role,hard,none,low,recommendation,True,5,0.3316685127789668,0.8,1.8,1.0,0.0,0.0,0.0,1.0,1.0,29,1.0,1.0,1,6767.541,0,0.5,False,False,True,,False,,False,False,,1,recommendation,target_roles,False,False,False,False,-1000001.0
run-1eae365c45586ca8,SC-G-02,full,0,ambiguous_role,hard,none,low,recommendation,True,5,0.6477522099264775,1.0,2.4,1.0,0.0,0.0,0.0,1.0,1.0,16,1.0,1.0,1,5999.367,0,0.5,False,False,True,,False,,False,False,,1,recommendation,target_roles,False,False,False,False,-1000001.0
run-c5cb85dc57a63daf,SC-G-02,full,1,ambiguous_role,hard,none,low,recommendation,True,5,0.6477522099264775,1.0,2.4,1.0,0.0,0.0,0.0,1.0,1.0,16,1.0,1.0,1,6621.922,0,0.5,False,False,True,,False,,False,False,,1,recommendation,target_roles,False,False,False,False,-1000001.0
run-689710f6988795c5,SC-G-02,full,2,ambiguous_role,hard,none,low,recommendation,True,5,0.6477522099264775,1.0,2.4,1.0,0.0,0.0,0.0,1.0,1.0,16,1.0,1.0,1,6077.341,0,0.5,False,False,True,,False,,False,False,,1,recommendation,target_roles,False,False,False,False,-1000001.0
run-4ce3d424fc9a9687,SC-H-01,full,0,no_match,hard,none,high,no_match,True,0,,,,,,,,,1.0,3,1.0,1.0,1,7885.365,1,1.0,True,True,False,,False,,False,False,,1,no_match,,False,False,False,False,-1.0
run-51e423956a1db8b8,SC-H-01,full,1,no_match,hard,none,high,no_match,True,0,,,,,,,,,1.0,3,1.0,1.0,1,7896.543,1,1.0,True,True,False,,False,,False,False,,1,no_match,,False,False,False,False,-1.0
run-4c4d08a0bffb27fa,SC-H-01,full,2,no_match,hard,none,high,no_match,True,0,,,,,,,,,1.0,3,1.0,1.0,1,10347.757,1,1.0,True,True,False,,False,,False,False,,1,no_match,,False,False,False,False,-1.0
run-b09d44340ec4e43d,SC-H-02,full,0,no_match,hard,none,high,no_match,True,0,,,,,,,,,1.0,3,1.0,1.0,1,15734.23,1,1.0,True,True,False,,False,,False,False,,1,no_match,,False,False,False,False,-1.0
run-f4bc3fa1a4deed54,SC-H-02,full,1,no_match,hard,none,high,no_match,True,0,,,,,,,,,1.0,3,1.0,1.0,1,13974.355,1,1.0,True,True,False,,False,,False,False,,1,no_match,,False,False,False,False,-1.0
run-9222e39a55717927,SC-H-02,full,2,no_match,hard,none,high,recommendation,True,5,,,,0.0,2.0,0.06666666666666667,0.0,1.0,1.0,22,1.0,1.0,1,17499.724,0,0.5,True,False,False,,False,,False,False,,1,recommendation,,False,False,False,False,-1.0
run-efe7a477d7418cc3,SC-H-03,full,0,no_match,hard,none,high,no_match,True,0,,,,,,,,,1.0,3,1.0,1.0,1,8412.201,1,1.0,True,True,False,,False,,False,False,,1,no_match,,False,False,False,False,-1.0
run-e6ddfe5eeaf14270,SC-H-03,full,1,no_match,hard,none,high,no_match,True,0,,,,,,,,,1.0,3,1.0,1.0,1,8415.363,1,1.0,True,True,False,,False,,False,False,,1,no_match,,False,False,False,False,-1.0
run-3f87414f86316cea,SC-H-03,full,2,no_match,hard,none,high,no_match,True,0,,,,,,,,,1.0,3,1.0,1.0,1,7795.263,1,1.0,True,True,False,,False,,False,False,,1,no_match,,False,False,False,False,-1.0
run-f98777333a73465d,SC-A-01,no_context,0,complete,easy,none,medium,recommendation,True,5,1.0,1.0,3.0,1.0,0.0,0.0,0.0,1.0,1.0,28,1.0,1.0,1,7424.097,1,1.0,False,False,False,,False,,False,False,,1,recommendation,,False,False,False,False,-1.0
run-eab7ac0041ee3601,SC-A-01,no_context,1,complete,easy,none,medium,recommendation,True,5,1.0,1.0,3.0,1.0,0.0,0.0,0.0,1.0,1.0,28,1.0,1.0,1,7814.309,1,1.0,False,False,False,,False,,False,False,,1,recommendation,,False,False,False,False,-1.0
run-a8e031c50e4751cc,SC-A-01,no_context,2,complete,easy,none,medium,recommendation,True,5,1.0,1.0,3.0,1.0,0.0,0.0,0.0,1.0,1.0,28,1.0,1.0,1,9618.009,1,1.0,False,False,False,,False,,False,False,,1,recommendation,,False,False,False,False,-1.0
run-035bcffd6695dffc,SC-A-02,no_context,0,complete,easy,none,medium,recommendation,True,5,0.7860137352654724,0.8,2.4,0.8,0.2,0.0,0.2,1.0,1.0,21,1.0,1.0,1,8487.372,0,0.75,False,False,False,,False,,False,False,,1,recommendation,,False,False,False,False,-1.0
run-69b149f2170a3033,SC-A-02,no_context,1,complete,easy,none,medium,recommendation,True,5,0.7860137352654724,0.8,2.4,0.8,0.2,0.0,0.2,1.0,1.0,21,1.0,1.0,1,7030.081,0,0.75,False,False,False,,False,,False,False,,1,recommendation,,False,False,False,False,-1.0
run-58f083394ba3ebd7,SC-A-02,no_context,2,complete,easy,none,medium,recommendation,True,5,0.7860137352654724,0.8,2.4,0.8,0.2,0.0,0.2,1.0,1.0,21,1.0,1.0,1,8473.401,0,0.75,False,False,False,,False,,False,False,,1,recommendation,,False,False,False,False,-1.0
run-81b5dfe1d7bdc41f,SC-A-03,no_context,0,complete,easy,none,medium,recommendation,True,5,0.8687949224876581,0.8,2.4,0.8,0.2,0.0,0.2,1.0,1.0,28,1.0,1.0,1,10617.166,0,0.75,False,False,False,,False,,False,False,,1,recommendation,,False,False,False,False,-1.0
run-c5ad9e986707e999,SC-A-03,no_context,1,complete,easy,none,medium,recommendation,True,5,0.8687949224876581,0.8,2.4,0.8,0.2,0.0,0.2,1.0,1.0,28,1.0,1.0,1,7953.629,0,0.75,False,False,False,,False,,False,False,,1,recommendation,,False,False,False,False,-1.0
run-3a56a98b9fca05ac,SC-A-03,no_context,2,complete,easy,none,medium,recommendation,True,5,0.8687949224876581,0.8,2.4,0.8,0.2,0.0,0.2,1.0,1.0,28,1.0,1.0,1,7872.498,0,0.75,False,False,False,,False,,False,False,,1,recommendation,,False,False,False,False,-1.0
run-aeed5f76cc765aa0,SC-A-04,no_context,0,complete,medium,none,medium,recommendation,True,5,0.5147714448836774,0.6,1.8,0.6,0.4,0.1,0.2,1.0,1.0,23,1.0,1.0,1,11707.129,0,0.75,False,False,False,,False,,False,False,,1,recommendation,,False,False,False,False,-1.0
run-a5116cbe6ca37655,SC-A-04,no_context,1,complete,medium,none,medium,recommendation,True,5,0.5147714448836774,0.6,1.8,0.6,0.4,0.1,0.2,1.0,1.0,23,1.0,1.0,1,7661.284,0,0.75,False,False,False,,False,,False,False,,1,recommendation,,False,False,False,False,-1.0
run-e4921efa410eb974,SC-A-04,no_context,2,complete,medium,none,medium,recommendation,True,5,0.5147714448836774,0.6,1.8,0.6,0.4,0.1,0.2,1.0,1.0,23,1.0,1.0,1,8529.429,0,0.75,False,False,False,,False,,False,False,,1,recommendation,,False,False,False,False,-1.0
run-41dd9886d0b945f2,SC-A-05,no_context,0,complete,easy,none,medium,recommendation,True,5,0.6608397947263838,0.8,2.4,0.8,0.4,0.1,0.2,1.0,1.0,23,1.0,1.0,1,8276.661,0,0.75,False,False,False,,False,,False,False,,1,recommendation,,False,False,False,False,-1.0
run-b941057ad9b029d8,SC-A-05,no_context,1,complete,easy,none,medium,recommendation,True,5,0.6608397947263838,0.8,2.4,0.8,0.4,0.1,0.2,1.0,1.0,23,1.0,1.0,1,7595.274,0,0.75,False,False,False,,False,,False,False,,1,recommendation,,False,False,False,False,-1.0
run-ab2704f39a0c54db,SC-A-05,no_context,2,complete,easy,none,medium,recommendation,True,5,0.6608397947263838,0.8,2.4,0.8,0.4,0.1,0.2,1.0,1.0,23,1.0,1.0,1,7417.573,0,0.75,False,False,False,,False,,False,False,,1,recommendation,,False,False,False,False,-1.0
run-3b4113931133a1ac,SC-A-06,no_context,0,complete,medium,none,medium,recommendation,True,5,0.49125969208957576,0.6,1.8,0.6,0.4,0.1,0.2,1.0,1.0,27,1.0,1.0,1,9150.215,0,0.75,False,False,False,,False,,False,False,,1,recommendation,,False,False,False,False,-1.0
run-6d3c1cec155425d8,SC-A-06,no_context,1,complete,medium,none,medium,recommendation,True,5,0.49125969208957576,0.6,1.8,0.6,0.4,0.1,0.2,1.0,1.0,27,1.0,1.0,1,9062.962,0,0.75,False,False,False,,False,,False,False,,1,recommendation,,False,False,False,False,-1.0
run-1a751aaf18a90e86,SC-A-06,no_context,2,complete,medium,none,medium,recommendation,True,5,0.49125969208957576,0.6,1.8,0.6,0.4,0.1,0.2,1.0,1.0,27,1.0,1.0,1,7750.307,0,0.75,False,False,False,,False,,False,False,,1,recommendation,,False,False,False,False,-1.0
run-6a2f25eb80c455a6,SC-B-01,no_context,0,clarification,medium,none,low,recommendation,True,5,1.0,1.0,2.0,1.0,0.0,0.0,0.0,1.0,1.0,31,1.0,1.0,2,5674.033,1,1.0,False,False,True,,True,target_roles,True,False,,2,recommendation,target_roles,False,False,False,False,-2.0
run-a85ef3efeb3d4b29,SC-B-01,no_context,1,clarification,medium,none,low,recommendation,True,5,1.0,1.0,2.0,1.0,0.0,0.0,0.0,1.0,1.0,31,1.0,1.0,2,7034.22,1,1.0,False,False,True,,True,target_roles,True,False,,2,recommendation,target_roles,False,False,False,False,-2.0
run-811bec07f8ca8a12,SC-B-01,no_context,2,clarification,medium,none,low,recommendation,True,5,1.0,1.0,2.0,1.0,0.0,0.0,0.0,1.0,1.0,31,1.0,1.0,2,5604.613,1,1.0,False,False,True,,True,target_roles,True,False,,2,recommendation,target_roles,False,False,False,False,-2.0
run-19e85289010d4ab5,SC-B-02,no_context,0,clarification,medium,none,low,recommendation,True,5,0.529634717214042,0.6,1.8,0.6,0.4,0.0,0.4,1.0,1.0,22,1.0,1.0,2,5837.665,0,0.75,False,False,True,,True,target_roles,True,False,,2,recommendation,target_roles,False,False,False,False,-2.0
run-9903145e09ec0cc2,SC-B-02,no_context,1,clarification,medium,none,low,recommendation,True,5,0.529634717214042,0.6,1.8,0.6,0.4,0.0,0.4,1.0,1.0,22,1.0,1.0,2,6675.782,0,0.75,False,False,True,,True,target_roles,True,False,,2,recommendation,target_roles,False,False,False,False,-2.0
run-ffd807ddfa43b780,SC-B-02,no_context,2,clarification,medium,none,low,recommendation,True,5,0.529634717214042,0.6,1.8,0.6,0.4,0.0,0.4,1.0,1.0,22,1.0,1.0,2,5231.133,0,0.75,False,False,True,,True,target_roles,True,False,,2,recommendation,target_roles,False,False,False,False,-2.0
run-64568f23ab90d22e,SC-B-03,no_context,0,clarification,hard,none,low,recommendation,True,5,0.8539316501572934,0.8,2.4,0.8,0.2,0.0,0.2,1.0,1.0,20,1.0,1.0,2,6718.644,0,0.75,False,False,True,,True,target_roles,True,False,,2,recommendation,target_roles,False,False,False,False,-2.0
run-7d658363e9da09d7,SC-B-03,no_context,1,clarification,hard,none,low,recommendation,True,5,0.8539316501572934,0.8,2.4,0.8,0.2,0.0,0.2,1.0,1.0,20,1.0,1.0,2,5967.696,0,0.75,False,False,True,,True,target_roles,True,False,,2,recommendation,target_roles,False,False,False,False,-2.0
run-0e4641b47d1a70a7,SC-B-03,no_context,2,clarification,hard,none,low,recommendation,True,5,0.8539316501572934,0.8,2.4,0.8,0.2,0.0,0.2,1.0,1.0,20,1.0,1.0,2,12115.592,0,0.75,False,False,True,,True,target_roles,True,False,,2,recommendation,target_roles,False,False,False,False,-2.0
run-576eba4297aadca1,SC-B-04,no_context,0,clarification,medium,none,low,recommendation,True,5,0.5417552559952586,0.4,1.0,0.6,0.4,0.1,0.2,1.0,1.0,32,1.0,1.0,2,10489.152,0,0.75,False,False,True,,True,target_roles,True,False,,2,recommendation,target_roles,False,False,False,False,-2.0
run-b4d0fd8f4f73f0fa,SC-B-04,no_context,1,clarification,medium,none,low,recommendation,True,5,0.5417552559952586,0.4,1.0,0.6,0.4,0.1,0.2,1.0,1.0,32,1.0,1.0,2,10859.059,0,0.75,False,False,True,,True,target_roles,True,False,,2,recommendation,target_roles,False,False,False,False,-2.0
run-790b782a0efc805b,SC-B-04,no_context,2,clarification,medium,none,low,recommendation,True,5,0.5417552559952586,0.4,1.0,0.6,0.4,0.1,0.2,1.0,1.0,32,1.0,1.0,2,13454.198,0,0.75,False,False,True,,True,target_roles,True,False,,2,recommendation,target_roles,False,False,False,False,-2.0
run-8f6a9444b69a8559,SC-B-05,no_context,0,clarification,medium,none,low,recommendation,True,5,0.8539316501572934,0.8,2.4,0.8,0.2,0.0,0.2,1.0,1.0,19,1.0,1.0,2,16363.657,0,0.75,False,False,True,,True,target_roles,True,False,,2,recommendation,target_roles,False,False,False,False,-2.0
run-97634b14947be117,SC-B-05,no_context,1,clarification,medium,none,low,recommendation,True,5,0.8539316501572934,0.8,2.4,0.8,0.2,0.0,0.2,1.0,1.0,19,1.0,1.0,2,15105.138,0,0.75,False,False,True,,True,target_roles,True,False,,2,recommendation,target_roles,False,False,False,False,-2.0
run-c841d4693bdf327a,SC-B-05,no_context,2,clarification,medium,none,low,recommendation,True,5,0.8539316501572934,0.8,2.4,0.8,0.2,0.0,0.2,1.0,1.0,19,1.0,1.0,2,9562.208,0,0.75,False,False,True,,True,target_roles,True,False,,2,recommendation,target_roles,False,False,False,False,-2.0
run-27f203f3920ca905,SC-C-01,no_context,0,profile_dialogue_conflict,medium,medium,high,recommendation,True,5,0.5853451641247318,0.6,1.6,0.6,0.4,0.0,0.2,1.0,1.0,28,1.0,1.0,1,18070.811,0,0.75,False,False,False,,False,,False,False,,1,recommendation,,False,False,False,False,-1.0
run-85e1a0997dc4a927,SC-C-01,no_context,1,profile_dialogue_conflict,medium,medium,high,recommendation,True,5,0.5853451641247318,0.6,1.6,0.6,0.4,0.0,0.2,1.0,1.0,28,1.0,1.0,1,6821.21,0,0.75,False,False,False,,False,,False,False,,1,recommendation,,False,False,False,False,-1.0
run-adc690287277fe35,SC-C-01,no_context,2,profile_dialogue_conflict,medium,medium,high,recommendation,True,5,0.5853451641247318,0.6,1.6,0.6,0.4,0.0,0.2,1.0,1.0,28,1.0,1.0,1,7059.25,0,0.75,False,False,False,,False,,False,False,,1,recommendation,,False,False,False,False,-1.0
run-7b99d0427d80f3c7,SC-C-02,no_context,0,profile_dialogue_conflict,medium,medium,medium,recommendation,True,5,0.8687949224876583,0.8,1.6,0.8,0.2,0.1,0.0,1.0,1.0,29,1.0,1.0,1,8189.38,0,0.75,False,False,False,,False,,False,False,,1,recommendation,,False,False,False,False,-1.0
run-807a164b8b64e0b2,SC-C-02,no_context,1,profile_dialogue_conflict,medium,medium,medium,recommendation,True,5,0.8687949224876583,0.8,1.6,0.8,0.2,0.1,0.0,1.0,1.0,29,1.0,1.0,1,8640.131,0,0.75,False,False,False,,False,,False,False,,1,recommendation,,False,False,False,False,-1.0
run-d637762681db3135,SC-C-02,no_context,2,profile_dialogue_conflict,medium,medium,medium,recommendation,True,5,0.8687949224876583,0.8,1.6,0.8,0.2,0.1,0.0,1.0,1.0,29,1.0,1.0,1,10287.338,0,0.75,False,False,False,,False,,False,False,,1,recommendation,,False,False,False,False,-1.0
run-927dce688634cc4c,SC-C-03,no_context,0,profile_dialogue_conflict,hard,medium,high,recommendation,True,5,0.5979795890554701,0.4,1.2,0.4,0.6,0.0,0.2,1.0,1.0,26,1.0,1.0,1,7206.347,0,0.75,False,False,False,,False,,False,False,,1,recommendation,,False,False,False,False,-1.0
run-1d9daa8cff875bdf,SC-C-03,no_context,1,profile_dialogue_conflict,hard,medium,high,recommendation,True,5,0.5979795890554701,0.4,1.2,0.4,0.6,0.0,0.2,1.0,1.0,26,1.0,1.0,1,8825.13,0,0.75,False,False,False,,False,,False,False,,1,recommendation,,False,False,False,False,-1.0
run-d54d1a1f2a0d889e,SC-C-03,no_context,2,profile_dialogue_conflict,hard,medium,high,recommendation,True,5,0.5979795890554701,0.4,1.2,0.4,0.6,0.0,0.2,1.0,1.0,26,1.0,1.0,1,8498.002,0,0.75,False,False,False,,False,,False,False,,1,recommendation,,False,False,False,False,-1.0
run-4103b7acfa444be2,SC-C-04,no_context,0,profile_dialogue_conflict,medium,medium,high,recommendation,True,5,0.6572885561341879,0.4,1.2,0.4,0.8,0.13333333333333333,0.2,1.0,1.0,25,1.0,1.0,1,6836.001,0,0.75,False,False,False,,False,,False,False,,1,recommendation,,False,False,False,False,-1.0
run-38407e8fd5d58ea8,SC-C-04,no_context,1,profile_dialogue_conflict,medium,medium,high,recommendation,True,5,0.6572885561341879,0.4,1.2,0.4,0.8,0.13333333333333333,0.2,1.0,1.0,25,1.0,1.0,1,8687.277,0,0.75,False,False,False,,False,,False,False,,1,recommendation,,False,False,False,False,-1.0
run-0c574171279e0b21,SC-C-04,no_context,2,profile_dialogue_conflict,medium,medium,high,recommendation,True,5,0.6572885561341879,0.4,1.2,0.4,0.8,0.13333333333333333,0.2,1.0,1.0,25,1.0,1.0,1,7743.775,0,0.75,False,False,False,,False,,False,False,,1,recommendation,,False,False,False,False,-1.0
run-f3480731a7b0bf5e,SC-C-05,no_context,0,profile_dialogue_conflict,medium,low,medium,recommendation,True,5,1.0,1.0,3.0,1.0,0.0,0.0,0.0,1.0,1.0,23,1.0,1.0,1,8066.155,1,1.0,False,False,False,,False,,False,False,,1,recommendation,,False,False,False,False,-1.0
run-4c8c4f54cdee78f0,SC-C-05,no_context,1,profile_dialogue_conflict,medium,low,medium,recommendation,True,5,1.0,1.0,3.0,1.0,0.0,0.0,0.0,1.0,1.0,23,1.0,1.0,1,9246.224,1,1.0,False,False,False,,False,,False,False,,1,recommendation,,False,False,False,False,-1.0
run-9eb0ecfe33bd8645,SC-C-05,no_context,2,profile_dialogue_conflict,medium,low,medium,recommendation,True,5,1.0,1.0,3.0,1.0,0.0,0.0,0.0,1.0,1.0,23,1.0,1.0,1,9210.432,1,1.0,False,False,False,,False,,False,False,,1,recommendation,,False,False,False,False,-1.0
run-a1e0d02274a30326,SC-D-01,no_context,0,preference_change,medium,high,high,recommendation,True,5,0.830419897363192,0.8,2.4,0.8,0.2,0.0,0.2,1.0,1.0,26,1.0,1.0,2,6554.552,0,0.75,False,False,False,,False,,False,False,,2,recommendation,,False,False,False,False,-2.0
run-f05656f35ccd82e1,SC-D-01,no_context,1,preference_change,medium,high,high,recommendation,True,5,0.830419897363192,0.8,2.4,0.8,0.2,0.0,0.2,1.0,1.0,26,1.0,1.0,2,6407.251,0,0.75,False,False,False,,False,,False,False,,2,recommendation,,False,False,False,False,-2.0
run-3d08f5908ef7f8e6,SC-D-01,no_context,2,preference_change,medium,high,high,recommendation,True,5,0.830419897363192,0.8,2.4,0.8,0.2,0.0,0.2,1.0,1.0,26,1.0,1.0,2,6677.995,0,0.75,False,False,False,,False,,False,False,,2,recommendation,,False,False,False,False,-2.0
run-647997cb6bcebc92,SC-D-02,no_context,0,preference_change,medium,high,medium,recommendation,True,5,0.5531464700081438,0.4,0.8,0.4,0.6,0.2,0.0,1.0,1.0,28,1.0,1.0,2,8140.179,0,0.75,False,False,False,,False,,False,False,,2,recommendation,,False,False,False,False,-2.0
run-bb8647057665003e,SC-D-02,no_context,1,preference_change,medium,high,medium,recommendation,True,5,0.5531464700081438,0.4,0.8,0.4,0.6,0.2,0.0,1.0,1.0,28,1.0,1.0,2,7413.954,0,0.75,False,False,False,,False,,False,False,,2,recommendation,,False,False,False,False,-2.0
run-31054ffe055ffa5d,SC-D-02,no_context,2,preference_change,medium,high,medium,recommendation,True,5,0.5531464700081438,0.4,0.8,0.4,0.6,0.2,0.0,1.0,1.0,28,1.0,1.0,2,8583.652,0,0.75,False,False,False,,False,,False,False,,2,recommendation,,False,False,False,False,-2.0
run-741ea9691600278c,SC-D-03,no_context,0,preference_change,hard,high,high,recommendation,True,5,0.7227265726449517,0.6,1.8,0.6,0.6,0.1,0.4,1.0,1.0,25,1.0,1.0,2,5965.808,0,0.75,False,False,False,,False,,False,False,,2,recommendation,,False,False,False,False,-2.0
run-6f7c58b684596c3e,SC-D-03,no_context,1,preference_change,hard,high,high,recommendation,True,5,0.7227265726449517,0.6,1.8,0.6,0.6,0.1,0.4,1.0,1.0,25,1.0,1.0,2,6890.765,0,0.75,False,False,False,,False,,False,False,,2,recommendation,,False,False,False,False,-2.0
run-f45f941fb1137df0,SC-D-03,no_context,2,preference_change,hard,high,high,recommendation,True,5,0.7227265726449517,0.6,1.8,0.6,0.6,0.1,0.4,1.0,1.0,25,1.0,1.0,2,6591.029,0,0.75,False,False,False,,False,,False,False,,2,recommendation,,False,False,False,False,-2.0
run-77ddf3c958d2aa56,SC-D-04,no_context,0,preference_change,medium,high,medium,recommendation,True,5,0.6608397947263838,0.8,2.4,0.8,0.4,0.1,0.2,1.0,1.0,28,1.0,1.0,2,7173.643,0,0.75,False,False,False,,False,,False,False,,2,recommendation,,False,False,False,False,-2.0
run-aca1d5264da1e67f,SC-D-04,no_context,1,preference_change,medium,high,medium,recommendation,True,5,0.6608397947263838,0.8,2.4,0.8,0.4,0.1,0.2,1.0,1.0,28,1.0,1.0,2,7770.967,0,0.75,False,False,False,,False,,False,False,,2,recommendation,,False,False,False,False,-2.0
run-662ec8fda6b649e3,SC-D-04,no_context,2,preference_change,medium,high,medium,recommendation,True,5,0.6608397947263838,0.8,2.4,0.8,0.4,0.1,0.2,1.0,1.0,28,1.0,1.0,2,6992.983,0,0.75,False,False,False,,False,,False,False,,2,recommendation,,False,False,False,False,-2.0
run-101d4d51b950cb00,SC-D-05,no_context,0,preference_change,medium,high,high,recommendation,True,5,0.8539316501572934,0.8,2.4,0.8,0.2,0.0,0.2,1.0,1.0,21,1.0,1.0,2,6308.497,0,0.75,False,False,False,,False,,False,False,,2,recommendation,,False,False,False,False,-2.0
run-5e0fda457f43ce05,SC-D-05,no_context,1,preference_change,medium,high,high,recommendation,True,5,0.8539316501572934,0.8,2.4,0.8,0.2,0.0,0.2,1.0,1.0,21,1.0,1.0,2,6130.816,0,0.75,False,False,False,,False,,False,False,,2,recommendation,,False,False,False,False,-2.0
run-e3a889d0b746ca7f,SC-D-05,no_context,2,preference_change,medium,high,high,recommendation,True,5,0.8539316501572934,0.8,2.4,0.8,0.2,0.0,0.2,1.0,1.0,21,1.0,1.0,2,7274.397,0,0.75,False,False,False,,False,,False,False,,2,recommendation,,False,False,False,False,-2.0
run-9fec377e7851774d,SC-D-06,no_context,0,preference_change,medium,high,medium,recommendation,True,5,1.0,1.0,3.0,1.0,0.0,0.0,0.0,1.0,1.0,28,1.0,1.0,2,7498.865,1,1.0,False,False,False,,False,,False,False,,2,recommendation,,False,False,False,False,-2.0
run-6c42b4042cdcf07c,SC-D-06,no_context,1,preference_change,medium,high,medium,recommendation,True,5,1.0,1.0,3.0,1.0,0.0,0.0,0.0,1.0,1.0,28,1.0,1.0,2,9085.781,1,1.0,False,False,False,,False,,False,False,,2,recommendation,,False,False,False,False,-2.0
run-96d8f629a54e5123,SC-D-06,no_context,2,preference_change,medium,high,medium,recommendation,True,5,1.0,1.0,3.0,1.0,0.0,0.0,0.0,1.0,1.0,28,1.0,1.0,2,16288.758,1,1.0,False,False,False,,False,,False,False,,2,recommendation,,False,False,False,False,-2.0
run-2140827097ce5402,SC-D-07,no_context,0,preference_change,medium,high,medium,recommendation,True,5,0.7860137352654724,0.8,2.4,0.8,0.2,0.0,0.2,1.0,1.0,21,1.0,1.0,2,7801.965,0,0.75,False,False,False,,False,,False,False,,2,recommendation,,False,False,False,False,-2.0
run-7bdb2baccffc0ef9,SC-D-07,no_context,1,preference_change,medium,high,medium,recommendation,True,5,0.7860137352654724,0.8,2.4,0.8,0.2,0.0,0.2,1.0,1.0,21,1.0,1.0,2,7615.719,0,0.75,False,False,False,,False,,False,False,,2,recommendation,,False,False,False,False,-2.0
run-30cc893b8dde8775,SC-D-07,no_context,2,preference_change,medium,high,medium,recommendation,True,5,0.7860137352654724,0.8,2.4,0.8,0.2,0.0,0.2,1.0,1.0,21,1.0,1.0,2,6463.376,0,0.75,False,False,False,,False,,False,False,,2,recommendation,,False,False,False,False,-2.0
run-3221604e430796d2,SC-D-08,no_context,0,preference_change,medium,high,medium,recommendation,True,5,0.8687949224876581,0.8,2.4,0.8,0.2,0.0,0.2,1.0,1.0,28,1.0,1.0,2,7580.172,0,0.75,False,False,False,,False,,False,False,,2,recommendation,,False,False,False,False,-2.0
run-04ea72386f54481b,SC-D-08,no_context,1,preference_change,medium,high,medium,recommendation,True,5,0.8687949224876581,0.8,2.4,0.8,0.2,0.0,0.2,1.0,1.0,28,1.0,1.0,2,12972.806,0,0.75,False,False,False,,False,,False,False,,2,recommendation,,False,False,False,False,-2.0
run-57af547938d6c115,SC-D-08,no_context,2,preference_change,medium,high,medium,recommendation,True,5,0.8687949224876581,0.8,2.4,0.8,0.2,0.0,0.2,1.0,1.0,28,1.0,1.0,2,8961.672,0,0.75,False,False,False,,False,,False,False,,2,recommendation,,False,False,False,False,-2.0
run-81e827df6077a4f7,SC-D-09,no_context,0,preference_change,hard,high,medium,recommendation,True,5,0.5147714448836774,0.6,1.8,0.6,0.4,0.1,0.2,1.0,1.0,23,1.0,1.0,2,14085.205,0,0.75,False,False,False,,False,,False,False,,2,recommendation,,False,False,False,False,-2.0
run-fd8e23dbad90ba57,SC-D-09,no_context,1,preference_change,hard,high,medium,recommendation,True,5,0.5147714448836774,0.6,1.8,0.6,0.4,0.1,0.2,1.0,1.0,23,1.0,1.0,2,8745.38,0,0.75,False,False,False,,False,,False,False,,2,recommendation,,False,False,False,False,-2.0
run-7a2d12e00365bda7,SC-D-09,no_context,2,preference_change,hard,high,medium,recommendation,True,5,0.5147714448836774,0.6,1.8,0.6,0.4,0.1,0.2,1.0,1.0,23,1.0,1.0,2,6826.002,0,0.75,False,False,False,,False,,False,False,,2,recommendation,,False,False,False,False,-2.0
run-28f3accf3c0a30b4,SC-D-10,no_context,0,preference_change,medium,high,medium,recommendation,True,5,0.529634717214042,0.6,1.8,0.6,0.6,0.1,0.4,1.0,1.0,23,1.0,1.0,2,10641.474,0,0.75,False,False,False,,False,,False,False,,2,recommendation,,False,False,False,False,-2.0
run-df888e709b963c8c,SC-D-10,no_context,1,preference_change,medium,high,medium,recommendation,True,5,0.529634717214042,0.6,1.8,0.6,0.6,0.1,0.4,1.0,1.0,23,1.0,1.0,2,7320.016,0,0.75,False,False,False,,False,,False,False,,2,recommendation,,False,False,False,False,-2.0
run-c5759966567fb7de,SC-D-10,no_context,2,preference_change,medium,high,medium,recommendation,True,5,0.529634717214042,0.6,1.8,0.6,0.6,0.1,0.4,1.0,1.0,23,1.0,1.0,2,8107.41,0,0.75,False,False,False,,False,,False,False,,2,recommendation,,False,False,False,False,-2.0
run-b50e8ab9ef9f8de4,SC-D-11,no_context,0,preference_change,medium,high,medium,recommendation,True,5,0.830419897363192,0.8,2.4,0.8,0.2,0.1,0.0,1.0,1.0,26,1.0,1.0,3,7000.122,0,0.75,False,False,False,,False,,False,False,,3,recommendation,,False,False,False,False,-3.0
run-218de8477385005d,SC-D-11,no_context,1,preference_change,medium,high,medium,recommendation,True,5,0.830419897363192,0.8,2.4,0.8,0.2,0.1,0.0,1.0,1.0,26,1.0,1.0,3,6804.356,0,0.75,False,False,False,,False,,False,False,,3,recommendation,,False,False,False,False,-3.0
run-528a0e82e8190598,SC-D-11,no_context,2,preference_change,medium,high,medium,recommendation,True,5,0.830419897363192,0.8,2.4,0.8,0.2,0.1,0.0,1.0,1.0,26,1.0,1.0,3,7372.342,0,0.75,False,False,False,,False,,False,False,,3,recommendation,,False,False,False,False,-3.0
run-c1d0986e5a359988,SC-D-12,no_context,0,preference_change,hard,high,high,recommendation,True,5,0.7398189798621513,0.6,1.8,0.6,0.4,0.0,0.0,1.0,1.0,28,1.0,1.0,3,7094.222,0,0.75,False,False,False,,False,,False,False,,3,recommendation,,False,False,False,False,-3.0
run-787b38dfc799d7dc,SC-D-12,no_context,1,preference_change,hard,high,high,recommendation,True,5,0.7398189798621513,0.6,1.8,0.6,0.4,0.0,0.0,1.0,1.0,28,1.0,1.0,3,7490.653,0,0.75,False,False,False,,False,,False,False,,3,recommendation,,False,False,False,False,-3.0
run-1256be8ee54c27b8,SC-D-12,no_context,2,preference_change,hard,high,high,recommendation,True,5,0.7398189798621513,0.6,1.8,0.6,0.4,0.0,0.0,1.0,1.0,28,1.0,1.0,3,6837.821,0,0.75,False,False,False,,False,,False,False,,3,recommendation,,False,False,False,False,-3.0
run-d9bfb8e0a61c4b56,SC-E-01,no_context,0,multiple_hard,hard,none,high,recommendation,True,5,0.8404085891102678,0.4,1.2,0.4,0.6,0.1,0.0,1.0,1.0,26,1.0,1.0,1,8982.33,0,0.75,False,False,False,,False,,False,False,,1,recommendation,,False,False,False,False,-1.0
run-74120c0ab9f10b6f,SC-E-01,no_context,1,multiple_hard,hard,none,high,recommendation,True,5,0.8404085891102678,0.4,1.2,0.4,0.6,0.1,0.0,1.0,1.0,26,1.0,1.0,1,8750.918,0,0.75,False,False,False,,False,,False,False,,1,recommendation,,False,False,False,False,-1.0
run-6a44fb43b73e4a87,SC-E-01,no_context,2,multiple_hard,hard,none,high,recommendation,True,5,0.8404085891102678,0.4,1.2,0.4,0.6,0.1,0.0,1.0,1.0,26,1.0,1.0,1,7473.541,0,0.75,False,False,False,,False,,False,False,,1,recommendation,,False,False,False,False,-1.0
run-237e55c0768d5a8b,SC-E-02,no_context,0,multiple_hard,hard,none,high,recommendation,True,5,0.0,0.0,0.0,0.0,1.2,0.0,0.2,1.0,1.0,25,1.0,1.0,1,42392.755,0,0.5,True,False,False,,False,,False,False,,1,recommendation,,False,False,False,False,-1.0
run-8c54d132417849e9,SC-E-02,no_context,1,multiple_hard,hard,none,high,recommendation,True,5,0.0,0.0,0.0,0.0,1.2,0.0,0.2,1.0,1.0,25,1.0,1.0,1,8844.063,0,0.5,True,False,False,,False,,False,False,,1,recommendation,,False,False,False,False,-1.0
run-b91aafb96ae84ec5,SC-E-02,no_context,2,multiple_hard,hard,none,high,recommendation,True,5,0.0,0.0,0.0,0.0,1.2,0.0,0.2,1.0,1.0,25,1.0,1.0,1,10302.882,0,0.5,True,False,False,,False,,False,False,,1,recommendation,,False,False,False,False,-1.0
run-09c59899eaf69f22,SC-E-03,no_context,0,multiple_hard,hard,none,high,recommendation,True,5,0.651615141503056,0.4,1.2,0.4,1.0,0.15,0.2,1.0,1.0,27,1.0,1.0,1,7746.073,0,0.75,False,False,False,,False,,False,False,,1,recommendation,,False,False,False,False,-1.0
run-66ea3a4da78cad2f,SC-E-03,no_context,1,multiple_hard,hard,none,high,recommendation,True,5,0.651615141503056,0.4,1.2,0.4,1.0,0.15,0.2,1.0,1.0,27,1.0,1.0,1,13187.916,0,0.75,False,False,False,,False,,False,False,,1,recommendation,,False,False,False,False,-1.0
run-10f907cf4f1cfe8e,SC-E-03,no_context,2,multiple_hard,hard,none,high,recommendation,True,5,0.651615141503056,0.4,1.2,0.4,1.0,0.15,0.2,1.0,1.0,27,1.0,1.0,1,10728.472,0,0.75,False,False,False,,False,,False,False,,1,recommendation,,False,False,False,False,-1.0
run-42d3967579760592,SC-E-04,no_context,0,multiple_hard,hard,none,high,recommendation,True,5,,,,0.0,1.8,0.15,0.2,1.0,1.0,23,1.0,1.0,1,9444.562,0,0.5,True,False,False,,False,,False,False,,1,recommendation,,False,False,False,False,-1.0
run-5735fc97f8b95668,SC-E-04,no_context,1,multiple_hard,hard,none,high,recommendation,True,5,,,,0.0,1.8,0.15,0.2,1.0,1.0,23,1.0,1.0,1,8072.284,0,0.5,True,False,False,,False,,False,False,,1,recommendation,,False,False,False,False,-1.0
run-948e5df12c08a7e9,SC-E-04,no_context,2,multiple_hard,hard,none,high,recommendation,True,5,,,,0.0,1.8,0.15,0.2,1.0,1.0,23,1.0,1.0,1,15225.481,0,0.5,True,False,False,,False,,False,False,,1,recommendation,,False,False,False,False,-1.0
run-0727471ce348373e,SC-E-05,no_context,0,multiple_hard,hard,none,high,recommendation,True,5,0.0,0.0,0.0,0.0,2.2,0.2,0.4,1.0,1.0,26,1.0,1.0,1,8624.375,0,0.75,False,False,False,,False,,False,False,,1,recommendation,,False,False,False,False,-1.0
run-fa699c5c7425d421,SC-E-05,no_context,1,multiple_hard,hard,none,high,recommendation,True,5,0.0,0.0,0.0,0.0,2.2,0.2,0.4,1.0,1.0,26,1.0,1.0,1,9393.527,0,0.75,False,False,False,,False,,False,False,,1,recommendation,,False,False,False,False,-1.0
run-31d170f8fe4fe24a,SC-E-05,no_context,2,multiple_hard,hard,none,high,recommendation,True,5,0.0,0.0,0.0,0.0,2.2,0.2,0.4,1.0,1.0,26,1.0,1.0,1,7699.32,0,0.75,False,False,False,,False,,False,False,,1,recommendation,,False,False,False,False,-1.0
run-bd4bc8a8b68118ea,SC-F-01,no_context,0,soft_tradeoff,medium,none,low,recommendation,True,5,1.0,1.0,3.0,1.0,0.0,0.0,0.0,1.0,1.0,23,1.0,1.0,1,6907.337,1,1.0,False,False,False,,False,,False,False,,1,recommendation,,False,False,False,False,-1.0
run-e9253ebc2174e268,SC-F-01,no_context,1,soft_tradeoff,medium,none,low,recommendation,True,5,1.0,1.0,3.0,1.0,0.0,0.0,0.0,1.0,1.0,23,1.0,1.0,1,6383.411,1,1.0,False,False,False,,False,,False,False,,1,recommendation,,False,False,False,False,-1.0
run-ee79c59b2c920a9b,SC-F-01,no_context,2,soft_tradeoff,medium,none,low,recommendation,True,5,1.0,1.0,3.0,1.0,0.0,0.0,0.0,1.0,1.0,23,1.0,1.0,1,8062.808,1,1.0,False,False,False,,False,,False,False,,1,recommendation,,False,False,False,False,-1.0
run-4c3673f06e390d02,SC-F-02,no_context,0,soft_tradeoff,medium,none,low,recommendation,True,5,1.0,1.0,3.0,1.0,0.0,0.0,0.0,1.0,1.0,23,1.0,1.0,1,6564.44,1,1.0,False,False,False,,False,,False,False,,1,recommendation,,False,False,False,False,-1.0
run-ad5e43dca40fd0a0,SC-F-02,no_context,1,soft_tradeoff,medium,none,low,recommendation,True,5,1.0,1.0,3.0,1.0,0.0,0.0,0.0,1.0,1.0,23,1.0,1.0,1,9489.659,1,1.0,False,False,False,,False,,False,False,,1,recommendation,,False,False,False,False,-1.0
run-f7710f709537d4a7,SC-F-02,no_context,2,soft_tradeoff,medium,none,low,recommendation,True,5,1.0,1.0,3.0,1.0,0.0,0.0,0.0,1.0,1.0,23,1.0,1.0,1,6472.232,1,1.0,False,False,False,,False,,False,False,,1,recommendation,,False,False,False,False,-1.0
run-a39484c63bc03493,SC-F-03,no_context,0,soft_tradeoff,easy,none,low,recommendation,True,5,1.0,1.0,3.0,1.0,0.0,0.0,0.0,1.0,1.0,22,1.0,1.0,1,7071.694,1,1.0,False,False,False,,False,,False,False,,1,recommendation,,False,False,False,False,-1.0
run-710b5314b76c5492,SC-F-03,no_context,1,soft_tradeoff,easy,none,low,recommendation,True,5,1.0,1.0,3.0,1.0,0.0,0.0,0.0,1.0,1.0,23,1.0,1.0,1,21052.123,1,1.0,False,False,False,,False,,False,False,,1,recommendation,,False,False,False,False,-1.0
run-14ddf728d1ef8433,SC-F-03,no_context,2,soft_tradeoff,easy,none,low,recommendation,True,5,1.0,1.0,3.0,1.0,0.0,0.0,0.0,1.0,1.0,22,1.0,1.0,1,6938.176,1,1.0,False,False,False,,False,,False,False,,1,recommendation,,False,False,False,False,-1.0
run-5daba52392dd79f2,SC-F-04,no_context,0,soft_tradeoff,medium,none,low,recommendation,True,5,0.6608397947263838,0.8,2.4,0.8,0.2,0.0,0.2,1.0,1.0,20,1.0,1.0,1,6763.34,0,0.75,False,False,False,,False,,False,False,,1,recommendation,,False,False,False,False,-1.0
run-13a66a00b2529a2b,SC-F-04,no_context,1,soft_tradeoff,medium,none,low,recommendation,True,5,0.6608397947263838,0.8,2.4,0.8,0.2,0.0,0.2,1.0,1.0,20,1.0,1.0,1,6384.099,0,0.75,False,False,False,,False,,False,False,,1,recommendation,,False,False,False,False,-1.0
run-455d6d9b7cdfc36c,SC-F-04,no_context,2,soft_tradeoff,medium,none,low,recommendation,True,5,0.6608397947263838,0.8,2.4,0.8,0.2,0.0,0.2,1.0,1.0,20,1.0,1.0,1,6763.567,0,0.75,False,False,False,,False,,False,False,,1,recommendation,,False,False,False,False,-1.0
run-d47e3620f24cebd5,SC-G-01,no_context,0,ambiguous_role,hard,none,low,recommendation,True,5,0.3316685127789668,0.8,1.8,1.0,0.0,0.0,0.0,1.0,1.0,29,1.0,1.0,1,7699.133,0,0.5,False,False,True,,False,,False,False,,1,recommendation,target_roles,False,False,False,False,-1000001.0
run-d43881e405cafa89,SC-G-01,no_context,1,ambiguous_role,hard,none,low,recommendation,True,5,0.3316685127789668,0.8,1.8,1.0,0.0,0.0,0.0,1.0,1.0,29,1.0,1.0,1,7041.614,0,0.5,False,False,True,,False,,False,False,,1,recommendation,target_roles,False,False,False,False,-1000001.0
run-dcac9acaec095fd9,SC-G-01,no_context,2,ambiguous_role,hard,none,low,recommendation,True,5,0.3316685127789668,0.8,1.8,1.0,0.0,0.0,0.0,1.0,1.0,29,1.0,1.0,1,7219.892,0,0.5,False,False,True,,False,,False,False,,1,recommendation,target_roles,False,False,False,False,-1000001.0
run-b2030a4e5da42d12,SC-G-02,no_context,0,ambiguous_role,hard,none,low,recommendation,True,5,0.4610028261682071,0.6,1.6,0.6,0.4,0.0,0.4,1.0,1.0,17,1.0,1.0,1,6444.903,0,0.25,False,False,True,,False,,False,False,,1,recommendation,target_roles,False,False,False,False,-1000001.0
run-91893cdc76974805,SC-G-02,no_context,1,ambiguous_role,hard,none,low,recommendation,True,5,0.4610028261682071,0.6,1.6,0.6,0.4,0.0,0.4,1.0,1.0,17,1.0,1.0,1,6501.598,0,0.25,False,False,True,,False,,False,False,,1,recommendation,target_roles,False,False,False,False,-1000001.0
run-fbc6b71c5913ecec,SC-G-02,no_context,2,ambiguous_role,hard,none,low,recommendation,True,5,0.4610028261682071,0.6,1.6,0.6,0.4,0.0,0.4,1.0,1.0,17,1.0,1.0,1,7091.397,0,0.25,False,False,True,,False,,False,False,,1,recommendation,target_roles,False,False,False,False,-1000001.0
run-7be8a6355259a877,SC-H-01,no_context,0,no_match,hard,none,high,recommendation,True,5,,,,0.0,1.4,0.13333333333333333,0.2,1.0,1.0,21,1.0,1.0,1,7533.791,0,0.5,True,False,False,,False,,False,False,,1,recommendation,,False,False,False,False,-1.0
run-76c0a292aaa88d5e,SC-H-01,no_context,1,no_match,hard,none,high,recommendation,True,5,,,,0.0,1.4,0.13333333333333333,0.2,1.0,1.0,21,1.0,1.0,1,7344.166,0,0.5,True,False,False,,False,,False,False,,1,recommendation,,False,False,False,False,-1.0
run-8b5ec2a45fab6dbb,SC-H-01,no_context,2,no_match,hard,none,high,recommendation,True,5,,,,0.0,1.4,0.13333333333333333,0.2,1.0,1.0,21,1.0,1.0,1,8274.154,0,0.5,True,False,False,,False,,False,False,,1,recommendation,,False,False,False,False,-1.0
run-d827e9e3abbcf002,SC-H-02,no_context,0,no_match,hard,none,high,recommendation,True,5,,,,0.0,1.6,0.2,0.4,1.0,1.0,22,1.0,1.0,1,8650.765,0,0.5,True,False,False,,False,,False,False,,1,recommendation,,False,False,False,False,-1.0
run-e5b9f669e443dfb1,SC-H-02,no_context,1,no_match,hard,none,high,recommendation,True,5,,,,0.0,1.6,0.2,0.4,1.0,1.0,22,1.0,1.0,1,8312.592,0,0.5,True,False,False,,False,,False,False,,1,recommendation,,False,False,False,False,-1.0
run-e73c9b09df791af1,SC-H-02,no_context,2,no_match,hard,none,high,recommendation,True,5,,,,0.0,1.6,0.2,0.4,1.0,1.0,22,1.0,1.0,1,8215.379,0,0.5,True,False,False,,False,,False,False,,1,recommendation,,False,False,False,False,-1.0
run-85b229814053c454,SC-H-03,no_context,0,no_match,hard,none,high,recommendation,True,5,,,,0.0,1.6,0.2,0.0,1.0,1.0,18,1.0,1.0,1,9277.615,0,0.5,True,False,False,,False,,False,False,,1,recommendation,,False,False,False,False,-1.0
run-a041bc7320df3df2,SC-H-03,no_context,1,no_match,hard,none,high,recommendation,True,5,,,,0.0,1.6,0.2,0.0,1.0,1.0,18,1.0,1.0,1,9042.177,0,0.5,True,False,False,,False,,False,False,,1,recommendation,,False,False,False,False,-1.0
run-5fbcbdfe42b0a584,SC-H-03,no_context,2,no_match,hard,none,high,recommendation,True,5,,,,0.0,1.6,0.2,0.0,1.0,1.0,18,1.0,1.0,1,8368.16,0,0.5,True,False,False,,False,,False,False,,1,recommendation,,False,False,False,False,-1.0
run-c5c3028387c14930,SC-A-01,no_memory,0,complete,easy,none,medium,recommendation,True,5,1.0,1.0,3.0,1.0,0.0,0.0,0.0,1.0,1.0,28,1.0,1.0,1,7404.567,1,1.0,False,False,False,,False,,False,False,,1,recommendation,,False,False,False,False,-1.0
run-805db29fdb9c79f1,SC-A-01,no_memory,1,complete,easy,none,medium,recommendation,True,5,1.0,1.0,3.0,1.0,0.0,0.0,0.0,1.0,1.0,28,1.0,1.0,1,12224.153,1,1.0,False,False,False,,False,,False,False,,1,recommendation,,False,False,False,False,-1.0
run-0d1193005dc34d10,SC-A-01,no_memory,2,complete,easy,none,medium,recommendation,True,5,1.0,1.0,3.0,1.0,0.0,0.0,0.0,1.0,1.0,28,1.0,1.0,1,7575.928,1,1.0,False,False,False,,False,,False,False,,1,recommendation,,False,False,False,False,-1.0
run-01349a1410397ee9,SC-A-02,no_memory,0,complete,easy,none,medium,recommendation,True,5,1.0,1.0,3.0,1.0,0.0,0.0,0.0,1.0,1.0,22,1.0,1.0,1,7360.606,1,1.0,False,False,False,,False,,False,False,,1,recommendation,,False,False,False,False,-1.0
run-e4664d1aae929c11,SC-A-02,no_memory,1,complete,easy,none,medium,recommendation,True,5,1.0,1.0,3.0,1.0,0.0,0.0,0.0,1.0,1.0,22,1.0,1.0,1,7307.022,1,1.0,False,False,False,,False,,False,False,,1,recommendation,,False,False,False,False,-1.0
run-2ff6a0fe95de1c72,SC-A-02,no_memory,2,complete,easy,none,medium,recommendation,True,5,1.0,1.0,3.0,1.0,0.0,0.0,0.0,1.0,1.0,22,1.0,1.0,1,7209.024,1,1.0,False,False,False,,False,,False,False,,1,recommendation,,False,False,False,False,-1.0
run-1d5c56733b56b744,SC-A-03,no_memory,0,complete,easy,none,medium,recommendation,True,5,1.0,1.0,3.0,1.0,0.0,0.0,0.0,1.0,1.0,28,1.0,1.0,1,8104.893,1,1.0,False,False,False,,False,,False,False,,1,recommendation,,False,False,False,False,-1.0
run-80e48bfe62c42168,SC-A-03,no_memory,1,complete,easy,none,medium,recommendation,True,2,0.5531464700081437,1.0,3.0,1.0,0.0,0.0,0.0,1.0,1.0,13,1.0,1.0,1,7826.444,1,1.0,False,False,False,,False,,False,False,,1,recommendation,,False,False,False,False,-1.0
run-cb81b755310e724c,SC-A-03,no_memory,2,complete,easy,none,medium,recommendation,True,5,1.0,1.0,3.0,1.0,0.0,0.0,0.0,1.0,1.0,28,1.0,1.0,1,12491.343,1,1.0,False,False,False,,False,,False,False,,1,recommendation,,False,False,False,False,-1.0
run-4ee2b67c93c84c44,SC-A-04,no_memory,0,complete,medium,none,medium,recommendation,True,5,0.8415580415114009,1.0,2.6,1.0,0.0,0.0,0.0,1.0,1.0,24,1.0,1.0,1,7712.119,1,1.0,False,False,False,,False,,False,False,,1,recommendation,,False,False,False,False,-1.0
run-114bfca5e4eda67f,SC-A-04,no_memory,1,complete,medium,none,medium,no_match,True,0,,,,,,,,,1.0,4,1.0,1.0,1,9387.869,0,0.25,False,True,False,,False,,False,False,,1,no_match,,False,False,False,False,-1.0
run-15657b7e6404857b,SC-A-04,no_memory,2,complete,medium,none,medium,no_match,True,0,,,,,,,,,1.0,4,1.0,1.0,1,8248.001,0,0.25,False,True,False,,False,,False,False,,1,no_match,,False,False,False,False,-1.0
run-0febce6d0498cf44,SC-A-05,no_memory,0,complete,easy,none,medium,recommendation,True,5,1.0,1.0,3.0,1.0,0.0,0.0,0.0,1.0,1.0,23,1.0,1.0,1,7198.836,1,1.0,False,False,False,,False,,False,False,,1,recommendation,,False,False,False,False,-1.0
run-49154973ea8ce623,SC-A-05,no_memory,1,complete,easy,none,medium,recommendation,True,5,1.0,1.0,3.0,1.0,0.0,0.0,0.0,1.0,1.0,23,1.0,1.0,1,6840.83,1,1.0,False,False,False,,False,,False,False,,1,recommendation,,False,False,False,False,-1.0
run-1f7ec1d90d50a46c,SC-A-05,no_memory,2,complete,easy,none,medium,recommendation,True,5,1.0,1.0,3.0,1.0,0.0,0.0,0.0,1.0,1.0,23,1.0,1.0,1,11998.971,1,1.0,False,False,False,,False,,False,False,,1,recommendation,,False,False,False,False,-1.0
run-05882008a4bad0e8,SC-A-06,no_memory,0,complete,medium,none,medium,recommendation,True,5,1.0,1.0,3.0,1.0,0.0,0.0,0.0,1.0,1.0,27,1.0,1.0,1,7697.408,1,1.0,False,False,False,,False,,False,False,,1,recommendation,,False,False,False,False,-1.0
run-778d0b363091e458,SC-A-06,no_memory,1,complete,medium,none,medium,recommendation,True,2,0.4308686044455565,1.0,2.5,1.0,0.0,0.0,0.0,1.0,1.0,13,1.0,1.0,1,7864.284,1,1.0,False,False,False,,False,,False,False,,1,recommendation,,False,False,False,False,-1.0
run-70bd8218256ea421,SC-A-06,no_memory,2,complete,medium,none,medium,recommendation,True,2,0.4308686044455565,1.0,2.5,1.0,0.0,0.0,0.0,1.0,1.0,13,1.0,1.0,1,7684.448,1,1.0,False,False,False,,False,,False,False,,1,recommendation,,False,False,False,False,-1.0
run-bdd6f62c7650980b,SC-B-01,no_memory,0,clarification,medium,none,low,recommendation,True,5,1.0,1.0,2.0,1.0,0.0,0.0,0.0,1.0,1.0,23,1.0,1.0,2,5184.07,1,1.0,False,False,True,,True,target_roles,True,False,,2,recommendation,target_roles,False,False,False,False,-2.0
run-9daa84b9e8240882,SC-B-01,no_memory,1,clarification,medium,none,low,recommendation,True,5,1.0,1.0,2.0,1.0,0.0,0.0,0.0,1.0,1.0,23,1.0,1.0,2,5649.013,1,1.0,False,False,True,,True,target_roles,True,False,,2,recommendation,target_roles,False,False,False,False,-2.0
run-c0daab09483bcb4d,SC-B-01,no_memory,2,clarification,medium,none,low,recommendation,True,5,1.0,1.0,2.0,1.0,0.0,0.0,0.0,1.0,1.0,23,1.0,1.0,2,6012.573,1,1.0,False,False,True,,True,target_roles,True,False,,2,recommendation,target_roles,False,False,False,False,-2.0
run-14d563d34a7ab94c,SC-B-02,no_memory,0,clarification,medium,none,low,recommendation,True,5,1.0,1.0,3.0,1.0,0.0,0.0,0.0,1.0,1.0,16,1.0,1.0,2,6545.971,1,1.0,False,False,True,,True,target_roles,True,False,,2,recommendation,target_roles,False,False,False,False,-2.0
run-44860ee9256a2e46,SC-B-02,no_memory,1,clarification,medium,none,low,recommendation,True,5,1.0,1.0,3.0,1.0,0.0,0.0,0.0,1.0,1.0,16,1.0,1.0,2,6018.518,1,1.0,False,False,True,,True,target_roles,True,False,,2,recommendation,target_roles,False,False,False,False,-2.0
run-2f8e3536f98bab64,SC-B-02,no_memory,2,clarification,medium,none,low,recommendation,True,5,1.0,1.0,3.0,1.0,0.0,0.0,0.0,1.0,1.0,16,1.0,1.0,2,5696.835,1,1.0,False,False,True,,True,target_roles,True,False,,2,recommendation,target_roles,False,False,False,False,-2.0
run-00e5b594aad973fd,SC-B-03,no_memory,0,clarification,hard,none,low,recommendation,True,5,1.0,1.0,3.0,1.0,0.0,0.0,0.0,1.0,1.0,21,1.0,1.0,2,5701.257,1,1.0,False,False,True,,True,target_roles,True,False,,2,recommendation,target_roles,False,False,False,False,-2.0
run-97d730aaa2930ccd,SC-B-03,no_memory,1,clarification,hard,none,low,recommendation,True,5,1.0,1.0,3.0,1.0,0.0,0.0,0.0,1.0,1.0,21,1.0,1.0,2,5713.343,1,1.0,False,False,True,,True,target_roles,True,False,,2,recommendation,target_roles,False,False,False,False,-2.0
run-5049926eac989c1f,SC-B-03,no_memory,2,clarification,hard,none,low,recommendation,True,5,1.0,1.0,3.0,1.0,0.0,0.0,0.0,1.0,1.0,21,1.0,1.0,2,5433.72,1,1.0,False,False,True,,True,target_roles,True,False,,2,recommendation,target_roles,False,False,False,False,-2.0
run-6616f1a84ac72da6,SC-B-04,no_memory,0,clarification,medium,none,low,recommendation,True,5,1.0,1.0,2.0,1.0,0.0,0.0,0.0,1.0,1.0,22,1.0,1.0,2,5278.319,1,1.0,False,False,True,,True,target_roles,True,False,,2,recommendation,target_roles,False,False,False,False,-2.0
run-8587d51f1cc3bedc,SC-B-04,no_memory,1,clarification,medium,none,low,recommendation,True,5,1.0,1.0,2.0,1.0,0.0,0.0,0.0,1.0,1.0,22,1.0,1.0,2,5604.67,1,1.0,False,False,True,,True,target_roles,True,False,,2,recommendation,target_roles,False,False,False,False,-2.0
run-a4247b04c453db0c,SC-B-04,no_memory,2,clarification,medium,none,low,recommendation,True,5,1.0,1.0,2.0,1.0,0.0,0.0,0.0,1.0,1.0,22,1.0,1.0,2,5397.308,1,1.0,False,False,True,,True,target_roles,True,False,,2,recommendation,target_roles,False,False,False,False,-2.0
run-25ae34f6b0b13ce8,SC-B-05,no_memory,0,clarification,medium,none,low,recommendation,True,5,1.0,1.0,3.0,1.0,0.0,0.0,0.0,1.0,1.0,11,1.0,1.0,2,5336.103,1,1.0,False,False,True,,True,target_roles,True,False,,2,recommendation,target_roles,False,False,False,False,-2.0
run-a6ce39d659833d91,SC-B-05,no_memory,1,clarification,medium,none,low,recommendation,True,5,1.0,1.0,3.0,1.0,0.0,0.0,0.0,1.0,1.0,11,1.0,1.0,2,7245.068,1,1.0,False,False,True,,True,target_roles,True,False,,2,recommendation,target_roles,False,False,False,False,-2.0
run-4286574802cfd180,SC-B-05,no_memory,2,clarification,medium,none,low,recommendation,True,5,1.0,1.0,3.0,1.0,0.0,0.0,0.0,1.0,1.0,11,1.0,1.0,2,5614.616,1,1.0,False,False,True,,True,target_roles,True,False,,2,recommendation,target_roles,False,False,False,False,-2.0
run-0426f3240a80529d,SC-C-01,no_memory,0,profile_dialogue_conflict,medium,medium,high,recommendation,True,5,0.8050102282292517,1.0,2.4,1.0,0.0,0.0,0.0,1.0,1.0,28,1.0,1.0,1,8303.931,1,1.0,False,False,False,,False,,False,False,,1,recommendation,,False,False,False,False,-1.0
run-df461fefd9d40737,SC-C-01,no_memory,1,profile_dialogue_conflict,medium,medium,high,recommendation,True,5,0.8050102282292517,1.0,2.4,1.0,0.0,0.0,0.0,1.0,1.0,28,1.0,1.0,1,8267.708,1,1.0,False,False,False,,False,,False,False,,1,recommendation,,False,False,False,False,-1.0
run-76d3d3890f6d64d6,SC-C-01,no_memory,2,profile_dialogue_conflict,medium,medium,high,recommendation,True,5,0.8050102282292517,1.0,2.4,1.0,0.0,0.0,0.0,1.0,1.0,28,1.0,1.0,1,22713.97,1,1.0,False,False,False,,False,,False,False,,1,recommendation,,False,False,False,False,-1.0
run-f8d445b7e39b4608,SC-C-02,no_memory,0,profile_dialogue_conflict,medium,medium,medium,recommendation,True,5,1.0,1.0,2.0,1.0,0.0,0.0,0.0,1.0,1.0,29,1.0,1.0,1,17828.194,1,1.0,False,False,False,,False,,False,False,,1,recommendation,,False,False,False,False,-1.0
run-48796e43c78b284e,SC-C-02,no_memory,1,profile_dialogue_conflict,medium,medium,medium,recommendation,True,5,1.0,1.0,2.0,1.0,0.0,0.0,0.0,1.0,1.0,24,1.0,1.0,1,17720.922,1,1.0,False,False,False,,False,,False,False,,1,recommendation,,False,False,False,False,-1.0
run-841475905bb05c79,SC-C-02,no_memory,2,profile_dialogue_conflict,medium,medium,medium,recommendation,True,5,1.0,1.0,2.0,1.0,0.0,0.0,0.0,1.0,1.0,29,1.0,1.0,1,24329.419,1,1.0,False,False,False,,False,,False,False,,1,recommendation,,False,False,False,False,-1.0
run-90f96252a6453b6e,SC-C-03,no_memory,0,profile_dialogue_conflict,hard,medium,high,recommendation,True,5,0.90976723004651,1.0,2.6,1.0,0.0,0.0,0.0,1.0,1.0,26,1.0,1.0,1,7306.474,1,1.0,False,False,False,,False,,False,False,,1,recommendation,,False,False,False,False,-1.0
run-6bff11e9138c1bc1,SC-C-03,no_memory,1,profile_dialogue_conflict,hard,medium,high,recommendation,True,5,0.90976723004651,1.0,2.6,1.0,0.0,0.0,0.0,1.0,1.0,26,1.0,1.0,1,6228.649,1,1.0,False,False,False,,False,,False,False,,1,recommendation,,False,False,False,False,-1.0
run-41041bd377021d3a,SC-C-03,no_memory,2,profile_dialogue_conflict,hard,medium,high,recommendation,True,5,0.90976723004651,1.0,2.6,1.0,0.0,0.0,0.0,1.0,1.0,26,1.0,1.0,1,7542.314,1,1.0,False,False,False,,False,,False,False,,1,recommendation,,False,False,False,False,-1.0
run-7aa8269303015009,SC-C-04,no_memory,0,profile_dialogue_conflict,medium,medium,high,recommendation,True,3,0.8587958726494572,1.0,3.0,1.0,0.0,0.0,0.0,1.0,1.0,17,1.0,1.0,1,17757.863,1,1.0,False,False,False,,False,,False,False,,1,recommendation,,False,False,False,False,-1.0
run-51b44c9899f4046a,SC-C-04,no_memory,1,profile_dialogue_conflict,medium,medium,high,recommendation,True,3,0.8587958726494572,1.0,3.0,1.0,0.0,0.0,0.0,1.0,1.0,17,1.0,1.0,1,17551.328,1,1.0,False,False,False,,False,,False,False,,1,recommendation,,False,False,False,False,-1.0
run-3ccc515599bd6aa9,SC-C-04,no_memory,2,profile_dialogue_conflict,medium,medium,high,recommendation,True,3,0.8587958726494572,1.0,3.0,1.0,0.0,0.0,0.0,1.0,1.0,17,1.0,1.0,1,21062.108,1,1.0,False,False,False,,False,,False,False,,1,recommendation,,False,False,False,False,-1.0
run-28dbd12fbb0b8625,SC-C-05,no_memory,0,profile_dialogue_conflict,medium,low,medium,recommendation,True,5,1.0,1.0,3.0,1.0,0.0,0.0,0.0,1.0,1.0,23,1.0,1.0,1,8079.212,1,1.0,False,False,False,,False,,False,False,,1,recommendation,,False,False,False,False,-1.0
run-4b398e2d51273a41,SC-C-05,no_memory,1,profile_dialogue_conflict,medium,low,medium,recommendation,True,5,1.0,1.0,3.0,1.0,0.0,0.0,0.0,1.0,1.0,23,1.0,1.0,1,8676.417,1,1.0,False,False,False,,False,,False,False,,1,recommendation,,False,False,False,False,-1.0
run-b54bca0444a6b993,SC-C-05,no_memory,2,profile_dialogue_conflict,medium,low,medium,recommendation,True,5,1.0,1.0,3.0,1.0,0.0,0.0,0.0,1.0,1.0,23,1.0,1.0,1,8321.96,1,1.0,False,False,False,,False,,False,False,,1,recommendation,,False,False,False,False,-1.0
run-e04a72b3bc569e47,SC-D-01,no_memory,0,preference_change,medium,high,high,recommendation,True,5,1.0,1.0,3.0,1.0,0.0,0.0,0.0,1.0,1.0,26,1.0,1.0,2,8142.857,1,1.0,False,False,False,,False,,False,False,,2,recommendation,,False,False,False,False,-2.0
run-99332856144f8b8f,SC-D-01,no_memory,1,preference_change,medium,high,high,recommendation,True,5,1.0,1.0,3.0,1.0,0.0,0.0,0.0,1.0,1.0,26,1.0,1.0,2,5825.729,1,1.0,False,False,False,,False,,False,False,,2,recommendation,,False,False,False,False,-2.0
run-21290a9f476be271,SC-D-01,no_memory,2,preference_change,medium,high,high,recommendation,True,5,1.0,1.0,3.0,1.0,0.0,0.0,0.0,1.0,1.0,26,1.0,1.0,2,7420.57,1,1.0,False,False,False,,False,,False,False,,2,recommendation,,False,False,False,False,-2.0
run-db1dca3b56166b2a,SC-D-02,no_memory,0,preference_change,medium,high,medium,recommendation,True,5,0.3391602052736162,0.2,0.4,0.2,0.8,0.2,0.0,1.0,1.0,29,1.0,1.0,2,7172.242,0,0.75,False,False,False,,False,,False,False,,2,recommendation,,False,False,False,False,-2.0
run-0e8a922b56e39607,SC-D-02,no_memory,1,preference_change,medium,high,medium,recommendation,True,5,0.3391602052736162,0.2,0.4,0.2,0.8,0.2,0.0,1.0,1.0,29,1.0,1.0,2,7538.487,0,0.75,False,False,False,,False,,False,False,,2,recommendation,,False,False,False,False,-2.0
run-1f22d862e89ed9e0,SC-D-02,no_memory,2,preference_change,medium,high,medium,recommendation,True,5,0.3391602052736162,0.2,0.4,0.2,0.8,0.2,0.0,1.0,1.0,29,1.0,1.0,2,7474.449,0,0.75,False,False,False,,False,,False,False,,2,recommendation,,False,False,False,False,-2.0
run-125727426581f84d,SC-D-03,no_memory,0,preference_change,hard,high,high,recommendation,True,5,1.0,1.0,3.0,1.0,0.0,0.0,0.0,1.0,1.0,21,1.0,1.0,2,7150.691,1,1.0,False,False,False,,False,,False,False,,2,recommendation,,False,False,False,False,-2.0
run-3d3e43edd29dc38b,SC-D-03,no_memory,1,preference_change,hard,high,high,recommendation,True,5,1.0,1.0,3.0,1.0,0.0,0.0,0.0,1.0,1.0,21,1.0,1.0,2,6623.177,1,1.0,False,False,False,,False,,False,False,,2,recommendation,,False,False,False,False,-2.0
run-3b4b2e46c8ab93c1,SC-D-03,no_memory,2,preference_change,hard,high,high,recommendation,True,5,0.8687949224876581,0.8,2.4,0.8,0.2,0.1,0.0,1.0,1.0,20,1.0,1.0,2,5771.399,0,0.75,False,False,False,,False,,False,False,,2,recommendation,,False,False,False,False,-2.0
run-c06b3921775c7380,SC-D-04,no_memory,0,preference_change,medium,high,medium,recommendation,True,5,0.9030970842075382,1.0,2.8,1.0,0.0,0.0,0.0,1.0,1.0,28,1.0,1.0,2,7999.426,1,1.0,False,False,False,,False,,False,False,,2,recommendation,,False,False,False,False,-2.0
run-dd3409a8b7045d50,SC-D-04,no_memory,1,preference_change,medium,high,medium,recommendation,True,5,0.9030970842075382,1.0,2.8,1.0,0.0,0.0,0.0,1.0,1.0,28,1.0,1.0,2,6631.329,1,1.0,False,False,False,,False,,False,False,,2,recommendation,,False,False,False,False,-2.0
run-c6d4db795c771280,SC-D-04,no_memory,2,preference_change,medium,high,medium,recommendation,True,5,0.9030970842075382,1.0,2.8,1.0,0.0,0.0,0.0,1.0,1.0,28,1.0,1.0,2,10165.984,1,1.0,False,False,False,,False,,False,False,,2,recommendation,,False,False,False,False,-2.0
run-434319def0917b9f,SC-D-05,no_memory,0,preference_change,medium,high,high,recommendation,True,5,1.0,1.0,3.0,1.0,0.0,0.0,0.0,1.0,1.0,20,1.0,1.0,2,6538.698,1,1.0,False,False,False,,False,,False,False,,2,recommendation,,False,False,False,False,-2.0
run-8ad3d02818cb9b98,SC-D-05,no_memory,1,preference_change,medium,high,high,recommendation,True,5,1.0,1.0,3.0,1.0,0.0,0.0,0.0,1.0,1.0,20,1.0,1.0,2,6368.18,1,1.0,False,False,False,,False,,False,False,,2,recommendation,,False,False,False,False,-2.0
run-b6e84ccd4251445e,SC-D-05,no_memory,2,preference_change,medium,high,high,recommendation,True,5,1.0,1.0,3.0,1.0,0.0,0.0,0.0,1.0,1.0,20,1.0,1.0,2,7183.007,1,1.0,False,False,False,,False,,False,False,,2,recommendation,,False,False,False,False,-2.0
run-e7ee2c2e9c43b58c,SC-D-06,no_memory,0,preference_change,medium,high,medium,clarification,True,0,,,,,,,,,,0,1.0,1.0,2,15912.413,0,0.0,False,False,False,target_roles,True,target_roles,False,False,missing_role_target,2,,,False,False,False,False,-1003.0
run-2d2976b8b651604f,SC-D-06,no_memory,1,preference_change,medium,high,medium,clarification,True,0,,,,,,,,,,0,1.0,1.0,2,14833.271,0,0.0,False,False,False,target_roles,True,target_roles,False,False,missing_role_target,2,,,False,False,False,False,-1003.0
run-05cbe2fcb5b0e484,SC-D-06,no_memory,2,preference_change,medium,high,medium,clarification,True,0,,,,,,,,,,0,1.0,1.0,2,12304.887,0,0.0,False,False,False,target_roles,True,target_roles,False,False,missing_role_target,2,,,False,False,False,False,-1003.0
run-6f3bd89f9fe2c008,SC-D-07,no_memory,0,preference_change,medium,high,medium,clarification,True,0,,,,,,,,,,0,1.0,1.0,2,12516.842,0,0.0,False,False,False,target_roles,True,target_roles,False,False,missing_role_target,2,,,False,False,False,False,-1003.0
run-a2ca80c801553512,SC-D-07,no_memory,1,preference_change,medium,high,medium,clarification,True,0,,,,,,,,,,0,1.0,1.0,2,12654.997,0,0.0,False,False,False,target_roles,True,target_roles,False,False,missing_role_target,2,,,False,False,False,False,-1003.0
run-1b37609264e248c0,SC-D-07,no_memory,2,preference_change,medium,high,medium,clarification,True,0,,,,,,,,,,0,1.0,1.0,2,12636.634,0,0.0,False,False,False,target_roles,True,target_roles,False,False,missing_role_target,2,,,False,False,False,False,-1003.0
run-6d92fcd11a699c8c,SC-D-08,no_memory,0,preference_change,medium,high,medium,clarification,True,0,,,,,,,,,,0,1.0,1.0,2,16657.358,0,0.0,False,False,False,target_roles,True,target_roles,False,False,missing_role_target,2,,,False,False,False,False,-1003.0
run-1281f9efa94328d8,SC-D-08,no_memory,1,preference_change,medium,high,medium,clarification,True,0,,,,,,,,,,0,1.0,1.0,2,13226.966,0,0.0,False,False,False,target_roles,True,target_roles,False,False,missing_role_target,2,,,False,False,False,False,-1003.0
run-73cc4fda0892f1bf,SC-D-08,no_memory,2,preference_change,medium,high,medium,clarification,True,0,,,,,,,,,,0,1.0,1.0,2,14848.649,0,0.0,False,False,False,target_roles,True,target_roles,False,False,missing_role_target,2,,,False,False,False,False,-1003.0
run-0b102f3ae0edc176,SC-D-09,no_memory,0,preference_change,hard,high,medium,clarification,True,0,,,,,,,,,,0,1.0,1.0,2,12934.58,0,0.0,False,False,False,target_roles,True,target_roles,False,False,missing_role_target,2,,,False,False,False,False,-1003.0
run-89253ae01bd781cf,SC-D-09,no_memory,1,preference_change,hard,high,medium,clarification,True,0,,,,,,,,,,0,1.0,1.0,2,11905.668,0,0.0,False,False,False,target_roles,True,target_roles,False,False,missing_role_target,2,,,False,False,False,False,-1003.0
run-edaf8e785944ecdb,SC-D-09,no_memory,2,preference_change,hard,high,medium,clarification,True,0,,,,,,,,,,0,1.0,1.0,2,13805.576,0,0.0,False,False,False,target_roles,True,target_roles,False,False,missing_role_target,2,,,False,False,False,False,-1003.0
run-a2e4833e2349faeb,SC-D-10,no_memory,0,preference_change,medium,high,medium,clarification,True,0,,,,,,,,,,0,1.0,1.0,2,11619.939,0,0.0,False,False,False,target_roles,True,target_roles,False,False,missing_role_target,2,,,False,False,False,False,-1003.0
run-325372440cdf221e,SC-D-10,no_memory,1,preference_change,medium,high,medium,clarification,True,0,,,,,,,,,,0,1.0,1.0,2,11774.061,0,0.0,False,False,False,target_roles,True,target_roles,False,False,missing_role_target,2,,,False,False,False,False,-1003.0
run-71c8aa5fc8fbbfc7,SC-D-10,no_memory,2,preference_change,medium,high,medium,clarification,True,0,,,,,,,,,,0,1.0,1.0,2,15604.28,0,0.0,False,False,False,target_roles,True,target_roles,False,False,missing_role_target,2,,,False,False,False,False,-1003.0
run-432de8cee54482b8,SC-D-11,no_memory,0,preference_change,medium,high,medium,clarification,True,0,,,,,,,,,,0,1.0,1.0,3,12492.951,0,0.0,False,False,False,target_roles,True,target_roles,True,False,missing_role_target,3,,,False,False,False,False,-1004.0
run-2af7f2888d1b451e,SC-D-11,no_memory,1,preference_change,medium,high,medium,clarification,True,0,,,,,,,,,,0,1.0,1.0,3,12841.3,0,0.0,False,False,False,target_roles,True,target_roles,True,False,missing_role_target,3,,,False,False,False,False,-1004.0
run-7a0eba9aed29f1cc,SC-D-11,no_memory,2,preference_change,medium,high,medium,clarification,True,0,,,,,,,,,,0,1.0,1.0,3,16081.615,0,0.0,False,False,False,target_roles,True,target_roles,True,False,missing_role_target,3,,,False,False,False,False,-1004.0
run-2cc685c10d2f8a41,SC-D-12,no_memory,0,preference_change,hard,high,high,clarification,True,0,,,,,,,,,,0,1.0,1.0,3,19869.473,0,0.0,False,False,False,target_roles,True,target_roles,True,False,missing_role_target,3,,,False,False,False,False,-1004.0
run-049dc7abeb0e6434,SC-D-12,no_memory,1,preference_change,hard,high,high,clarification,True,0,,,,,,,,,,0,1.0,1.0,3,14474.541,0,0.0,False,False,False,target_roles,True,target_roles,True,False,missing_role_target,3,,,False,False,False,False,-1004.0
run-14a7220c135ab4bf,SC-D-12,no_memory,2,preference_change,hard,high,high,clarification,True,0,,,,,,,,,,0,1.0,1.0,3,15480.938,0,0.0,False,False,False,target_roles,True,target_roles,True,False,missing_role_target,3,,,False,False,False,False,-1004.0
run-dbdf26ebdb5132e7,SC-E-01,no_memory,0,multiple_hard,hard,none,high,recommendation,True,2,0.9580414003446834,1.0,3.0,1.0,0.0,0.0,0.0,1.0,1.0,13,1.0,1.0,1,7840.322,1,1.0,False,False,False,,False,,False,False,,1,recommendation,,False,False,False,False,-1.0
run-1fd55274ac27a1ad,SC-E-01,no_memory,1,multiple_hard,hard,none,high,recommendation,True,2,0.9580414003446834,1.0,3.0,1.0,0.0,0.0,0.0,1.0,1.0,13,1.0,1.0,1,7995.57,1,1.0,False,False,False,,False,,False,False,,1,recommendation,,False,False,False,False,-1.0
run-1bf37b5468cb5c13,SC-E-01,no_memory,2,multiple_hard,hard,none,high,recommendation,True,2,0.9580414003446834,1.0,3.0,1.0,0.0,0.0,0.0,1.0,1.0,13,1.0,1.0,1,7429.909,1,1.0,False,False,False,,False,,False,False,,1,recommendation,,False,False,False,False,-1.0
run-7b5b19fb478baa9b,SC-E-02,no_memory,0,multiple_hard,hard,none,high,no_match,True,0,,,,,,,,,1.0,4,1.0,1.0,1,7444.033,1,1.0,True,True,False,,False,,False,False,,1,no_match,,False,False,False,False,-1.0
run-9b02da3e01c07c22,SC-E-02,no_memory,1,multiple_hard,hard,none,high,no_match,True,0,,,,,,,,,1.0,4,1.0,1.0,1,7902.833,1,1.0,True,True,False,,False,,False,False,,1,no_match,,False,False,False,False,-1.0
run-bc3624200c2d51a5,SC-E-02,no_memory,2,multiple_hard,hard,none,high,no_match,True,0,,,,,,,,,1.0,3,1.0,1.0,1,7882.811,1,1.0,True,True,False,,False,,False,False,,1,no_match,,False,False,False,False,-1.0
run-e0a7c1b60ff738b5,SC-E-03,no_memory,0,multiple_hard,hard,none,high,recommendation,True,2,0.7428223494387413,1.0,3.0,1.0,0.0,0.0,0.0,1.0,1.0,13,1.0,1.0,1,8623.48,1,1.0,False,False,False,,False,,False,False,,1,recommendation,,False,False,False,False,-1.0
run-4d218d9fcc38ce59,SC-E-03,no_memory,1,multiple_hard,hard,none,high,recommendation,True,2,0.7428223494387413,1.0,3.0,1.0,0.0,0.0,0.0,1.0,1.0,13,1.0,1.0,1,9894.603,1,1.0,False,False,False,,False,,False,False,,1,recommendation,,False,False,False,False,-1.0
run-fe59b9efc3885f73,SC-E-03,no_memory,2,multiple_hard,hard,none,high,recommendation,True,2,0.7428223494387413,1.0,3.0,1.0,0.0,0.0,0.0,1.0,1.0,13,1.0,1.0,1,8443.701,1,1.0,False,False,False,,False,,False,False,,1,recommendation,,False,False,False,False,-1.0
run-121405779c5ecf84,SC-E-04,no_memory,0,multiple_hard,hard,none,high,no_match,True,0,,,,,,,,,1.0,3,1.0,1.0,1,7569.72,1,1.0,True,True,False,,False,,False,False,,1,no_match,,False,False,False,False,-1.0
run-98010feb2c8c5689,SC-E-04,no_memory,1,multiple_hard,hard,none,high,no_match,True,0,,,,,,,,,1.0,3,1.0,1.0,1,9401.458,1,1.0,True,True,False,,False,,False,False,,1,no_match,,False,False,False,False,-1.0
run-1fc16413505ee60d,SC-E-04,no_memory,2,multiple_hard,hard,none,high,no_match,True,0,,,,,,,,,1.0,3,1.0,1.0,1,9303.031,1,1.0,True,True,False,,False,,False,False,,1,no_match,,False,False,False,False,-1.0
run-919f51abfec8c8db,SC-E-05,no_memory,0,multiple_hard,hard,none,high,recommendation,True,2,0.9072836011519267,1.0,2.0,1.0,0.0,0.0,0.0,1.0,1.0,11,1.0,1.0,1,8711.67,1,1.0,False,False,False,,False,,False,False,,1,recommendation,,False,False,False,False,-1.0
run-dcbafbc9860185b5,SC-E-05,no_memory,1,multiple_hard,hard,none,high,recommendation,True,2,0.9072836011519267,1.0,2.0,1.0,0.0,0.0,0.0,1.0,1.0,11,1.0,1.0,1,8357.284,1,1.0,False,False,False,,False,,False,False,,1,recommendation,,False,False,False,False,-1.0
run-1684c248827617ea,SC-E-05,no_memory,2,multiple_hard,hard,none,high,recommendation,True,2,0.9072836011519267,1.0,2.0,1.0,0.0,0.0,0.0,1.0,1.0,11,1.0,1.0,1,8020.646,1,1.0,False,False,False,,False,,False,False,,1,recommendation,,False,False,False,False,-1.0
run-0a2a4de6b6ab5c00,SC-F-01,no_memory,0,soft_tradeoff,medium,none,low,recommendation,True,5,1.0,1.0,3.0,1.0,0.0,0.0,0.0,1.0,1.0,23,1.0,1.0,1,7984.309,1,1.0,False,False,False,,False,,False,False,,1,recommendation,,False,False,False,False,-1.0
run-f80c373b7aaff283,SC-F-01,no_memory,1,soft_tradeoff,medium,none,low,recommendation,True,5,1.0,1.0,3.0,1.0,0.0,0.0,0.0,1.0,1.0,23,1.0,1.0,1,6744.162,1,1.0,False,False,False,,False,,False,False,,1,recommendation,,False,False,False,False,-1.0
run-e91359e68a472364,SC-F-01,no_memory,2,soft_tradeoff,medium,none,low,recommendation,True,5,1.0,1.0,3.0,1.0,0.0,0.0,0.0,1.0,1.0,23,1.0,1.0,1,6524.191,1,1.0,False,False,False,,False,,False,False,,1,recommendation,,False,False,False,False,-1.0
run-fb1aafadd20ebde6,SC-F-02,no_memory,0,soft_tradeoff,medium,none,low,recommendation,True,5,1.0,1.0,3.0,1.0,0.0,0.0,0.0,1.0,1.0,23,1.0,1.0,1,7690.691,1,1.0,False,False,False,,False,,False,False,,1,recommendation,,False,False,False,False,-1.0
run-f6138a492bce0cbb,SC-F-02,no_memory,1,soft_tradeoff,medium,none,low,recommendation,True,5,1.0,1.0,3.0,1.0,0.0,0.0,0.0,1.0,1.0,23,1.0,1.0,1,6581.831,1,1.0,False,False,False,,False,,False,False,,1,recommendation,,False,False,False,False,-1.0
run-79f50b7fe1692b54,SC-F-02,no_memory,2,soft_tradeoff,medium,none,low,recommendation,True,5,1.0,1.0,3.0,1.0,0.0,0.0,0.0,1.0,1.0,23,1.0,1.0,1,7042.103,1,1.0,False,False,False,,False,,False,False,,1,recommendation,,False,False,False,False,-1.0
run-a56aab848ae18a54,SC-F-03,no_memory,0,soft_tradeoff,easy,none,low,recommendation,True,5,1.0,1.0,3.0,1.0,0.0,0.0,0.0,1.0,1.0,23,1.0,1.0,1,10078.542,1,1.0,False,False,False,,False,,False,False,,1,recommendation,,False,False,False,False,-1.0
run-0001883d9bd6c917,SC-F-03,no_memory,1,soft_tradeoff,easy,none,low,recommendation,True,5,1.0,1.0,3.0,1.0,0.0,0.0,0.0,1.0,1.0,22,1.0,1.0,1,6943.393,1,1.0,False,False,False,,False,,False,False,,1,recommendation,,False,False,False,False,-1.0
run-734e1fd172632db8,SC-F-03,no_memory,2,soft_tradeoff,easy,none,low,recommendation,True,5,1.0,1.0,3.0,1.0,0.0,0.0,0.0,1.0,1.0,23,1.0,1.0,1,8042.958,1,1.0,False,False,False,,False,,False,False,,1,recommendation,,False,False,False,False,-1.0
run-cdeafcfd5084dd18,SC-F-04,no_memory,0,soft_tradeoff,medium,none,low,recommendation,True,5,1.0,1.0,3.0,1.0,0.0,0.0,0.0,1.0,1.0,20,1.0,1.0,1,6712.284,1,1.0,False,False,False,,False,,False,False,,1,recommendation,,False,False,False,False,-1.0
run-b06b80c532647a42,SC-F-04,no_memory,1,soft_tradeoff,medium,none,low,recommendation,True,5,1.0,1.0,3.0,1.0,0.0,0.0,0.0,1.0,1.0,20,1.0,1.0,1,6823.705,1,1.0,False,False,False,,False,,False,False,,1,recommendation,,False,False,False,False,-1.0
run-a6d0952b862bb4da,SC-F-04,no_memory,2,soft_tradeoff,medium,none,low,recommendation,True,5,1.0,1.0,3.0,1.0,0.0,0.0,0.0,1.0,1.0,20,1.0,1.0,1,6711.035,1,1.0,False,False,False,,False,,False,False,,1,recommendation,,False,False,False,False,-1.0
run-6af79e1b5f4731ce,SC-G-01,no_memory,0,ambiguous_role,hard,none,low,recommendation,True,5,0.3316685127789668,0.8,1.8,1.0,0.0,0.0,0.0,1.0,1.0,29,1.0,1.0,1,7966.392,0,0.5,False,False,True,,False,,False,False,,1,recommendation,target_roles,False,False,False,False,-1000001.0
run-ef9b53d52beb6a57,SC-G-01,no_memory,1,ambiguous_role,hard,none,low,recommendation,True,5,0.3316685127789668,0.8,1.8,1.0,0.0,0.0,0.0,1.0,1.0,29,1.0,1.0,1,8050.191,0,0.5,False,False,True,,False,,False,False,,1,recommendation,target_roles,False,False,False,False,-1000001.0
run-b78aa145543eeccb,SC-G-01,no_memory,2,ambiguous_role,hard,none,low,recommendation,True,5,0.3316685127789668,0.8,1.8,1.0,0.0,0.0,0.0,1.0,1.0,29,1.0,1.0,1,7880.198,0,0.5,False,False,True,,False,,False,False,,1,recommendation,target_roles,False,False,False,False,-1000001.0
run-d39a9e3e9d1c3bc7,SC-G-02,no_memory,0,ambiguous_role,hard,none,low,recommendation,True,5,0.6477522099264775,1.0,2.4,1.0,0.0,0.0,0.0,1.0,1.0,16,1.0,1.0,1,6619.899,0,0.5,False,False,True,,False,,False,False,,1,recommendation,target_roles,False,False,False,False,-1000001.0
run-00afa73a28212bb7,SC-G-02,no_memory,1,ambiguous_role,hard,none,low,recommendation,True,5,0.6477522099264775,1.0,2.4,1.0,0.0,0.0,0.0,1.0,1.0,16,1.0,1.0,1,6396.978,0,0.5,False,False,True,,False,,False,False,,1,recommendation,target_roles,False,False,False,False,-1000001.0
run-90bd055df94f932d,SC-G-02,no_memory,2,ambiguous_role,hard,none,low,recommendation,True,5,0.6477522099264775,1.0,2.4,1.0,0.0,0.0,0.0,1.0,1.0,16,1.0,1.0,1,6423.11,0,0.5,False,False,True,,False,,False,False,,1,recommendation,target_roles,False,False,False,False,-1000001.0
run-5c385b682a786f3b,SC-H-01,no_memory,0,no_match,hard,none,high,no_match,True,0,,,,,,,,,1.0,3,1.0,1.0,1,7798.461,1,1.0,True,True,False,,False,,False,False,,1,no_match,,False,False,False,False,-1.0
run-59f6369a3aaa9988,SC-H-01,no_memory,1,no_match,hard,none,high,no_match,True,0,,,,,,,,,1.0,3,1.0,1.0,1,8069.128,1,1.0,True,True,False,,False,,False,False,,1,no_match,,False,False,False,False,-1.0
run-b5598ea157338708,SC-H-01,no_memory,2,no_match,hard,none,high,no_match,True,0,,,,,,,,,1.0,3,1.0,1.0,1,7842.872,1,1.0,True,True,False,,False,,False,False,,1,no_match,,False,False,False,False,-1.0
run-31dbd9bdddad6c33,SC-H-02,no_memory,0,no_match,hard,none,high,no_match,True,0,,,,,,,,,1.0,3,1.0,1.0,1,7970.665,1,1.0,True,True,False,,False,,False,False,,1,no_match,,False,False,False,False,-1.0
run-8f86f593297f5e3e,SC-H-02,no_memory,1,no_match,hard,none,high,no_match,True,0,,,,,,,,,1.0,2,1.0,1.0,1,13296.183,1,1.0,True,True,False,,False,,False,False,,1,no_match,,False,False,False,False,-1.0
run-4b6a30ecfa16c310,SC-H-02,no_memory,2,no_match,hard,none,high,no_match,True,0,,,,,,,,,1.0,3,1.0,1.0,1,7616.217,1,1.0,True,True,False,,False,,False,False,,1,no_match,,False,False,False,False,-1.0
run-3f5ea3bf3348d61a,SC-H-03,no_memory,0,no_match,hard,none,high,no_match,True,0,,,,,,,,,1.0,3,1.0,1.0,1,7800.288,1,1.0,True,True,False,,False,,False,False,,1,no_match,,False,False,False,False,-1.0
run-9271c0b90b950220,SC-H-03,no_memory,1,no_match,hard,none,high,no_match,True,0,,,,,,,,,1.0,3,1.0,1.0,1,8471.026,1,1.0,True,True,False,,False,,False,False,,1,no_match,,False,False,False,False,-1.0
run-6a29c071a0230410,SC-H-03,no_memory,2,no_match,hard,none,high,no_match,True,0,,,,,,,,,1.0,3,1.0,1.0,1,8016.831,1,1.0,True,True,False,,False,,False,False,,1,no_match,,False,False,False,False,-1.0
