scenario_id,variant,scenario_type,difficulty,memory_dependency,context_dependency,ndcg_at_5,precision_at_5,mean_graded_relevance,hcsr,mean_violation_count,unknown_hard_rate,expired_rate,trace_completeness,grounding,handoff_success,decision_log_completeness,turn_count,response_turns,total_latency_ms,task_success,partial_task_score,grounded_claim_count,clarification_efficiency
SC-A-01,full,complete,easy,none,medium,1.0,1.0,3.0,1.0,0.0,0.0,0.0,1.0,1.0,1.0,1.0,1.0,1.0,42417.41466666667,1.0,1.0,28.0,-1.0
SC-A-01,no_context,complete,easy,none,medium,1.0,1.0,3.0,1.0,0.0,0.0,0.0,1.0,1.0,1.0,1.0,1.0,1.0,8285.471666666666,1.0,1.0,28.0,-1.0
SC-A-01,no_memory,complete,easy,none,medium,1.0,1.0,3.0,1.0,0.0,0.0,0.0,1.0,1.0,1.0,1.0,1.0,1.0,9068.216,1.0,1.0,28.0,-1.0
SC-A-02,full,complete,easy,none,medium,1.0,1.0,3.0,1.0,0.0,0.0,0.0,1.0,1.0,1.0,1.0,1.0,1.0,8709.070333333333,1.0,1.0,22.0,-1.0
SC-A-02,no_context,complete,easy,none,medium,0.7860137352654725,0.8000000000000002,2.4,0.8000000000000002,0.20000000000000004,0.0,0.20000000000000004,1.0,1.0,1.0,1.0,1.0,1.0,7996.951333333333,0.0,0.75,21.0,-1.0
SC-A-02,no_memory,complete,easy,none,medium,1.0,1.0,3.0,1.0,0.0,0.0,0.0,1.0,1.0,1.0,1.0,1.0,1.0,7292.217333333334,1.0,1.0,22.0,-1.0
SC-A-03,full,complete,easy,none,medium,0.8510488233360478,1.0,3.0,1.0,0.0,0.0,0.0,1.0,1.0,1.0,1.0,1.0,1.0,10309.432666666666,1.0,1.0,23.0,-1.0
SC-A-03,no_context,complete,easy,none,medium,0.8687949224876581,0.8000000000000002,2.4,0.8000000000000002,0.20000000000000004,0.0,0.20000000000000004,1.0,1.0,1.0,1.0,1.0,1.0,8814.430999999999,0.0,0.75,28.0,-1.0
SC-A-03,no_memory,complete,easy,none,medium,0.8510488233360478,1.0,3.0,1.0,0.0,0.0,0.0,1.0,1.0,1.0,1.0,1.0,1.0,9474.226666666667,1.0,1.0,23.0,-1.0
SC-A-04,full,complete,medium,none,medium,0.8415580415114009,1.0,2.6,1.0,0.0,0.0,0.0,1.0,1.0,1.0,1.0,1.0,1.0,21141.999,0.3333333333333333,0.5,10.666666666666666,-1.0
SC-A-04,no_context,complete,medium,none,medium,0.5147714448836774,0.6,1.8,0.6,0.4000000000000001,0.10000000000000002,0.20000000000000004,1.0,1.0,1.0,1.0,1.0,1.0,9299.280666666667,0.0,0.75,23.0,-1.0
SC-A-04,no_memory,complete,medium,none,medium,0.8415580415114009,1.0,2.6,1.0,0.0,0.0,0.0,1.0,1.0,1.0,1.0,1.0,1.0,8449.329666666667,0.3333333333333333,0.5,10.666666666666666,-1.0
SC-A-05,full,complete,easy,none,medium,1.0,1.0,3.0,1.0,0.0,0.0,0.0,1.0,1.0,1.0,1.0,1.0,1.0,46750.68033333333,1.0,1.0,23.0,-1.0
SC-A-05,no_context,complete,easy,none,medium,0.6608397947263838,0.8000000000000002,2.4,0.8000000000000002,0.4000000000000001,0.10000000000000002,0.20000000000000004,1.0,1.0,1.0,1.0,1.0,1.0,7763.169333333334,0.0,0.75,23.0,-1.0
SC-A-05,no_memory,complete,easy,none,medium,1.0,1.0,3.0,1.0,0.0,0.0,0.0,1.0,1.0,1.0,1.0,1.0,1.0,8679.545666666667,1.0,1.0,23.0,-1.0
SC-A-06,full,complete,medium,none,medium,1.0,1.0,3.0,1.0,0.0,0.0,0.0,1.0,1.0,1.0,1.0,1.0,1.0,10133.747333333333,1.0,1.0,27.0,-1.0
SC-A-06,no_context,complete,medium,none,medium,0.49125969208957576,0.6,1.8,0.6,0.4000000000000001,0.10000000000000002,0.20000000000000004,1.0,1.0,1.0,1.0,1.0,1.0,8654.494666666667,0.0,0.75,27.0,-1.0
SC-A-06,no_memory,complete,medium,none,medium,0.620579069630371,1.0,2.6666666666666665,1.0,0.0,0.0,0.0,1.0,1.0,1.0,1.0,1.0,1.0,7748.713333333333,1.0,1.0,17.666666666666668,-1.0
SC-B-01,full,clarification,medium,none,low,1.0,1.0,2.0,1.0,0.0,0.0,0.0,1.0,1.0,1.0,1.0,2.0,2.0,6772.867000000001,1.0,1.0,31.0,-2.0
SC-B-01,no_context,clarification,medium,none,low,1.0,1.0,2.0,1.0,0.0,0.0,0.0,1.0,1.0,1.0,1.0,2.0,2.0,6104.288666666667,1.0,1.0,31.0,-2.0
SC-B-01,no_memory,clarification,medium,none,low,1.0,1.0,2.0,1.0,0.0,0.0,0.0,1.0,1.0,1.0,1.0,2.0,2.0,5615.218666666667,1.0,1.0,23.0,-2.0
SC-B-02,full,clarification,medium,none,low,1.0,1.0,3.0,1.0,0.0,0.0,0.0,1.0,1.0,1.0,1.0,2.0,2.0,6478.132333333334,1.0,1.0,21.0,-2.0
SC-B-02,no_context,clarification,medium,none,low,0.529634717214042,0.6,1.8,0.6,0.4000000000000001,0.0,0.4000000000000001,1.0,1.0,1.0,1.0,2.0,2.0,5914.860000000001,0.0,0.75,22.0,-2.0
SC-B-02,no_memory,clarification,medium,none,low,1.0,1.0,3.0,1.0,0.0,0.0,0.0,1.0,1.0,1.0,1.0,2.0,2.0,6087.108,1.0,1.0,16.0,-2.0
SC-B-03,full,clarification,hard,none,low,1.0,1.0,3.0,1.0,0.0,0.0,0.0,1.0,1.0,1.0,1.0,2.0,2.0,7166.618333333333,1.0,1.0,21.0,-2.0
SC-B-03,no_context,clarification,hard,none,low,0.8539316501572934,0.8000000000000002,2.4,0.8000000000000002,0.20000000000000004,0.0,0.20000000000000004,1.0,1.0,1.0,1.0,2.0,2.0,8267.310666666666,0.0,0.75,20.0,-2.0
SC-B-03,no_memory,clarification,hard,none,low,1.0,1.0,3.0,1.0,0.0,0.0,0.0,1.0,1.0,1.0,1.0,2.0,2.0,5616.106666666667,1.0,1.0,21.0,-2.0
SC-B-04,full,clarification,medium,none,low,0.8573424901769817,0.8000000000000002,1.8,1.0,0.0,0.0,0.0,1.0,1.0,1.0,1.0,2.0,2.0,6488.2626666666665,1.0,1.0,30.0,-2.0
SC-B-04,no_context,clarification,medium,none,low,0.5417552559952586,0.4000000000000001,1.0,0.6,0.4000000000000001,0.10000000000000002,0.20000000000000004,1.0,1.0,1.0,1.0,2.0,2.0,11600.803,0.0,0.75,32.0,-2.0
SC-B-04,no_memory,clarification,medium,none,low,1.0,1.0,2.0,1.0,0.0,0.0,0.0,1.0,1.0,1.0,1.0,2.0,2.0,5426.765666666667,1.0,1.0,22.0,-2.0
SC-B-05,full,clarification,medium,none,low,1.0,1.0,3.0,1.0,0.0,0.0,0.0,1.0,1.0,1.0,1.0,2.0,2.0,6002.347333333334,1.0,1.0,19.0,-2.0
SC-B-05,no_context,clarification,medium,none,low,0.8539316501572934,0.8000000000000002,2.4,0.8000000000000002,0.20000000000000004,0.0,0.20000000000000004,1.0,1.0,1.0,1.0,2.0,2.0,13677.000999999998,0.0,0.75,19.0,-2.0
SC-B-05,no_memory,clarification,medium,none,low,1.0,1.0,3.0,1.0,0.0,0.0,0.0,1.0,1.0,1.0,1.0,2.0,2.0,6065.262333333333,1.0,1.0,11.0,-2.0
SC-C-01,full,profile_dialogue_conflict,medium,medium,high,0.8050102282292517,1.0,2.4,1.0,0.0,0.0,0.0,1.0,1.0,1.0,1.0,1.0,1.0,8351.997000000001,1.0,1.0,28.0,-1.0
SC-C-01,no_context,profile_dialogue_conflict,medium,medium,high,0.5853451641247318,0.6,1.6000000000000003,0.6,0.4000000000000001,0.0,0.20000000000000004,1.0,1.0,1.0,1.0,1.0,1.0,10650.423666666667,0.0,0.75,28.0,-1.0
SC-C-01,no_memory,profile_dialogue_conflict,medium,medium,high,0.8050102282292517,1.0,2.4,1.0,0.0,0.0,0.0,1.0,1.0,1.0,1.0,1.0,1.0,13095.203000000001,1.0,1.0,28.0,-1.0
SC-C-02,full,profile_dialogue_conflict,medium,medium,medium,1.0,1.0,2.0,1.0,0.0,0.0,0.0,1.0,1.0,1.0,1.0,1.0,1.0,8551.724,1.0,1.0,27.333333333333332,-1.0
SC-C-02,no_context,profile_dialogue_conflict,medium,medium,medium,0.8687949224876584,0.8000000000000002,1.6000000000000003,0.8000000000000002,0.20000000000000004,0.10000000000000002,0.0,1.0,1.0,1.0,1.0,1.0,1.0,9038.949666666667,0.0,0.75,29.0,-1.0
SC-C-02,no_memory,profile_dialogue_conflict,medium,medium,medium,1.0,1.0,2.0,1.0,0.0,0.0,0.0,1.0,1.0,1.0,1.0,1.0,1.0,19959.51166666667,1.0,1.0,27.333333333333332,-1.0
SC-C-03,full,profile_dialogue_conflict,hard,medium,high,0.90976723004651,1.0,2.6,1.0,0.0,0.0,0.0,1.0,1.0,1.0,1.0,1.0,1.0,8639.550333333334,1.0,1.0,26.0,-1.0
SC-C-03,no_context,profile_dialogue_conflict,hard,medium,high,0.5979795890554701,0.4000000000000001,1.2,0.4000000000000001,0.6,0.0,0.20000000000000004,1.0,1.0,1.0,1.0,1.0,1.0,8176.4929999999995,0.0,0.75,26.0,-1.0
SC-C-03,no_memory,profile_dialogue_conflict,hard,medium,high,0.90976723004651,1.0,2.6,1.0,0.0,0.0,0.0,1.0,1.0,1.0,1.0,1.0,1.0,7025.812333333334,1.0,1.0,26.0,-1.0
SC-C-04,full,profile_dialogue_conflict,medium,medium,high,0.8587958726494572,1.0,3.0,1.0,0.0,0.0,0.0,1.0,1.0,1.0,1.0,1.0,1.0,8549.52,1.0,1.0,17.0,-1.0
SC-C-04,no_context,profile_dialogue_conflict,medium,medium,high,0.6572885561341879,0.4000000000000001,1.2,0.4000000000000001,0.8000000000000002,0.13333333333333333,0.20000000000000004,1.0,1.0,1.0,1.0,1.0,1.0,7755.684333333334,0.0,0.75,25.0,-1.0
SC-C-04,no_memory,profile_dialogue_conflict,medium,medium,high,0.8587958726494572,1.0,3.0,1.0,0.0,0.0,0.0,1.0,1.0,1.0,1.0,1.0,1.0,18790.433,1.0,1.0,17.0,-1.0
SC-C-05,full,profile_dialogue_conflict,medium,low,medium,1.0,1.0,3.0,1.0,0.0,0.0,0.0,1.0,1.0,1.0,1.0,1.0,1.0,10039.212,1.0,1.0,23.0,-1.0
SC-C-05,no_context,profile_dialogue_conflict,medium,low,medium,1.0,1.0,3.0,1.0,0.0,0.0,0.0,1.0,1.0,1.0,1.0,1.0,1.0,8840.937,1.0,1.0,23.0,-1.0
SC-C-05,no_memory,profile_dialogue_conflict,medium,low,medium,1.0,1.0,3.0,1.0,0.0,0.0,0.0,1.0,1.0,1.0,1.0,1.0,1.0,8359.196333333333,1.0,1.0,23.0,-1.0
SC-D-01,full,preference_change,medium,high,high,1.0,1.0,3.0,1.0,0.0,0.0,0.0,1.0,1.0,1.0,1.0,2.0,2.0,6731.954000000001,1.0,1.0,26.0,-2.0
SC-D-01,no_context,preference_change,medium,high,high,0.8304198973631921,0.8000000000000002,2.4,0.8000000000000002,0.20000000000000004,0.0,0.20000000000000004,1.0,1.0,1.0,1.0,2.0,2.0,6546.599333333333,0.0,0.75,26.0,-2.0
SC-D-01,no_memory,preference_change,medium,high,high,1.0,1.0,3.0,1.0,0.0,0.0,0.0,1.0,1.0,1.0,1.0,2.0,2.0,7129.718666666667,1.0,1.0,26.0,-2.0
SC-D-02,full,preference_change,medium,high,medium,0.5531464700081438,0.4000000000000001,0.8000000000000002,0.4000000000000001,0.6,0.20000000000000004,0.0,1.0,1.0,1.0,1.0,2.0,2.0,7853.740000000001,0.0,0.75,31.0,-2.0
SC-D-02,no_context,preference_change,medium,high,medium,0.5531464700081438,0.4000000000000001,0.8000000000000002,0.4000000000000001,0.6,0.20000000000000004,0.0,1.0,1.0,1.0,1.0,2.0,2.0,8045.928333333333,0.0,0.75,28.0,-2.0
SC-D-02,no_memory,preference_change,medium,high,medium,0.3391602052736162,0.20000000000000004,0.4000000000000001,0.20000000000000004,0.8000000000000002,0.20000000000000004,0.0,1.0,1.0,1.0,1.0,2.0,2.0,7395.059333333334,0.0,0.75,29.0,-2.0
SC-D-03,full,preference_change,hard,high,high,1.0,1.0,3.0,1.0,0.0,0.0,0.0,1.0,1.0,1.0,1.0,2.0,2.0,6593.659,1.0,1.0,26.0,-2.0
SC-D-03,no_context,preference_change,hard,high,high,0.7227265726449517,0.6,1.8,0.6,0.6,0.10000000000000002,0.4000000000000001,1.0,1.0,1.0,1.0,2.0,2.0,6482.534,0.0,0.75,25.0,-2.0
SC-D-03,no_memory,preference_change,hard,high,high,0.9562649741625527,0.9333333333333332,2.8000000000000003,0.9333333333333332,0.06666666666666667,0.03333333333333333,0.0,1.0,1.0,1.0,1.0,2.0,2.0,6515.089,0.6666666666666666,0.9166666666666666,20.666666666666668,-2.0
SC-D-04,full,preference_change,medium,high,medium,1.0,1.0,3.0,1.0,0.0,0.0,0.0,1.0,1.0,1.0,1.0,2.0,2.0,7336.121666666666,1.0,1.0,28.0,-2.0
SC-D-04,no_context,preference_change,medium,high,medium,0.6608397947263838,0.8000000000000002,2.4,0.8000000000000002,0.4000000000000001,0.10000000000000002,0.20000000000000004,1.0,1.0,1.0,1.0,2.0,2.0,7312.531,0.0,0.75,28.0,-2.0
SC-D-04,no_memory,preference_change,medium,high,medium,0.9030970842075382,1.0,2.7999999999999994,1.0,0.0,0.0,0.0,1.0,1.0,1.0,1.0,2.0,2.0,8265.579666666667,1.0,1.0,28.0,-2.0
SC-D-05,full,preference_change,medium,high,high,1.0,1.0,3.0,1.0,0.0,0.0,0.0,1.0,1.0,1.0,1.0,2.0,2.0,6982.691,1.0,1.0,20.0,-2.0
SC-D-05,no_context,preference_change,medium,high,high,0.8539316501572934,0.8000000000000002,2.4,0.8000000000000002,0.20000000000000004,0.0,0.20000000000000004,1.0,1.0,1.0,1.0,2.0,2.0,6571.236666666667,0.0,0.75,21.0,-2.0
SC-D-05,no_memory,preference_change,medium,high,high,1.0,1.0,3.0,1.0,0.0,0.0,0.0,1.0,1.0,1.0,1.0,2.0,2.0,6696.628333333334,1.0,1.0,20.0,-2.0
SC-D-06,full,preference_change,medium,high,medium,1.0,1.0,3.0,1.0,0.0,0.0,0.0,1.0,1.0,1.0,1.0,2.0,2.0,8232.963666666667,1.0,1.0,28.0,-2.0
SC-D-06,no_context,preference_change,medium,high,medium,1.0,1.0,3.0,1.0,0.0,0.0,0.0,1.0,1.0,1.0,1.0,2.0,2.0,10957.801333333335,1.0,1.0,28.0,-2.0
SC-D-06,no_memory,preference_change,medium,high,medium,,,,,,,,,,1.0,1.0,2.0,2.0,14350.190333333334,0.0,0.0,0.0,-1003.0
SC-D-07,full,preference_change,medium,high,medium,1.0,1.0,3.0,1.0,0.0,0.0,0.0,1.0,1.0,1.0,1.0,2.0,2.0,7378.266333333333,1.0,1.0,21.333333333333332,-2.0
SC-D-07,no_context,preference_change,medium,high,medium,0.7860137352654725,0.8000000000000002,2.4,0.8000000000000002,0.20000000000000004,0.0,0.20000000000000004,1.0,1.0,1.0,1.0,2.0,2.0,7293.686666666667,0.0,0.75,21.0,-2.0
SC-D-07,no_memory,preference_change,medium,high,medium,,,,,,,,,,1.0,1.0,2.0,2.0,12602.824333333332,0.0,0.0,0.0,-1003.0
SC-D-08,full,preference_change,medium,high,medium,1.0,1.0,3.0,1.0,0.0,0.0,0.0,1.0,1.0,1.0,1.0,2.0,2.0,8671.744666666666,1.0,1.0,28.0,-2.0
SC-D-08,no_context,preference_change,medium,high,medium,0.8687949224876581,0.8000000000000002,2.4,0.8000000000000002,0.20000000000000004,0.0,0.20000000000000004,1.0,1.0,1.0,1.0,2.0,2.0,9838.216666666667,0.0,0.75,28.0,-2.0
SC-D-08,no_memory,preference_change,medium,high,medium,,,,,,,,,,1.0,1.0,2.0,2.0,14910.991,0.0,0.0,0.0,-1003.0
SC-D-09,full,preference_change,hard,high,medium,0.8415580415114009,1.0,2.6,1.0,0.0,0.0,0.0,1.0,1.0,1.0,1.0,2.0,2.0,8129.671333333335,0.3333333333333333,0.5,10.0,-2.0
SC-D-09,no_context,preference_change,hard,high,medium,0.5147714448836774,0.6,1.8,0.6,0.4000000000000001,0.10000000000000002,0.20000000000000004,1.0,1.0,1.0,1.0,2.0,2.0,9885.529,0.0,0.75,23.0,-2.0
SC-D-09,no_memory,preference_change,hard,high,medium,,,,,,,,,,1.0,1.0,2.0,2.0,12881.941333333334,0.0,0.0,0.0,-1003.0
SC-D-10,full,preference_change,medium,high,medium,1.0,1.0,3.0,1.0,0.0,0.0,0.0,1.0,1.0,1.0,1.0,2.0,2.0,7258.627,1.0,1.0,23.0,-2.0
SC-D-10,no_context,preference_change,medium,high,medium,0.529634717214042,0.6,1.8,0.6,0.6,0.10000000000000002,0.4000000000000001,1.0,1.0,1.0,1.0,2.0,2.0,8689.633333333333,0.0,0.75,23.0,-2.0
SC-D-10,no_memory,preference_change,medium,high,medium,,,,,,,,,,1.0,1.0,2.0,2.0,12999.426666666666,0.0,0.0,0.0,-1003.0
SC-D-11,full,preference_change,medium,high,medium,0.9250256699929476,1.0,2.7999999999999994,1.0,0.0,0.0,0.0,1.0,1.0,1.0,1.0,3.0,3.0,7107.666666666667,1.0,1.0,27.0,-3.0
SC-D-11,no_context,preference_change,medium,high,medium,0.8304198973631921,0.8000000000000002,2.4,0.8000000000000002,0.20000000000000004,0.10000000000000002,0.0,1.0,1.0,1.0,1.0,3.0,3.0,7058.94,0.0,0.75,26.0,-3.0
SC-D-11,no_memory,preference_change,medium,high,medium,,,,,,,,,,1.0,1.0,3.0,3.0,13805.288666666665,0.0,0.0,0.0,-1004.0
SC-D-12,full,preference_change,hard,high,high,0.8058380163828299,1.0,2.733333333333333,1.0,0.0,0.0,0.0,1.0,1.0,1.0,1.0,3.0,3.0,7290.776333333332,1.0,1.0,23.0,-3.0
SC-D-12,no_context,preference_change,hard,high,high,0.7398189798621514,0.6,1.8,0.6,0.4000000000000001,0.0,0.0,1.0,1.0,1.0,1.0,3.0,3.0,7140.898666666667,0.0,0.75,28.0,-3.0
SC-D-12,no_memory,preference_change,hard,high,high,,,,,,,,,,1.0,1.0,3.0,3.0,16608.317333333336,0.0,0.0,0.0,-1004.0
SC-E-01,full,multiple_hard,hard,none,high,0.9580414003446834,1.0,3.0,1.0,0.0,0.0,0.0,1.0,1.0,1.0,1.0,1.0,1.0,8945.689,1.0,1.0,13.0,-1.0
SC-E-01,no_context,multiple_hard,hard,none,high,0.8404085891102678,0.4000000000000001,1.2,0.4000000000000001,0.6,0.10000000000000002,0.0,1.0,1.0,1.0,1.0,1.0,1.0,8402.263,0.0,0.75,26.0,-1.0
SC-E-01,no_memory,multiple_hard,hard,none,high,0.9580414003446834,1.0,3.0,1.0,0.0,0.0,0.0,1.0,1.0,1.0,1.0,1.0,1.0,7755.267,1.0,1.0,13.0,-1.0
SC-E-02,full,multiple_hard,hard,none,high,,,,,,,,,1.0,1.0,1.0,1.0,1.0,8614.525,1.0,1.0,4.0,-1.0
SC-E-02,no_context,multiple_hard,hard,none,high,0.0,0.0,0.0,0.0,1.2,0.0,0.20000000000000004,1.0,1.0,1.0,1.0,1.0,1.0,20513.233333333334,0.0,0.5,25.0,-1.0
SC-E-02,no_memory,multiple_hard,hard,none,high,,,,,,,,,1.0,1.0,1.0,1.0,1.0,7743.225666666666,1.0,1.0,3.6666666666666665,-1.0
SC-E-03,full,multiple_hard,hard,none,high,0.7428223494387413,1.0,3.0,1.0,0.0,0.0,0.0,1.0,1.0,1.0,1.0,1.0,1.0,9168.964,1.0,1.0,13.0,-1.0
SC-E-03,no_context,multiple_hard,hard,none,high,0.651615141503056,0.4000000000000001,1.2,0.4000000000000001,1.0,0.15,0.20000000000000004,1.0,1.0,1.0,1.0,1.0,1.0,10554.153666666667,0.0,0.75,27.0,-1.0
SC-E-03,no_memory,multiple_hard,hard,none,high,0.7428223494387413,1.0,3.0,1.0,0.0,0.0,0.0,1.0,1.0,1.0,1.0,1.0,1.0,8987.261333333334,1.0,1.0,13.0,-1.0
SC-E-04,full,multiple_hard,hard,none,high,,,,,,,,,1.0,1.0,1.0,1.0,1.0,8435.896999999999,1.0,1.0,3.3333333333333335,-1.0
SC-E-04,no_context,multiple_hard,hard,none,high,,,,0.0,1.8,0.15,0.20000000000000004,1.0,1.0,1.0,1.0,1.0,1.0,10914.108999999999,0.0,0.5,23.0,-1.0
SC-E-04,no_memory,multiple_hard,hard,none,high,,,,,,,,,1.0,1.0,1.0,1.0,1.0,8758.069666666668,1.0,1.0,3.0,-1.0
SC-E-05,full,multiple_hard,hard,none,high,0.9072836011519266,1.0,2.0,1.0,0.0,0.0,0.0,1.0,1.0,1.0,1.0,1.0,1.0,20453.519333333334,1.0,1.0,11.0,-1.0
SC-E-05,no_context,multiple_hard,hard,none,high,0.0,0.0,0.0,0.0,2.2,0.20000000000000004,0.4000000000000001,1.0,1.0,1.0,1.0,1.0,1.0,8572.407333333334,0.0,0.75,26.0,-1.0
SC-E-05,no_memory,multiple_hard,hard,none,high,0.9072836011519266,1.0,2.0,1.0,0.0,0.0,0.0,1.0,1.0,1.0,1.0,1.0,1.0,8363.199999999999,1.0,1.0,11.0,-1.0
SC-F-01,full,soft_tradeoff,medium,none,low,1.0,1.0,3.0,1.0,0.0,0.0,0.0,1.0,1.0,1.0,1.0,1.0,1.0,6320.497666666667,1.0,1.0,23.0,-1.0
SC-F-01,no_context,soft_tradeoff,medium,none,low,1.0,1.0,3.0,1.0,0.0,0.0,0.0,1.0,1.0,1.0,1.0,1.0,1.0,7117.852,1.0,1.0,23.0,-1.0
SC-F-01,no_memory,soft_tradeoff,medium,none,low,1.0,1.0,3.0,1.0,0.0,0.0,0.0,1.0,1.0,1.0,1.0,1.0,1.0,7084.220666666667,1.0,1.0,23.0,-1.0
SC-F-02,full,soft_tradeoff,medium,none,low,1.0,1.0,3.0,1.0,0.0,0.0,0.0,1.0,1.0,1.0,1.0,1.0,1.0,7522.992000000001,1.0,1.0,23.0,-1.0
SC-F-02,no_context,soft_tradeoff,medium,none,low,1.0,1.0,3.0,1.0,0.0,0.0,0.0,1.0,1.0,1.0,1.0,1.0,1.0,7508.776999999999,1.0,1.0,23.0,-1.0
SC-F-02,no_memory,soft_tradeoff,medium,none,low,1.0,1.0,3.0,1.0,0.0,0.0,0.0,1.0,1.0,1.0,1.0,1.0,1.0,7104.875,1.0,1.0,23.0,-1.0
SC-F-03,full,soft_tradeoff,easy,none,low,1.0,1.0,3.0,1.0,0.0,0.0,0.0,1.0,1.0,1.0,1.0,1.0,1.0,7634.379333333333,1.0,1.0,22.333333333333332,-1.0
SC-F-03,no_context,soft_tradeoff,easy,none,low,1.0,1.0,3.0,1.0,0.0,0.0,0.0,1.0,1.0,1.0,1.0,1.0,1.0,11687.331,1.0,1.0,22.333333333333332,-1.0
SC-F-03,no_memory,soft_tradeoff,easy,none,low,1.0,1.0,3.0,1.0,0.0,0.0,0.0,1.0,1.0,1.0,1.0,1.0,1.0,8354.964333333333,1.0,1.0,22.666666666666668,-1.0
SC-F-04,full,soft_tradeoff,medium,none,low,1.0,1.0,3.0,1.0,0.0,0.0,0.0,1.0,1.0,1.0,1.0,1.0,1.0,8041.093666666667,1.0,1.0,20.0,-1.0
SC-F-04,no_context,soft_tradeoff,medium,none,low,0.6608397947263838,0.8000000000000002,2.4,0.8000000000000002,0.20000000000000004,0.0,0.20000000000000004,1.0,1.0,1.0,1.0,1.0,1.0,6637.002,0.0,0.75,20.0,-1.0
SC-F-04,no_memory,soft_tradeoff,medium,none,low,1.0,1.0,3.0,1.0,0.0,0.0,0.0,1.0,1.0,1.0,1.0,1.0,1.0,6749.007999999999,1.0,1.0,20.0,-1.0
SC-G-01,full,ambiguous_role,hard,none,low,0.3316685127789668,0.8000000000000002,1.8,1.0,0.0,0.0,0.0,1.0,1.0,1.0,1.0,1.0,1.0,7808.068666666666,0.0,0.5,29.0,-1000001.0
SC-G-01,no_context,ambiguous_role,hard,none,low,0.3316685127789668,0.8000000000000002,1.8,1.0,0.0,0.0,0.0,1.0,1.0,1.0,1.0,1.0,1.0,7320.213,0.0,0.5,29.0,-1000001.0
SC-G-01,no_memory,ambiguous_role,hard,none,low,0.3316685127789668,0.8000000000000002,1.8,1.0,0.0,0.0,0.0,1.0,1.0,1.0,1.0,1.0,1.0,7965.593666666667,0.0,0.5,29.0,-1000001.0
SC-G-02,full,ambiguous_role,hard,none,low,0.6477522099264775,1.0,2.4,1.0,0.0,0.0,0.0,1.0,1.0,1.0,1.0,1.0,1.0,6232.876666666667,0.0,0.5,16.0,-1000001.0
SC-G-02,no_context,ambiguous_role,hard,none,low,0.4610028261682071,0.6,1.6000000000000003,0.6,0.4000000000000001,0.0,0.4000000000000001,1.0,1.0,1.0,1.0,1.0,1.0,6679.299333333333,0.0,0.25,17.0,-1000001.0
SC-G-02,no_memory,ambiguous_role,hard,none,low,0.6477522099264775,1.0,2.4,1.0,0.0,0.0,0.0,1.0,1.0,1.0,1.0,1.0,1.0,6479.995666666667,0.0,0.5,16.0,-1000001.0
SC-H-01,full,no_match,hard,none,high,,,,,,,,,1.0,1.0,1.0,1.0,1.0,8709.888333333334,1.0,1.0,3.0,-1.0
SC-H-01,no_context,no_match,hard,none,high,,,,0.0,1.3999999999999997,0.13333333333333333,0.20000000000000004,1.0,1.0,1.0,1.0,1.0,1.0,7717.370333333333,0.0,0.5,21.0,-1.0
SC-H-01,no_memory,no_match,hard,none,high,,,,,,,,,1.0,1.0,1.0,1.0,1.0,7903.487,1.0,1.0,3.0,-1.0
SC-H-02,full,no_match,hard,none,high,,,,0.0,2.0,0.06666666666666667,0.0,1.0,1.0,1.0,1.0,1.0,1.0,15736.102999999997,0.6666666666666666,0.8333333333333334,9.333333333333334,-1.0
SC-H-02,no_context,no_match,hard,none,high,,,,0.0,1.6000000000000003,0.20000000000000004,0.4000000000000001,1.0,1.0,1.0,1.0,1.0,1.0,8392.912,0.0,0.5,22.0,-1.0
SC-H-02,no_memory,no_match,hard,none,high,,,,,,,,,1.0,1.0,1.0,1.0,1.0,9627.688333333334,1.0,1.0,2.6666666666666665,-1.0
SC-H-03,full,no_match,hard,none,high,,,,,,,,,1.0,1.0,1.0,1.0,1.0,8207.608999999999,1.0,1.0,3.0,-1.0
SC-H-03,no_context,no_match,hard,none,high,,,,0.0,1.6000000000000003,0.20000000000000004,0.0,1.0,1.0,1.0,1.0,1.0,1.0,8895.983999999999,0.0,0.5,18.0,-1.0
SC-H-03,no_memory,no_match,hard,none,high,,,,,,,,,1.0,1.0,1.0,1.0,1.0,8096.048333333333,1.0,1.0,3.0,-1.0
